"tree_id","latitude","longitude","tree_dbh","spc_common","health"
"178382","40.7337165","-73.97705764","12","London planetree","Fair"
"191988","40.72663958","-73.99936836","6","willow oak","Good"
"198121","40.74503399","-73.98253015","8","pin oak","Fair"
"195252","40.73599985","-73.99985935","5","pin oak","Good"
"192814","40.73998079","-74.00504966","7","pin oak","Good"
"175693","40.74829709","-73.98065645","4","ginkgo","Good"
"191273","40.73943979","-73.98436755","8","honeylocust","Fair"
"176850","40.73570804","-73.98261517","7","ginkgo","Fair"
"178606","40.74780138","-73.97857966","7","honeylocust","Good"
"201410","40.72311463","-73.9903307","3","ginkgo","Good"
"200471","40.75757044","-73.98285452","4","ginkgo","Good"
"195995","40.74486653","-73.98598251","3","honeylocust","Fair"
"187229","40.75235028","-73.97971637","4","honeylocust","Fair"
"206381","40.73815531","-73.98054734","10","ginkgo","Good"
"206382","40.73824263","-73.98048352","11","honeylocust","Good"
"191268","40.739211","-73.98381722","9","ginkgo","Good"
"198018","40.75019786","-73.97469992","8","ginkgo","Poor"
"198020","40.75041366","-73.97454407","6","ginkgo","Poor"
"200363","40.75689625","-73.98317757","10","ginkgo","Good"
"178385","40.73357762","-73.97672526","19","London planetree","Fair"
"178387","40.73346807","-73.97646308","4","London planetree","Good"
"191989","40.72666328","-73.99941653","5","willow oak","Good"
"191378","40.73974645","-73.9850924","4","honeylocust","Good"
"175704","40.74791179","-73.98052056","4","Sophora","Good"
"120819","40.74797175","-74.00705779","3","swamp white oak","Fair"
"192803","40.73951749","-74.00396884","5","Japanese zelkova","Good"
"176350","40.73616366","-73.98067313","6","honeylocust","Good"
"162814","40.72569708","-73.97909807","3","Sophora","Fair"
"195249","40.73588436","-73.9995854","15","ginkgo","Good"
"200364","40.75685573","-73.98308165","7","ginkgo","Good"
"176849","40.73563404","-73.98266889","7","ginkgo","Good"
"197862","40.74990774","-73.97654061","14","Sophora","Good"
"196005","40.74452808","-73.9854111","6","honeylocust","Good"
"203268","40.7327581","-73.9847638","7","honeylocust","Good"
"173727","40.73689499","-74.00358611","20","Ohio buckeye","Good"
"195309","40.7357081","-73.99817893","14","Sophora","Good"
"192713","40.73791181","-74.00199676","12","Callery pear","Good"
"178575","40.74865418","-73.97795891","10","ginkgo","Good"
"191379","40.73986146","-73.98536217","5","Japanese zelkova","Fair"
"191380","40.7398883","-73.98542513","6","Japanese zelkova","Fair"
"161141","40.73722897","-74.00564484","9","Sophora","Fair"
"174141","40.75376323","-73.96638946","4","Norway maple","Good"
"182258","40.74704876","-73.99280743","4","Sophora","Good"
"173517","40.73520205","-74.00582898","8",,
"176839","40.74033544","-73.97729531","2","American linden","Good"
"200469","40.75765083","-73.98304478","4","ginkgo","Good"
"161140","40.73712447","-74.00566547","11","Sophora","Fair"
"178506","40.72999096","-73.98829794","10","Norway maple","Good"
"200371","40.75715997","-73.98223654","9","pin oak","Good"
"176842","40.74021106","-73.97738586","14","mulberry","Good"
"196030","40.74668938","-73.98064292","10","Sophora","Good"
"192057","40.72813901","-74.00239005","8","northern red oak","Good"
"206383","40.73832995","-73.98041969","9","honeylocust","Good"
"195253","40.73605973","-74.00000137","11","ginkgo","Good"
"178343","40.73418424","-73.97819267","19","London planetree","Good"
"160787","40.728764","-73.97874426","3","Amur maple","Good"
"192805","40.73963797","-74.00424989","6","Japanese zelkova","Good"
"173472","40.73615968","-74.00400565","17","American linden","Good"
"173474","40.73619602","-74.00374514","12","honeylocust","Good"
"191891","40.72457568","-73.99390133","6","Japanese zelkova","Good"
"178572","40.74905627","-73.9776674","12","American elm","Good"
"198113","40.74455271","-73.98138805","6","Japanese zelkova","Fair"
"195980","40.74546931","-73.98520182","3",,
"170389","40.73124483","-73.98633627","19","littleleaf linden","Good"
"200493","40.75771037","-73.98288762","4",,
"196051","40.74668429","-73.98454526","5","ginkgo","Fair"
"136646","40.72345123","-73.98530834","6","black cherry","Good"
"198117","40.74464396","-73.9816046","4","Japanese zelkova","Fair"
"194683","40.73690405","-73.99975421","9","Sophora","Good"
"198338","40.74414068","-73.9801313","10","pin oak","Fair"
"192379","40.7515513","-73.99175365","4","Callery pear","Fair"
"178573","40.74899564","-73.97771193","13","American elm","Good"
"195532","40.7351854","-74.00014346","17","Sophora","Good"
"195251","40.73597258","-73.99979465","6","pin oak","Fair"
"198337","40.74417854","-73.9802213","11","pin oak","Fair"
"170397","40.73185779","-73.98778566","3","green ash","Good"
"160781","40.72910958","-73.97956172","10","pin oak","Good"
"160782","40.72906345","-73.9794526","10","pin oak","Good"
"209608","40.72551012","-74.00027277","7","ginkgo","Good"
"174249","40.75320222","-73.96469389","16","ginkgo","Good"
"206417","40.73837794","-73.98016699","8","honeylocust","Good"
"174202","40.74991592","-73.96916843","14","Sophora","Good"
"195308","40.73559652","-73.99825964","13",,
"182261","40.74638074","-73.99121011","2","Sophora","Fair"
"73491","40.73475714","-73.99665054","26","black walnut","Good"
"206380","40.73806847","-73.98061081","9","honeylocust","Good"
"195250","40.73593186","-73.99969807","7","ginkgo","Fair"
"176843","40.74013566","-73.97744075","15","mulberry","Good"
"197780","40.75030163","-73.9752872","7",,
"198336","40.74421095","-73.98029836","13","pin oak","Fair"
"172417","40.73042497","-73.98339589","3","sawtooth oak","Good"
"173201","40.73630834","-74.00351888","9","Sophora","Good"
"195254","40.73610497","-74.00010868","12","Sophora","Good"
"182330","40.74571646","-73.99089075","4","littleleaf linden","Fair"
"178626","40.74739401","-73.97887588","8","pin oak","Fair"
"173736","40.73705119","-74.00249972","10","green ash","Good"
"141352","40.75687382","-73.99853915","4","swamp white oak","Good"
"73131","40.72824277","-73.99403662","2","black locust","Good"
"206712","40.73903559","-73.97792121","7","Callery pear","Good"
"176840","40.74029318","-73.97732608","2",,
"160786","40.72879706","-73.97882248","3","Amur maple","Good"
"177220","40.73835063","-73.98178513","4","littleleaf linden","Poor"
"180420","40.72446545","-73.97444388","0",,
"178670","40.74403913","-73.98132351","9","green ash","Good"
"178579","40.7483552","-73.97817576","0",,
"178628","40.74725406","-73.97897864","8","pin oak","Good"
"178648","40.74540176","-73.9803292","5","ginkgo","Good"
"195996","40.74491073","-73.98608852","3","honeylocust","Fair"
"200470","40.75761084","-73.98295012","4","ginkgo","Good"
"187230","40.75230061","-73.97975264","4","honeylocust","Fair"
"195534","40.7352826","-74.00020241","14","Sophora","Fair"
"173632","40.73603877","-74.00412395","10","green ash","Good"
"173732","40.736984","-74.00296704","13","green ash","Good"
"115829","40.74605142","-74.00179339","2","golden raintree","Good"
"178649","40.74524219","-73.98044348","4","ginkgo","Poor"
"196032","40.74659951","-73.98042948","12","Sophora","Fair"
"173518","40.73521422","-74.00574681","14","ginkgo","Good"
"173520","40.73526702","-74.00539051","7","ginkgo","Good"
"198115","40.74460366","-73.98150895","11","littleleaf linden","Good"
"160779","40.72925837","-73.97991368","10","littleleaf linden","Good"
"178625","40.74747069","-73.97881957","7","pin oak","Fair"
"176352","40.73608757","-73.98049342","8","Callery pear","Fair"
"196026","40.7468674","-73.98106569","4","Callery pear","Poor"
"73247","40.72658437","-73.99887375","3","golden raintree","Good"
"172391","40.72441136","-73.98349573","6","Sophora","Good"
"194682","40.7370324","-74.00005881","5","littleleaf linden","Poor"
"200492","40.75760112","-73.98262967","4","Callery pear","Poor"
"200494","40.75775098","-73.98298348","4","Callery pear","Fair"
"197939","40.74922128","-73.9768446","14","Callery pear","Good"
"173527","40.73687667","-74.00309731","12","London planetree","Good"
"173529","40.73692076","-74.00279391","20","willow oak","Good"
"173519","40.73523731","-74.00559098","8","ginkgo","Good"
"174290","40.75348443","-73.96628171","3",,
"176583","40.73658413","-73.98003215","2","Kentucky coffeetree","Good"
"178574","40.74871474","-73.97791498","9","willow oak","Good"
"176355","40.73577654","-73.97975879","11","honeylocust","Good"
"176351","40.73613029","-73.98059431","9","Callery pear","Good"
"176353","40.73603551","-73.98037045","9","Callery pear","Poor"
"192381","40.75145682","-73.99152953","12","Callery pear","Good"
"173659","40.736464","-74.00365823","16","honeylocust","Good"
"176354","40.73589","-73.98002679","11","honeylocust","Good"
"173521","40.73528675","-74.00525734","10","ginkgo","Poor"
"178571","40.74913941","-73.97760632","12","American elm","Good"
"160783","40.72897625","-73.97924634","11","pin oak","Fair"
"174273","40.75344147","-73.96694052","8","pin oak","Good"
"103184","40.72921156","-73.9853541","8","Japanese tree lilac","Good"
"94988","40.73817279","-74.0066445","15","Siberian elm","Good"
"192502","40.73522642","-74.00106854","5","Callery pear","Good"
"198340","40.74403322","-73.97987581","12","pin oak","Good"
"160747","40.73080573","-73.98592896","10","honeylocust","Good"
"182259","40.74700749","-73.99270876","4","Sophora","Good"
"209603","40.72607101","-74.00141398","8","Sophora","Good"
"211687","40.72975033","-74.00406977","5",,
"144165","40.72343984","-73.994671","11","golden raintree","Good"
"172388","40.72414133","-73.98285511","2","Sophora","Fair"
"176841","40.74025236","-73.9773558","15","mulberry","Good"
"73349","40.73484681","-73.995151","13","black walnut","Good"
"174289","40.75340991","-73.96633572","3","Callery pear","Good"
"202335","40.72706628","-73.9913149","19","Callery pear","Good"
"206713","40.73900443","-73.97784655","8","Callery pear","Fair"
"206715","40.73896561","-73.97775354","6","Callery pear","Good"
"174882","40.75347927","-73.96534989","8","ginkgo","Good"
"175457","40.72889574","-73.97876658","11","pin oak","Good"
"163825","40.72319539","-73.97842859","4","pin oak","Good"
"203260","40.73332564","-73.98528062","5","littleleaf linden","Good"
"102348","40.72833655","-73.98168446","14","black locust","Good"
"192501","40.73523725","-74.00099706","18","Callery pear","Good"
"175335","40.74820468","-73.98622761","2","river birch","Good"
"175452","40.7292061","-73.97950244","12","green ash","Good"
"173827","40.73569261","-74.00333878","2","ginkgo","Good"
"168674","40.72888877","-73.97697363","2","golden raintree","Good"
"174282","40.75388413","-73.96799826","11","honeylocust","Good"
"204920","40.73663365","-73.97771678","6","littleleaf linden","Fair"
"206702","40.73937689","-73.97873901","12","honeylocust","Good"
"178405","40.73315593","-73.97573348","16","London planetree","Fair"
"211690","40.72960397","-74.00453604","13","honeylocust","Good"
"178404","40.73320114","-73.97584039","18","London planetree","Fair"
"173522","40.73529787","-74.00518225","11","ginkgo","Fair"
"173473","40.7361777","-74.00387646","15","honeylocust","Good"
"173631","40.73602867","-74.00419709","8","green ash","Good"
"177076","40.73595577","-73.97656582","9","green ash","Good"
"204949","40.73598321","-73.97520909","0",,
"173826","40.73577249","-74.00336196","2","ginkgo","Good"
"206697","40.73963673","-73.97936162","11","honeylocust","Good"
"206699","40.73955698","-73.97917053","12","honeylocust","Good"
"206418","40.73829461","-73.97996779","9","honeylocust","Good"
"195997","40.7449453","-73.98617143","3","honeylocust","Fair"
"174127","40.75285588","-73.96657044","14","honeylocust","Good"
"174276","40.75358572","-73.96728519","12","ginkgo","Good"
"175542","40.7283556","-73.97873074","13","ginkgo","Fair"
"196050","40.74664744","-73.98445741","2","ginkgo","Fair"
"174283","40.75393997","-73.9681317","12","honeylocust","Good"
"174275","40.75354509","-73.96718811","10","ginkgo","Poor"
"174277","40.75362753","-73.96738512","10","ginkgo","Good"
"178406","40.73310979","-73.97562436","18","London planetree","Good"
"211691","40.72957256","-74.0046361","9","honeylocust","Good"
"174305","40.72327017","-73.98566846","9","honeylocust","Poor"
"192330","40.74796711","-73.99525205","8","honeylocust","Good"
"198193","40.74470525","-73.98148869","10","Japanese zelkova","Good"
"206700","40.73952503","-73.97909397","12","honeylocust","Fair"
"198194","40.74466182","-73.98138501","7","northern red oak","Good"
"206489","40.73942097","-73.98072962","11","ginkgo","Poor"
"206581","40.73889317","-73.98111968","8","American linden","Fair"
"197448","40.74331987","-73.98010379","9","honeylocust","Good"
"201385","40.72312762","-73.98981908","7","honeylocust","Good"
"177232","40.73670459","-73.97881952","4","pin oak","Good"
"175545","40.72857716","-73.97857001","4","ginkgo","Good"
"206506","40.73900105","-73.97973807","8","honeylocust","Good"
"198335","40.74426449","-73.98042563","15","pin oak","Good"
"197454","40.74357702","-73.9807123","4","honeylocust","Good"
"175539","40.72817512","-73.97886165","12","ginkgo","Poor"
"206483","40.73993891","-73.98196044","10","ginkgo","Good"
"175543","40.7284325","-73.97867495","12","ginkgo","Good"
"206484","40.73991127","-73.98189476","13","ginkgo","Poor"
"175544","40.72850291","-73.97862388","2","ginkgo","Good"
"198334","40.74429703","-73.980503","9","pin oak","Fair"
"177230","40.73655558","-73.97892756","16","pin oak","Good"
"205164","40.73792599","-73.97758097","3","Japanese zelkova","Good"
"174306","40.72319627","-73.98572242","10",,
"160749","40.73053656","-73.98612566","13","Japanese zelkova","Good"
"177229","40.73640176","-73.97903909","5","pin oak","Good"
"173660","40.73656785","-74.00368752","16","red maple","Poor"
"204950","40.73625863","-73.97518723","0",,
"171577","40.72739078","-73.97518559","3","pin oak","Good"
"206578","40.73873535","-73.98074702","4","pin oak","Good"
"171578","40.72732958","-73.97504043","5",,
"198333","40.74436464","-73.98066375","0",,
"211688","40.72970427","-74.00421652","7","Japanese zelkova","Good"
"171582","40.726892","-73.9740025","3","pin oak","Good"
"211689","40.729685","-74.00427789","7",,
"160784","40.72893866","-73.97915741","11","northern red oak","Good"
"173658","40.73636819","-74.00363122","14","red maple","Good"
"177231","40.73662528","-73.97887703","2","pin oak","Good"
"174304","40.72332943","-73.98562518","10",,
"206431","40.73839561","-73.97992413","7","Japanese zelkova","Poor"
"171579","40.72714611","-73.97460525","4","English oak","Good"
"171663","40.72745211","-73.97649755","9","pin oak","Good"
"168062","40.72507263","-73.97919872","2","Sophora","Good"
"195531","40.73514179","-74.00011701","18","Sophora","Good"
"182370","40.7467481","-73.99590873","8","honeylocust","Good"
"205165","40.73787788","-73.97761646","3","Japanese zelkova","Good"
"206433","40.73846881","-73.98010059","8","Japanese zelkova","Good"
"202089","40.72721354","-73.99134246","12","Chinese elm","Poor"
"206701","40.73940964","-73.97881747","8","American linden","Good"
"194706","40.73764782","-74.00145902","9","pin oak","Fair"
"174199","40.74965085","-73.969363","10","cherry","Fair"
"175541","40.72828687","-73.97878059","11","ginkgo","Good"
"197451","40.74341879","-73.98033785","14","honeylocust","Fair"
"173661","40.73671653","-74.00372944","3",,
"206426","40.7382638","-73.97942137","11","honeylocust","Good"
"206428","40.73831882","-73.97957384","8","honeylocust","Good"
"206371","40.73868985","-73.98089163","4","honeylocust","Good"
"206372","40.73872273","-73.98096999","10","ginkgo","Good"
"206379","40.73922333","-73.9821631","10","honeylocust","Good"
"175540","40.72823063","-73.97882138","10","ginkgo","Fair"
"202108","40.72592106","-73.98708617","3",,
"171623","40.72794529","-73.97589493","10","honeylocust","Fair"
"176448","40.73908694","-73.97773148","8","green ash","Good"
"206373","40.73883966","-73.98124867","2","American linden","Good"
"206377","40.73913132","-73.98194381","7","honeylocust","Good"
"171622","40.72785545","-73.97596021","3","honeylocust","Good"
"174274","40.75347641","-73.967024","8","green ash","Good"
"206698","40.73960451","-73.97928443","8","honeylocust","Good"
"206427","40.73829652","-73.9795023","7","honeylocust","Good"
"171624","40.72804017","-73.97582598","3","honeylocust","Good"
"202047","40.72726708","-73.99026683","14","ginkgo","Poor"
"206764","40.73782503","-73.97799906","8","ginkgo","Fair"
"206507","40.73896089","-73.97964232","7","honeylocust","Good"
"192500","40.73524905","-74.0009192","8","green ash","Good"
"173634","40.73607823","-74.00383851","21","green ash","Good"
"197452","40.7435181","-73.98057287","15","honeylocust","Fair"
"206374","40.73893405","-73.98147364","2","American linden","Good"
"206378","40.73918356","-73.9820683","11","honeylocust","Good"
"206485","40.73965217","-73.98127903","4","ginkgo","Good"
"206369","40.73860819","-73.98069699","4","honeylocust","Good"
"206486","40.73960221","-73.98116031","11","honeylocust","Good"
"202049","40.72743911","-73.99067363","7","honeylocust","Good"
"196001","40.74440625","-73.98650552","4","honeylocust","Good"
"206765","40.73775064","-73.97805336","2","ginkgo","Good"
"206508","40.73891451","-73.97953172","6","honeylocust","Good"
"182495","40.74771026","-73.9962801","11","London planetree","Poor"
"195533","40.73523375","-74.00017279","14","Sophora","Fair"
"197807","40.74987927","-73.97620635","9","Sophora","Good"
"206499","40.738803","-73.98038","3","honeylocust","Good"
"173532","40.73697238","-74.00243877","2","cherry","Good"
"161143","40.73743906","-74.00560337","10","Sophora","Good"
"176844","40.74009292","-73.97747186","13","mulberry","Good"
"202105","40.72613223","-73.9875851","16","Sophora","Poor"
"196002","40.74437203","-73.98642441","4","honeylocust","Good"
"205168","40.73737361","-73.97802777","8","honeylocust","Good"
"174284","40.75397716","-73.96822056","11","honeylocust","Good"
"206579","40.73876393","-73.98081449","4","Sophora","Good"
"140563","40.74944171","-73.97353575","9","Callery pear","Good"
"202336","40.72700354","-73.99123688","15","Callery pear","Fair"
"206714","40.73898542","-73.97780099","7","Callery pear","Good"
"206710","40.73908114","-73.97803035","4","Callery pear","Fair"
"202102","40.72628559","-73.98801793","22","Sophora","Good"
"173824","40.73605177","-74.00344299","9","Sophora","Good"
"202337","40.72695827","-73.99112961","19","Callery pear","Good"
"202101","40.72633629","-73.98813774","18","Sophora","Fair"
"171693","40.75855665","-73.98683191","2","sweetgum","Good"
"202104","40.72617727","-73.98769151","18","Sophora","Good"
"209604","40.72604885","-74.0013688","8","Sophora","Good"
"197808","40.74990766","-73.97627355","7","Sophora","Fair"
"202103","40.72624222","-73.98791547","20","Sophora","Fair"
"140565","40.74934221","-73.9732996","4","Callery pear","Good"
"202100","40.72637933","-73.98823942","19","Sophora","Good"
"202098","40.72658025","-73.98864366","17","Sophora","Good"
"140564","40.74938159","-73.97339305","8","Callery pear","Good"
"206711","40.7390587","-73.97797657","7","Callery pear","Good"
"192356","40.7541827","-73.98702476","8","Callery pear","Good"
"177254","40.73459143","-73.97489384","2","common hackberry","Good"
"151925","40.74906872","-73.96964284","5","dawn redwood","Good"
"196036","40.74644236","-73.98005629","11","Sophora","Good"
"173774","40.73590952","-74.00570073","6","Norway maple","Fair"
"195370","40.73520321","-73.998529","9","Callery pear","Good"
"197810","40.75010038","-73.97672978","5","Callery pear","Poor"
"206580","40.73885632","-73.98103266","5","Callery pear","Good"
"197806","40.74984288","-73.97612022","4","Callery pear","Fair"
"178407","40.73306471","-73.97551777","20","London planetree","Poor"
"197805","40.74969027","-73.97575896","6","Callery pear","Good"
"197456","40.74364861","-73.9808817","11","Callery pear","Fair"
"204931","40.73575265","-73.9756284","5","silver linden","Poor"
"195984","40.74487554","-73.98516089","6","Callery pear","Fair"
"197809","40.75005613","-73.97662503","4","Callery pear","Poor"
"195439","40.73482571","-73.99912487","19","London planetree","Fair"
"171695","40.75843874","-73.98655303","2","sweetgum","Good"
"202048","40.72734976","-73.99046234","4","katsura tree","Fair"
"162821","40.72537677","-73.97833732","3","serviceberry","Good"
"173825","40.73586576","-74.00338902","6","American elm","Good"
"147349","40.74869764","-73.99479007","3","'Schubert' chokecherry","Good"
"174562","40.75426319","-73.96526815","2","hawthorn","Good"
"182327","40.74516307","-73.99129258","6","Callery pear","Fair"
"173828","40.73562561","-74.00331934","8","littleleaf linden","Good"
"149475","40.75202415","-73.97937114","5","littleleaf linden","Good"
"206512","40.73860106","-73.97878439","12","littleleaf linden","Good"
"206430","40.7383625","-73.9798443","9","Japanese zelkova","Good"
"195049","40.73729802","-73.98847247","3",,
"197455","40.74360835","-73.98078643","4","Japanese zelkova","Fair"
"178629","40.7471697","-73.97904057","7","littleleaf linden","Fair"
"206429","40.73832255","-73.97974799","9","Japanese zelkova","Good"
"202085","40.72755729","-73.99120012","10","Chinese elm","Fair"
"178627","40.74732116","-73.97892937","9","littleleaf linden","Good"
"203259","40.73337776","-73.98540436","3","littleleaf linden","Good"
"206510","40.73876673","-73.97917938","14","littleleaf linden","Good"
"206432","40.73843281","-73.98001379","5","Japanese zelkova","Good"
"202086","40.72746746","-73.99124991","9","Chinese elm","Fair"
"176895","40.73565395","-73.97927663","3","Japanese zelkova","Fair"
"203256","40.73364424","-73.98603694","4","littleleaf linden","Good"
"206370","40.73864","-73.98077282","3",,
"149474","40.75207577","-73.97949445","5","littleleaf linden","Good"
"149476","40.75165931","-73.97849977","4","littleleaf linden","Fair"
"206511","40.73866786","-73.97894365","11","littleleaf linden","Good"
"220922","40.74449617","-73.97592239","0",,
"160748","40.73059462","-73.98608324","11","Japanese zelkova","Good"
"206509","40.73881312","-73.97928998","2","littleleaf linden","Good"
"202088","40.72730876","-73.99130776","10","Chinese elm","Good"
"171625","40.72812329","-73.97576559","2","honeylocust","Good"
"171626","40.72819295","-73.97571497","3","honeylocust","Good"
"202099","40.72646883","-73.9883804","15","Sophora","Good"
"202106","40.72608553","-73.98747475","20","Sophora","Good"
"206310","40.73702335","-73.97913065","5","littleleaf linden","Good"
"206434","40.73849562","-73.98016522","9","Japanese zelkova","Good"
"174609","40.75026843","-73.97106454","2","bald cypress","Good"
"176894","40.73573368","-73.97922012","5","Japanese zelkova","Good"
"198999","40.7554199","-73.9813327","7","American linden","Good"
"195440","40.73484071","-73.999021","7","ginkgo","Good"
"202087","40.72737488","-73.99128365","11","Chinese elm","Poor"
"198743","40.755602","-73.98204242","7","ginkgo","Fair"
"199000","40.7553645","-73.98120058","8","American linden","Good"
"174285","40.75401368","-73.96830783","11","honeylocust","Good"
"175343","40.74736422","-73.98423968","4","Japanese zelkova","Good"
"204933","40.73563231","-73.97534314","8","honeylocust","Good"
"171664","40.7273485","-73.97657332","12","American linden","Good"
"206351","40.73735138","-73.97938723","5","honeylocust","Good"
"206633","40.74021914","-73.98197197","6","honeylocust","Good"
"206635","40.74036637","-73.98186716","7","honeylocust","Good"
"196042","40.74541839","-73.98054599","3","honeylocust","Fair"
"206356","40.73770137","-73.98022467","9","honeylocust","Good"
"206706","40.73924143","-73.97841442","7","honeylocust","Good"
"206716","40.73884863","-73.97747324","2","honeylocust","Good"
"196043","40.7453711","-73.98058046","4","honeylocust","Good"
"206357","40.73774486","-73.98032872","14","honeylocust","Good"
"206709","40.73910253","-73.9780816","7","honeylocust","Good"
"174286","40.75405126","-73.96839764","10","honeylocust","Good"
"206349","40.73723705","-73.97911367","7","honeylocust","Good"
"206353","40.73755757","-73.97988058","10","honeylocust","Good"
"199001","40.75566058","-73.98384172","10","ginkgo","Good"
"196044","40.74532453","-73.98061441","5","honeylocust","Fair"
"206354","40.73760555","-73.97999538","12","honeylocust","Good"
"206707","40.73918558","-73.9782806","15","honeylocust","Good"
"217185","40.74809588","-73.98184469","3","northern red oak","Good"
"206348","40.73718762","-73.97899539","8","honeylocust","Good"
"196045","40.7452758","-73.98064993","5","honeylocust","Good"
"206717","40.73880902","-73.97737833","2",,
"206358","40.73783262","-73.98053871","13","honeylocust","Good"
"196040","40.7455413","-73.9804564","5","honeylocust","Fair"
"176892","40.73588974","-73.97910948","10","honeylocust","Good"
"206352","40.73749624","-73.97973384","10","honeylocust","Good"
"206355","40.73765353","-73.98011018","13","honeylocust","Fair"
"206705","40.7392751","-73.97849509","11","honeylocust","Good"
"196031","40.74665508","-73.98056146","10","Sophora","Good"
"206474","40.73864996","-73.98018401","7","honeylocust","Good"
"206704","40.73930797","-73.97857387","3","honeylocust","Good"
"206708","40.73914227","-73.97817683","12","honeylocust","Good"
"206807","40.73731349","-73.97837305","7","honeylocust","Good"
"206739","40.73992102","-73.97965897","2",,
"196039","40.74558955","-73.98042124","5","honeylocust","Good"
"206703","40.73934309","-73.97865802","12","honeylocust","Good"
"176891","40.73601295","-73.97902214","4","honeylocust","Good"
"196041","40.74549497","-73.98049018","3","honeylocust","Fair"
"195982","40.74509088","-73.98500323","6","Callery pear","Poor"
"195540","40.73619707","-74.0007948","13","Callery pear","Fair"
"206632","40.74017038","-73.98200668","8","honeylocust","Good"
"195983","40.74494604","-73.98510927","8","Callery pear","Fair"
"217211","40.74699101","-73.97894776","8","Callery pear","Good"
"206734","40.74021692","-73.98043108","14","ginkgo","Good"
"206583","40.73905019","-73.98149045","7","Callery pear","Fair"
"202050","40.72750578","-73.99083131","6","Callery pear","Good"
"197804","40.74966335","-73.97569523","7","Callery pear","Good"
"176537","40.74021976","-73.97694238","16","mulberry","Good"
"176540","40.7403127","-73.97715975","2","red maple","Fair"
"176536","40.74019501","-73.9768845","20","mulberry","Good"
"205167","40.73763404","-73.97783565","5","Callery pear","Poor"
"202051","40.72755378","-73.99094483","20","Callery pear","Good"
"206738","40.73995803","-73.9797467","2","pin oak","Good"
"194684","40.73687039","-73.99967435","14","Sophora","Good"
"182345","40.7473275","-73.99685535","4","English oak","Fair"
"200368","40.7569752","-73.98237146","9","pin oak","Poor"
"173466","40.7360497","-74.00479393","10","green ash","Good"
"176538","40.74025056","-73.97701442","18","mulberry","Good"
"206732","40.74035058","-73.98074792","8","pin oak","Good"
"221100","40.74450165","-73.97743499","4","pin oak","Good"
"162069","40.72899935","-73.98100989","2","Turkish hazelnut","Fair"
"192633","40.73620204","-74.0018338","12","Callery pear","Good"
"192634","40.73624608","-74.00184605","8","Callery pear","Good"
"202052","40.72759379","-73.99103944","6","Callery pear","Good"
"171692","40.75896081","-73.98778779","5","willow oak","Fair"
"206477","40.73899969","-73.97992753","8","pin oak","Good"
"206475","40.73877029","-73.98009576","8","pin oak","Good"
"173531","40.7369563","-74.00254935","20","willow oak","Good"
"182419","40.74681288","-73.99443028","5","pin oak","Good"
"205127","40.74083577","-73.9745135","5","Japanese zelkova","Fair"
"205095","40.74324658","-73.97252288","8",,
"171758","40.75761808","-73.98848532","2",,
"147348","40.74871462","-73.9948305","4","'Schubert' chokecherry","Good"
"173530","40.73694023","-74.00265993","8","American hophornbeam","Good"
"177842","40.73388456","-73.98054723","6","London planetree","Good"
"177233","40.73675266","-73.97878467","3","pin oak","Good"
"177843","40.73394508","-73.98050174","5","London planetree","Good"
"177844","40.73400656","-73.98045554","5","London planetree","Good"
"176845","40.73947196","-73.9779239","8","green ash","Good"
"177431","40.72883974","-73.97553322","15","London planetree","Good"
"205131","40.74106579","-73.97505925","4",,
"221101","40.74457458","-73.97760878","7","pin oak","Good"
"206347","40.73708901","-73.97875947","12","London planetree","Fair"
"206308","40.73714436","-73.9794179","5","littleleaf linden","Good"
"182295","40.74612409","-73.99279516","2",,
"198742","40.75555616","-73.98193263","9","ginkgo","Good"
"206350","40.73730406","-73.97927401","8","honeylocust","Good"
"217182","40.74801166","-73.98164446","8","honeylocust","Good"
"217179","40.74787405","-73.98131727","4","American linden","Poor"
"217188","40.74828384","-73.98229159","6","honeylocust","Good"
"217186","40.74820162","-73.98209609","7","honeylocust","Good"
"206808","40.7372277","-73.97843604","7","honeylocust","Good"
"206733","40.74026751","-73.980551","10","ginkgo","Fair"
"217180","40.74793874","-73.98147107","8","honeylocust","Good"
"217187","40.74824027","-73.982188","7","honeylocust","Good"
"220943","40.74176088","-73.98085047","9","honeylocust","Good"
"220912","40.74547866","-73.97813925","8","honeylocust","Fair"
"192337","40.74820604","-73.99582479","4","littleleaf linden","Fair"
"176896","40.73556311","-73.97934103","10","honeylocust","Good"
"171760","40.7576949","-73.98866786","8","honeylocust","Fair"
"131448","40.75729151","-74.00441899","2","common hackberry","Good"
"220944","40.74165292","-73.98093084","3","ginkgo","Good"
"197187","40.74399834","-73.9817147","7","honeylocust","Good"
"205090","40.74346351","-73.97302284","8","honeylocust","Fair"
"177249","40.73516348","-73.97503778","3","common hackberry","Good"
"197449","40.7433508","-73.98017697","2","Kentucky coffeetree","Good"
"204924","40.7364743","-73.97733905","3","American elm","Good"
"118968","40.73290306","-73.98761264","5","Kentucky coffeetree","Good"
"197450","40.74339239","-73.98027539","2","Kentucky coffeetree","Good"
"198745","40.75565417","-73.9821674","4","Amur maple","Poor"
"198747","40.75569709","-73.98227023","5","Amur maple","Poor"
"172418","40.73018147","-73.98357309","12","flowering dogwood","Good"
"167281","40.73529222","-73.98406823","4","dawn redwood","Good"
"221153","40.74371822","-73.97572178","15","London planetree","Fair"
"177251","40.73497262","-73.97498976","3","common hackberry","Good"
"204923","40.73651357","-73.97743214","10","London planetree","Fair"
"162818","40.72551633","-73.97866876","2","Scots pine","Good"
"176450","40.73901447","-73.97755902","9","green ash","Good"
"221107","40.73993053","-73.9792141","10","green ash","Fair"
"206737","40.73997969","-73.97986873","4","London planetree","Good"
"192380","40.75152016","-73.99167979","7","Callery pear","Poor"
"172392","40.72451738","-73.98374725","11","Callery pear","Good"
"174564","40.75420937","-73.96514023","2","hawthorn","Good"
"192632","40.73597272","-74.00176997","8","Callery pear","Good"
"197985","40.74846029","-73.97627758","8","honeylocust","Good"
"176539","40.74027988","-73.97708299","5","green ash","Good"
"176893","40.73580422","-73.97917011","4","Japanese zelkova","Good"
"217184","40.74806958","-73.98178216","7",,
"176535","40.74017067","-73.97682756","17","mulberry","Good"
"205166","40.73775875","-73.97774366","6","Callery pear","Poor"
"162812","40.72577815","-73.97929063","10","American hornbeam","Good"
"202340","40.72676653","-73.9906753","4","Callery pear","Good"
"217183","40.74803943","-73.98171047","3","northern red oak","Good"
"200361","40.75697569","-73.98336563","10","ginkgo","Good"
"215777","40.74634623","-73.97781672","6","Callery pear","Fair"
"206585","40.7392817","-73.98203716","5","Sophora","Good"
"202107","40.72602515","-73.98733209","16","Sophora","Good"
"171580","40.72704101","-73.97435595","12","Callery pear","Good"
"182311","40.74521062","-73.99225796","4","Sophora","Good"
"202342","40.72671726","-73.99055857","9","Sophora","Good"
"171694","40.75852117","-73.98674799","2","sweetgum","Good"
"171662","40.72751543","-73.97645124","3","Sophora","Good"
"196037","40.74640939","-73.97997799","13","Sophora","Good"
"202344","40.72662806","-73.99034718","9","Japanese zelkova","Good"
"204919","40.7367255","-73.97793452","5",,
"217190","40.74816347","-73.9817143","7","Callery pear","Poor"
"206476","40.7389158","-73.97998906","6","pin oak","Good"
"217191","40.7481268","-73.98162672","10","Callery pear","Fair"
"199002","40.75574093","-73.98403201","4","ginkgo","Good"
"220974","40.74399029","-73.97426678","8","honeylocust","Good"
"204918","40.73676423","-73.97802635","6","London planetree","Good"
"205129","40.7409712","-73.97483483","4",,
"171573","40.72769491","-73.97590701","8","Norway maple","Fair"
"191978","40.72627399","-73.99860887","5","sawtooth oak","Good"
"217192","40.74809398","-73.98154831","15","Callery pear","Fair"
"191979","40.72630944","-73.998681","6","sawtooth oak","Good"
"217195","40.74797035","-73.98125302","9","Callery pear","Poor"
"191981","40.72641222","-73.99889009","6","sawtooth oak","Good"
"205130","40.74101457","-73.97493773","4","honeylocust","Good"
"192005","40.72715289","-74.00039569","6","sawtooth oak","Good"
"217189","40.74822608","-73.98186385","8","Callery pear","Good"
"196035","40.7464752","-73.98013427","10","Sophora","Good"
"204925","40.73643237","-73.97723965","5","sweetgum","Poor"
"220945","40.74159655","-73.98097281","9","Callery pear","Poor"
"220946","40.74149313","-73.9810498","13","Callery pear","Good"
"204922","40.73655377","-73.97752744","0",,
"220915","40.74521738","-73.97833014","11","Callery pear","Good"
"182310","40.74528363","-73.99243169","4","Sophora","Fair"
"198744","40.75564083","-73.98213544","5","maple","Poor"
"195985","40.7448036","-73.98521356","8","Sophora","Good"
"195981","40.74515036","-73.98495969","6","Sophora","Good"
"205091","40.74343536","-73.97295796","9","Sophora","Fair"
"171759","40.7576533","-73.98856901","3","Sophora","Fair"
"174280","40.75379004","-73.96777343","18","sawtooth oak","Good"
"221104","40.7448451","-73.97825337","11","Sophora","Good"
"174281","40.75383966","-73.96789201","17","sawtooth oak","Good"
"220951","40.74304905","-73.97781673","2","Japanese zelkova","Good"
"205132","40.74111168","-73.97516815","6","honeylocust","Good"
"206735","40.74014157","-73.98025247","14","ginkgo","Good"
"220973","40.74407141","-73.974461","10","honeylocust","Good"
"220975","40.74394748","-73.97416429","3","honeylocust","Good"
"220916","40.74515188","-73.97837799","9","honeylocust","Good"
"205093","40.74335974","-73.97278368","10","honeylocust","Fair"
"103330","40.72661919","-73.97734322","5","Japanese tree lilac","Good"
"174279","40.75375153","-73.96768141","21","sawtooth oak","Good"
"198746","40.75568415","-73.98223923","4","maple","Poor"
"221103","40.74472018","-73.97795572","2","northern red oak","Good"
"180421","40.72454073","-73.9744425","5","shingle oak","Good"
"172390","40.72424535","-73.98310189","3","eastern redbud","Good"
"174288","40.7541341","-73.96859559","8","Japanese zelkova","Good"
"221075","40.74334753","-73.97443368","4",,
"176853","40.73630757","-73.97879971","4","Japanese zelkova","Poor"
"103298","40.72894129","-73.98113164","3","hardy rubber tree","Good"
"195539","40.73602461","-74.0006902","0",,
"220950","40.74302595","-73.97776177","3","Japanese zelkova","Good"
"192473","40.75152816","-73.99212638","8","American elm","Good"
"206582","40.73892121","-73.98118589","8","littleleaf linden","Good"
"177113","40.73634116","-73.97918224","2","littleleaf linden","Good"
"195535","40.73540323","-74.00027557","16","Sophora","Fair"
"206307","40.73720367","-73.97955869","5","littleleaf linden","Good"
"141348","40.75676022","-73.99827034","4","swamp white oak","Good"
"220962","40.74358905","-73.97910168","0",,
"206311","40.73699689","-73.97906783","4","littleleaf linden","Fair"
"206806","40.73747093","-73.97825745","17","Sophora","Fair"
"202341","40.72674256","-73.99061851","13","Sophora","Good"
"221102","40.7446027","-73.97767577","7","littleleaf linden","Poor"
"202343","40.72668664","-73.990486","9","Sophora","Good"
"191934","40.72594887","-73.99794696","6","sweetgum","Good"
"176846","40.73937207","-73.97799661","9","green ash","Good"
"220948","40.74291166","-73.97748981","2","littleleaf linden","Good"
"221108","40.73999167","-73.97920879","8","green ash","Poor"
"164398","40.74702761","-73.9850641","4","swamp white oak","Good"
"206577","40.73868034","-73.98061712","4","Sophora","Good"
"160780","40.72918237","-73.97973392","11","green ash","Good"
"204929","40.73583253","-73.97581773","6","Sophora","Fair"
"195537","40.73548498","-74.00032516","18","Sophora","Fair"
"198021","40.75049786","-73.97448326","7","ginkgo","Poor"
"178576","40.74854435","-73.97803857","7","American linden","Good"
"160785","40.72890586","-73.97907982","10","honeylocust","Good"
"220972","40.74413853","-73.97462169","10","honeylocust","Good"
"191597","40.73964833","-73.98535085","9","ginkgo","Good"
"205088","40.74359421","-73.97332408","10","honeylocust","Poor"
"220965","40.74458127","-73.97568169","13","honeylocust","Good"
"220976","40.74391788","-73.97409343","3","honeylocust","Fair"
"123934","40.72992478","-73.98762929","7","'Schubert' chokecherry","Good"
"176847","40.7393226","-73.97803262","8","green ash","Fair"
"180416","40.7245888","-73.97439581","6","cherry","Good"
"206233","40.73746268","-73.98108002","6","Sophora","Good"
"206375","40.73897648","-73.98157475","6","cherry","Good"
"220913","40.74538821","-73.97820533","10","honeylocust","Fair"
"220958","40.74339591","-73.97864209","14","honeylocust","Good"
"197186","40.74405583","-73.98185105","12","honeylocust","Good"
"205094","40.74327446","-73.97258714","6","honeylocust","Fair"
"191495","40.73900021","-73.98706607","7","honeylocust","Fair"
"220955","40.74321153","-73.97820335","10","honeylocust","Fair"
"215825","40.74475915","-73.97967942","8","honeylocust","Good"
"220957","40.7433614","-73.97855996","6","honeylocust","Fair"
"220959","40.74342392","-73.97870874","14","ginkgo","Fair"
"205089","40.74356606","-73.97325919","3","honeylocust","Fair"
"220952","40.74308794","-73.97790928","4","honeylocust","Good"
"176851","40.7365079","-73.97865039","7","honeylocust","Good"
"209607","40.7255632","-74.00038146","11","cherry","Good"
"191494","40.73912292","-73.98697677","11","honeylocust","Good"
"173528","40.73689006","-74.00300515","16","American elm","Good"
"215826","40.74472553","-73.97959912","11","honeylocust","Good"
"206231","40.73766197","-73.98093344","3","honeylocust","Good"
"221097","40.74425965","-73.97685834","2","pin oak","Good"
"197185","40.7440907","-73.98193374","11","pin oak","Fair"
"221120","40.74089541","-73.97851188","10","honeylocust","Good"
"204927","40.73591094","-73.9760036","6","Japanese zelkova","Fair"
"196004","40.74430467","-73.98626471","4","honeylocust","Good"
"192021","40.72773925","-74.00158","15","Chinese elm","Good"
"205128","40.74090588","-73.97467985","5","honeylocust","Good"
"204921","40.73659371","-73.97762211","0",,
"176852","40.73639138","-73.97873724","8",,
"221857","40.74609164","-73.97711015","0",,
"228303","40.7277964","-74.00203428","11","Japanese zelkova","Good"
"198339","40.74406483","-73.97995098","16","pin oak","Fair"
"200340","40.75629704","-73.98341113","9","ginkgo","Good"
"220953","40.74314091","-73.97803531","13","London planetree","Good"
"228306","40.72766733","-74.00176848","12","honeylocust","Fair"
"215778","40.7465617","-73.97766016","8","ginkgo","Good"
"220960","40.7434587","-73.97879149","14","London planetree","Fair"
"215824","40.74479435","-73.97976352","3","honeylocust","Good"
"215856","40.74476365","-73.97897226","11","honeylocust","Good"
"221152","40.74381123","-73.975942","6","ginkgo","Good"
"215855","40.74463079","-73.97907097","11","ginkgo","Good"
"192704","40.73703428","-74.00195484","5","Japanese zelkova","Good"
"171661","40.72759147","-73.97639564","16","Sophora","Good"
"202345","40.72651208","-73.99007239","15","Sophora","Good"
"161560","40.73828822","-74.0097352","8","American hornbeam","Good"
"220956","40.74327949","-73.97836507","2","London planetree","Fair"
"221096","40.74422928","-73.97678598","7","American hophornbeam","Poor"
"195536","40.73544585","-74.00030142","15","Sophora","Fair"
"226625","40.74665832","-73.97964589","5","honeylocust","Good"
"220963","40.74362197","-73.97918002","24","willow oak","Good"
"230300","40.7295172","-74.00669523","24","ginkgo","Good"
"228320","40.72704724","-74.00050336","5","honeylocust","Good"
"161142","40.73735274","-74.00562041","8","Sophora","Fair"
"144164","40.72351011","-73.99464006","8","golden raintree","Good"
"228322","40.72697539","-74.00035691","5","honeylocust","Good"
"196003","40.74433822","-73.98634425","4","honeylocust","Good"
"168193","40.72671661","-73.97943728","3","golden raintree","Good"
"221073","40.74324699","-73.97419543","4","Callery pear","Poor"
"260041","40.73727265","-74.00376476","9",,
"215776","40.74628791","-73.97785927","8","Callery pear","Good"
"175512","40.72839334","-73.9788599","2","Cornelian cherry","Fair"
"221856","40.74615983","-73.97727213","15","Callery pear","Good"
"191982","40.72644365","-73.99895403","4","Schumard's oak","Good"
"220949","40.74295891","-73.97760226","16","Callery pear","Good"
"215861","40.7454707","-73.97845516","6","Callery pear","Good"
"221118","40.7407021","-73.97865257","7","Callery pear","Good"
"215827","40.74463845","-73.97939108","5","Callery pear","Good"
"221115","40.7405071","-73.97879448","6","Callery pear","Fair"
"191933","40.72592597","-73.99790026","7","Callery pear","Good"
"220954","40.74317383","-73.97811364","13","Callery pear","Fair"
"197803","40.74963776","-73.97563465","7","Callery pear","Good"
"220968","40.74431346","-73.9750405","10","Callery pear","Fair"
"220979","40.74377796","-73.97375845","10","Callery pear","Fair"
"221011","40.74365048","-73.97375532","11","Callery pear","Poor"
"221012","40.74360126","-73.97379116","10","Callery pear","Good"
"226623","40.74686545","-73.97949627","5","Callery pear","Good"
"220977","40.74387877","-73.9739998","7","Callery pear","Fair"
"220978","40.74384508","-73.97391914","8","Callery pear","Fair"
"182372","40.74695093","-73.99638851","9","golden raintree","Good"
"182371","40.74692386","-73.99632448","2","golden raintree","Good"
"221016","40.74332798","-73.97399006","5","Callery pear","Fair"
"225193","40.74881627","-73.98161871","13","willow oak","Good"
"221005","40.7433833","-73.97966942","15","Callery pear","Good"
"220969","40.74427752","-73.97495446","11","Callery pear","Good"
"221858","40.74604484","-73.97699901","12","Callery pear","Poor"
"215775","40.74618423","-73.97793492","16","pin oak","Good"
"215773","40.74596728","-73.97809323","16","pin oak","Good"
"191496","40.73893537","-73.98711325","3","pin oak","Good"
"225195","40.74892044","-73.98186547","11","willow oak","Good"
"226487","40.74863712","-73.97927951","15","willow oak","Good"
"194809","40.73747246","-74.00138","10","littleleaf linden","Good"
"203258","40.73343294","-73.98553536","5","littleleaf linden","Good"
"197453","40.7435469","-73.98064101","4","honeylocust","Fair"
"225194","40.74885317","-73.98170612","11","willow oak","Good"
"226492","40.74846721","-73.97887805","13","willow oak","Good"
"225168","40.7470954","-73.9775544","13","willow oak","Good"
"175700","40.74842517","-73.98014499","2","Kentucky coffeetree","Good"
"225192","40.74872609","-73.98140508","12","willow oak","Good"
"226493","40.74842157","-73.9787702","13","willow oak","Good"
"226488","40.74859655","-73.97918364","8","willow oak","Good"
"221198","40.74188661","-73.97862413","5","Japanese zelkova","Good"
"206487","40.73957696","-73.98110032","2","Kentucky coffeetree","Good"
"126192","40.75038244","-74.00453017","2","hardy rubber tree","Good"
"176447","40.7391229","-73.97781708","10","green ash","Good"
"176449","40.73904978","-73.97764304","8","green ash","Good"
"174143","40.75356854","-73.96652987","7","green ash","Good"
"232123","40.72919521","-73.98924299","3","Japanese zelkova","Good"
"232130","40.72879732","-73.98829987","14","Callery pear","Poor"
"221074","40.7433133","-73.97435258","5","Callery pear","Poor"
"225191","40.74864629","-73.98121606","5","Callery pear","Fair"
"176426","40.7393446","-73.97825231","11","green ash","Good"
"192706","40.73707109","-74.0017342","9","ginkgo","Good"
"221195","40.74176686","-73.97834047","3",,
"202338","40.72691033","-73.99101603","13","Sophora","Good"
"191935","40.72600985","-73.99807128","5","sweetgum","Fair"
"221855","40.74622497","-73.97742684","3",,
"221114","40.74047843","-73.97885453","2","littleleaf linden","Fair"
"225190","40.74860567","-73.98111981","6","littleleaf linden","Fair"
"192014","40.72734429","-74.00078093","8","sawtooth oak","Good"
"175344","40.74733424","-73.98416827","3","Sophora","Good"
"221015","40.74337793","-73.9739537","4","Callery pear","Poor"
"232129","40.72884112","-73.98840368","15","Callery pear","Good"
"226622","40.74696095","-73.97942728","6","Callery pear","Good"
"215774","40.74604552","-73.97803614","11",,
"192017","40.72746993","-74.00103589","6","sawtooth oak","Good"
"192015","40.727381","-74.00085542","8","sawtooth oak","Good"
"197457","40.74370687","-73.98101956","14","honeylocust","Fair"
"228305","40.72769952","-74.00183478","11","honeylocust","Good"
"221286","40.74218665","-73.97482046","6",,
"228321","40.7270096","-74.00042665","5","honeylocust","Good"
"221207","40.74251702","-73.98011756","7",,
"215828","40.74460536","-73.97931204","6","Callery pear","Good"
"61284","40.75353692","-73.97327029","3","American hornbeam","Good"
"221197","40.74183719","-73.97850707","4","Japanese zelkova","Good"
"221099","40.74435141","-73.97707699","5","sawtooth oak","Good"
"206376","40.73898974","-73.98160635","5","cherry","Good"
"174128","40.75272684","-73.96666705","11","honeylocust","Good"
"171581","40.72695546","-73.97415303","5","ginkgo","Good"
"206584","40.73920934","-73.98186627","7","Callery pear","Fair"
"225174","40.74739573","-73.97826888","8","willow oak","Good"
"232126","40.72898262","-73.98873908","4","Japanese zelkova","Good"
"232086","40.72930623","-73.98924592","22","willow oak","Good"
"220970","40.74422732","-73.97483426","10","littleleaf linden","Good"
"225175","40.7474361","-73.97836491","9","willow oak","Good"
"232895","40.72872632","-73.98600928","16","London planetree","Good"
"232896","40.72878526","-73.98614909","15","London planetree","Good"
"225178","40.74773257","-73.97904972","17","willow oak","Good"
"217110","40.74729909","-73.97992223","17","London planetree","Good"
"221202","40.74211158","-73.97915707","19","London planetree","Good"
"226489","40.74855758","-73.97909155","16","willow oak","Good"
"221279","40.74268323","-73.9744575","4","London planetree","Poor"
"191980","40.72638228","-73.99882918","6","sawtooth oak","Good"
"215779","40.74662227","-73.97761626","11","ginkgo","Fair"
"215780","40.74680976","-73.97748036","8","honeylocust","Good"
"228340","40.72576505","-73.99983336","3","London planetree","Fair"
"228323","40.72693775","-74.0002802","9","honeylocust","Good"
"228325","40.72687721","-74.0001568","8","honeylocust","Good"
"221329","40.74364953","-73.97638433","7","pin oak","Good"
"215781","40.7469249","-73.97739691","11","pin oak","Fair"
"220732","40.74633723","-73.974891","4","ginkgo","Poor"
"232085","40.72928668","-73.98919952","25","pin oak","Good"
"225186","40.74807447","-73.97986061","10","willow oak","Good"
"192705","40.7370611","-74.00179411","3","ginkgo","Good"
"221302","40.7452292","-73.97506302","9","honeylocust","Good"
"221812","40.74560232","-73.97561171","16","London planetree","Fair"
"221301","40.74519505","-73.97498064","10","honeylocust","Good"
"221884","40.74593308","-73.97672123","12","honeylocust","Good"
"221886","40.74586535","-73.97656223","10","honeylocust","Good"
"205172","40.73769447","-73.9782263","7","ginkgo","Fair"
"221156","40.74337819","-73.97491661","6","American linden","Poor"
"228324","40.726908","-74.00021956","6","honeylocust","Good"
"221155","40.74342322","-73.97502325","5","American linden","Poor"
"217114","40.74755142","-73.98050745","4","honeylocust","Fair"
"225155","40.74787962","-73.97669877","8","pin oak","Fair"
"233213","40.72828851","-73.98709275","16","ginkgo","Good"
"233227","40.72764576","-73.98556697","13","honeylocust","Good"
"225188","40.74816697","-73.98007998","3","honeylocust","Good"
"217113","40.74752408","-73.98044403","6","honeylocust","Fair"
"225180","40.74783119","-73.97928361","10","ginkgo","Good"
"221004","40.74348119","-73.97959865","9","honeylocust","Good"
"235400","40.72586764","-73.99812341","0",,
"225159","40.74741646","-73.97703682","11","Callery pear","Good"
"217107","40.7471449","-73.97956464","6","Callery pear","Fair"
"178451","40.7284409","-73.97769208","10","green ash","Fair"
"195438","40.73476294","-73.99955949","15","London planetree","Fair"
"233221","40.72791728","-73.98621149","8","honeylocust","Good"
"217109","40.74725645","-73.97982334","11","ginkgo","Good"
"221283","40.74238192","-73.97467773","8",,
"225157","40.74753403","-73.97695093","5","Callery pear","Good"
"228333","40.72618374","-73.99875385","6","Callery pear","Good"
"221889","40.74563156","-73.97601341","17","Callery pear","Good"
"221891","40.74551192","-73.97573255","5","Callery pear","Good"
"220919","40.74427539","-73.97608204","8","Callery pear","Good"
"220702","40.74738914","-73.97674857","13","Callery pear","Good"
"221204","40.74229645","-73.97959503","15","Callery pear","Good"
"220947","40.7414413","-73.98108838","5","Callery pear","Good"
"228332","40.72622171","-73.99883028","4","Callery pear","Good"
"182309","40.74549629","-73.99293772","7","Sophora","Fair"
"206634","40.74030506","-73.98191081","6","honeylocust","Good"
"221887","40.74583101","-73.97648162","3","Japanese zelkova","Good"
"196038","40.74563636","-73.98038711","5","honeylocust","Fair"
"206809","40.73713855","-73.97850149","6","honeylocust","Good"
"217212","40.74694654","-73.97884235","12","Callery pear","Good"
"202339","40.7268371","-73.99084251","8","Sophora","Good"
"220914","40.74529871","-73.97827071","4",,
"221890","40.7455594","-73.97584402","13","honeylocust","Good"
"225189","40.74819758","-73.98015257","9","honeylocust","Good"
"217116","40.74760882","-73.98064056","8","honeylocust","Fair"
"206488","40.73950069","-73.98091907","13","Sophora","Good"
"192016","40.72741069","-74.00091568","6","sawtooth oak","Good"
"220921","40.74438698","-73.97600135","8","Callery pear","Fair"
"221206","40.74240887","-73.97986134","18","Callery pear","Good"
"176848","40.73927025","-73.97807073","11","green ash","Poor"
"225182","40.74790558","-73.97946006","9","ginkgo","Poor"
"225167","40.74705583","-73.97746027","7","Sophora","Good"
"217194","40.74800979","-73.98134723","7","Sophora","Fair"
"206295","40.7384673","-73.98062559","7","Sophora","Good"
"217193","40.7480454","-73.98143228","4","Sophora","Good"
"205174","40.73786458","-73.97861718","11","ginkgo","Poor"
"221129","40.74178294","-73.97790271","13","Callery pear","Good"
"225179","40.74777689","-73.97915483","21","Callery pear","Good"
"220699","40.74714761","-73.97692452","6","Callery pear","Poor"
"221105","40.74488527","-73.97834912","10","Sophora","Good"
"220971","40.74418002","-73.97472101","10","Sophora","Fair"
"205092","40.74339891","-73.97287395","7","green ash","Poor"
"221331","40.74340196","-73.97656605","4",,
"226624","40.74676056","-73.97957203","3","blackgum","Good"
"225158","40.74747092","-73.97699703","0",,
"232127","40.72892445","-73.9886012","23","Callery pear","Good"
"173468","40.73610303","-74.00441168","5","Kentucky coffeetree","Good"
"225154","40.74795137","-73.9766479","9","pin oak","Fair"
"217111","40.74734579","-73.98003055","0",,
"192018","40.72750097","-74.00109888","6","sawtooth oak","Good"
"221205","40.74235519","-73.97973418","9","Callery pear","Good"
"228334","40.72614652","-73.99867894","5","Callery pear","Good"
"192024","40.72785802","-74.00182105","10","Sophora","Good"
"192026","40.72793621","-74.00197973","12","Sophora","Good"
"175514","40.72828273","-73.97893994","4","Cornelian cherry","Good"
"221014","40.74342596","-73.97391875","0",,
"221291","40.74164808","-73.97521411","5","pin oak","Fair"
"221111","40.74012457","-73.97907288","8","green ash","Good"
"217115","40.74758296","-73.9805806","2",,
"232998","40.72891443","-73.98674915","3","Japanese zelkova","Good"
"228335","40.7261084","-73.99860221","3","northern red oak","Good"
"235398","40.72579315","-73.99796848","0",,
"220966","40.7445419","-73.97558742","11","Sophora","Good"
"220988","40.74472784","-73.97771387","3","swamp white oak","Good"
"164400","40.74711618","-73.98527313","3","swamp white oak","Good"
"228286","40.72733931","-74.0027795","9","Japanese zelkova","Good"
"228288","40.72747726","-74.00266665","11","Japanese zelkova","Good"
"233091","40.72834642","-73.98696803","3",,
"209606","40.72559211","-74.00044067","8","cherry","Good"
"217181","40.74798031","-73.98156992","11","Sophora","Good"
"220898","40.74497829","-73.97660675","5","Sophora","Fair"
"220900","40.74503941","-73.97675243","6","Sophora","Fair"
"220901","40.74506765","-73.97681973","6","Sophora","Good"
"220908","40.74532859","-73.9774416","17","Sophora","Good"
"118938","40.73481875","-73.98883335","2","black locust","Fair"
"220967","40.74448773","-73.97545773","12","Sophora","Fair"
"192023","40.72780669","-74.00171688","12","Sophora","Good"
"220906","40.74523657","-73.9772223","5","Sophora","Fair"
"232080","40.72889005","-73.98825797","17","Callery pear","Good"
"217106","40.74709779","-73.97945538","5","Callery pear","Fair"
"220701","40.74730751","-73.97680804","7","Callery pear","Fair"
"220703","40.74744916","-73.97670484","5","Callery pear","Fair"
"221888","40.7457174","-73.97621493","10","Japanese zelkova","Good"
"206736","40.74004173","-73.98001579","11","Norway maple","Fair"
"174287","40.75407905","-73.96846405","20","sawtooth oak","Good"
"220920","40.7443307","-73.97604204","8","Callery pear","Fair"
"241319","40.75267365","-73.9690529","7",,
"226494","40.74838019","-73.97867244","7","pin oak","Good"
"225152","40.74817582","-73.97648879","7","pin oak","Poor"
"226741","40.74612324","-73.97929321","6","Callery pear","Good"
"221293","40.74148375","-73.97533422","6","pin oak","Fair"
"220897","40.74492565","-73.97648131","8","Sophora","Good"
"221080","40.74391585","-73.97578052","4","Sophora","Good"
"225187","40.7481293","-73.97999065","9","pin oak","Good"
"228330","40.72629645","-73.99898071","6","Callery pear","Good"
"220909","40.74535829","-73.97751238","2","honeylocust","Poor"
"221013","40.74355179","-73.97382716","0",,
"232997","40.72894481","-73.98682108","3","Japanese zelkova","Good"
"233001","40.72859269","-73.98598735","0",,
"232128","40.72889903","-73.98854093","2","Japanese zelkova","Good"
"225173","40.74733466","-73.97812359","7","northern red oak","Good"
"221109","40.74002755","-73.97914349","8","green ash","Fair"
"220910","40.74540416","-73.97762172","16","Sophora","Good"
"225153","40.74810624","-73.97653812","8","pin oak","Poor"
"167279","40.73520453","-73.98386026","5","golden raintree","Good"
"232249","40.73013355","-73.98066686","2","pin oak","Fair"
"221277","40.74297495","-73.97424428","2","swamp white oak","Good"
"74507","40.73601166","-73.98577726","7","bald cypress","Fair"
"220896","40.74485259","-73.9763072","8","Sophora","Good"
"232081","40.72898897","-73.9884928","0",,
"202109","40.72588803","-73.98700814","3","common hackberry","Fair"
"202110","40.72584166","-73.98689858","4","common hackberry","Fair"
"221280","40.74259927","-73.97451887","3","London planetree","Poor"
"192440","40.73569261","-74.00067159","2","maple","Good"
"206232","40.73758676","-73.98098876","4","littleleaf linden","Good"
"228337","40.72593907","-73.99968678","4","London planetree","Good"
"225170","40.74717798","-73.97775087","7","littleleaf linden","Fair"
"228339","40.72580503","-73.99979968","3","London planetree","Fair"
"225169","40.74714744","-73.97767822","10","littleleaf linden","Fair"
"220659","40.74609765","-73.97768603","3","willow oak","Good"
"220660","40.74617841","-73.97762748","18","London planetree","Good"
"227762","40.72755721","-74.00269084","13","American elm","Good"
"233212","40.7283401","-73.98721522","15","London planetree","Good"
"225185","40.74802177","-73.97973561","18","willow oak","Fair"
"233215","40.72818094","-73.9868374","14","London planetree","Fair"
"232251","40.72994657","-73.98080318","5","littleleaf linden","Fair"
"228336","40.72617779","-73.99948569","2","London planetree","Good"
"228338","40.72587829","-73.99973797","4","London planetree","Fair"
"221154","40.74347066","-73.97513557","4","London planetree","Fair"
"206309","40.73705034","-73.97919473","5","littleleaf linden","Good"
"233088","40.7282156","-73.98665661","14","London planetree","Fair"
"221203","40.7421855","-73.97933219","13","honeylocust","Good"
"221196","40.74178685","-73.9783878","13","honeylocust","Good"
"232084","40.72925783","-73.98913102","8","littleleaf linden","Good"
"225181","40.74786513","-73.9793641","2","ginkgo","Good"
"221159","40.74319404","-73.97448058","15","London planetree","Fair"
"232225","40.73203965","-73.9844423","11","ginkgo","Good"
"228329","40.726485","-73.99936171","2","littleleaf linden","Good"
"232239","40.73114038","-73.98231074","7","honeylocust","Good"
"233214","40.72822881","-73.98695103","13","honeylocust","Good"
"221077","40.74349587","-73.97478522","4","honeylocust","Fair"
"233090","40.7283106","-73.98688275","17","London planetree","Fair"
"233226","40.72768299","-73.98565534","15","honeylocust","Good"
"215860","40.74532541","-73.97855937","12","honeylocust","Good"
"232087","40.72933748","-73.98932009","13","littleleaf linden","Good"
"226486","40.74870987","-73.97945138","4","honeylocust","Fair"
"221078","40.74353369","-73.97487484","2","honeylocust","Poor"
"232228","40.73192866","-73.98418077","8","ginkgo","Fair"
"221164","40.74409675","-73.97914667","15","ginkgo","Good"
"230305","40.7294612","-74.00608411","18","ginkgo","Good"
"226490","40.74853075","-73.97902817","4","honeylocust","Fair"
"233217","40.72810316","-73.98665275","2","honeylocust","Good"
"233223","40.72783165","-73.98600822","9","honeylocust","Good"
"230306","40.72945226","-74.00598668","8","honeylocust","Good"
"228282","40.72705221","-74.00301436","11","honeylocust","Good"
"228284","40.72722256","-74.00287501","5","honeylocust","Good"
"228318","40.72726281","-74.00092711","4","honeylocust","Good"
"221168","40.74394198","-73.97925968","9","ginkgo","Fair"
"233225","40.72773711","-73.98578381","12","honeylocust","Good"
"232232","40.73150102","-73.98317308","7","ginkgo","Good"
"226485","40.7488125","-73.9796939","4","honeylocust","Fair"
"233222","40.72788643","-73.98613826","12","honeylocust","Good"
"215772","40.74749264","-73.98212011","9","American linden","Fair"
"178458","40.72844936","-73.97799502","4","Kentucky coffeetree","Good"
"233089","40.72826934","-73.98678453","12","ginkgo","Poor"
"232255","40.72991222","-73.98060219","9","honeylocust","Fair"
"221843","40.74632906","-73.97733625","3",,
"206491","40.73935718","-73.98057806","2","Kentucky coffeetree","Good"
"221165","40.74407347","-73.97916366","10","ginkgo","Good"
"233002","40.7284219","-73.98558294","7","honeylocust","Good"
"221138","40.74473812","-73.97867827","13","honeylocust","Good"
"228331","40.72625893","-73.99890519","7","Callery pear","Good"
"192025","40.727891","-74.00188798","5","sawtooth oak","Good"
"233003","40.72831744","-73.98533563","9","honeylocust","Good"
"228319","40.72722548","-74.000851","4","honeylocust","Good"
"228326","40.72662595","-73.99964749","12","honeylocust","Good"
"136732","40.72415661","-73.99068436","14","hardy rubber tree","Good"
"136614","40.72661821","-73.98682951","3","Japanese tree lilac","Fair"
"215859","40.74525168","-73.97861226","11","honeylocust","Good"
"232248","40.7302202","-73.98060369","11","ginkgo","Good"
"233082","40.72792701","-73.98596966","6","honeylocust","Good"
"232227","40.73195394","-73.98424032","4","ginkgo","Good"
"176425","40.73937321","-73.97832181","9","green ash","Fair"
"232226","40.73199873","-73.98434588","13","ginkgo","Poor"
"221130","40.74183102","-73.9778664","19","Callery pear","Good"
"230307","40.72944629","-74.00592148","16","ginkgo","Good"
"233084","40.7280451","-73.98625076","11","Callery pear","Good"
"221744","40.74515432","-73.97544663","9","Callery pear","Good"
"220658","40.74587026","-73.97785086","5","Callery pear","Fair"
"226742","40.74608503","-73.97920263","3","Callery pear","Fair"
"233080","40.72781436","-73.98570151","6","Callery pear","Good"
"221162","40.74424072","-73.97904154","4","Callery pear","Good"
"217222","40.7465218","-73.97783562","6","Callery pear","Good"
"226743","40.74604775","-73.97911427","4","Callery pear","Good"
"217221","40.74655882","-73.97792335","4","Callery pear","Good"
"221163","40.74417689","-73.97908815","10","Callery pear","Good"
"217219","40.7466222","-73.97807357","15","Callery pear","Good"
"191937","40.72607574","-73.99820561","6","sawtooth oak","Good"
"221743","40.74508997","-73.97549274","8","Callery pear","Good"
"232229","40.73189323","-73.98409726","11","littleleaf linden","Fair"
"235402","40.72595709","-73.99830945","6","green ash","Fair"
"221741","40.74494175","-73.97559894","11","Callery pear","Good"
"221745","40.74527","-73.97536373","8","Callery pear","Good"
"217204","40.74721822","-73.97948564","8","Callery pear","Good"
"233079","40.72777814","-73.98561529","11","Callery pear","Good"
"192020","40.72756529","-74.00122939","6","sawtooth oak","Good"
"198460","40.74470446","-73.97984344","2","purple-leaf plum","Poor"
"221740","40.7448839","-73.97564039","7","Callery pear","Good"
"191936","40.72604183","-73.99813648","7","sawtooth oak","Good"
"191938","40.72610935","-73.99827414","6","sawtooth oak","Good"
"232124","40.72906263","-73.98892872","5","littleleaf linden","Poor"
"233219","40.72803282","-73.98648578","18","London planetree","Good"
"233220","40.7279924","-73.98638983","21","London planetree","Good"
"221160","40.74314661","-73.97436826","18","London planetree","Fair"
"235396","40.72571748","-73.99781111","5","green ash","Fair"
"227754","40.72793861","-74.00289578","16","London planetree","Fair"
"221113","40.74022182","-73.9790021","8","green ash","Good"
"233085","40.72807721","-73.98632719","15","London planetree","Good"
"233000","40.72869887","-73.98623876","12","London planetree","Good"
"174278","40.75367888","-73.96750781","17","sawtooth oak","Good"
"221201","40.74204924","-73.9790094","8","green ash","Good"
"221140","40.74454102","-73.9788219","12","honeylocust","Good"
"221840","40.74615506","-73.97692335","20","Callery pear","Good"
"233004","40.72827561","-73.98523658","5","honeylocust","Good"
"233087","40.72817725","-73.98656533","11","honeylocust","Good"
"217216","40.74674709","-73.9783696","7","Callery pear","Good"
"220990","40.74463949","-73.97750387","2","pin oak","Poor"
"221158","40.74328465","-73.97469512","4","silver linden","Fair"
"221123","40.74116402","-73.97835556","9","green ash","Poor"
"225171","40.74723481","-73.97788606","8","green ash","Good"
"226491","40.74850339","-73.97896352","4","littleleaf linden","Poor"
"233216","40.72814066","-73.98674176","11","honeylocust","Fair"
"233218","40.72807191","-73.98657858","2","honeylocust","Good"
"217202","40.74730451","-73.97969013","3","Callery pear","Good"
"221742","40.74503381","-73.97553297","11","Callery pear","Good"
"232254","40.72977711","-73.98070003","3","honeylocust","Good"
"232076","40.72463305","-73.99042304","5","ginkgo","Poor"
"233093","40.72843837","-73.98718691","14","honeylocust","Good"
"230303","40.72947964","-74.00628543","21","ginkgo","Good"
"232245","40.73050742","-73.98081117","17","Callery pear","Good"
"73359","40.73546695","-73.99661668","2","American hornbeam","Good"
"221137","40.74482598","-73.97861424","11","honeylocust","Good"
"233086","40.72812073","-73.98643079","15","honeylocust","Good"
"221820","40.74596908","-73.97648202","14","Callery pear","Good"
"232893","40.72857028","-73.98563909","11","pin oak","Good"
"220993","40.74438904","-73.97690861","2","pin oak","Good"
"228283","40.72712585","-74.00295412","16","honeylocust","Good"
"230302","40.72949816","-74.00648746","12","honeylocust","Good"
"243225","40.73691275","-74.00726002","4","Callery pear","Good"
"245083","40.72930158","-74.00710314","5","Callery pear","Good"
"221167","40.74399309","-73.97922236","9","ginkgo","Good"
"232256","40.72994371","-73.98057939","8","honeylocust","Good"
"245085","40.72907489","-74.00713941","6","Callery pear","Good"
"221278","40.74289386","-73.97430354","5","pin oak","Fair"
"221893","40.74510239","-73.9757941","7","Callery pear","Good"
"232257","40.72997713","-73.98055519","10","honeylocust","Fair"
"221841","40.74620189","-73.97703446","5","Callery pear","Good"
"229671","40.72888815","-74.00781842","11","Callery pear","Good"
"228327","40.72657653","-73.99954728","10","honeylocust","Fair"
"221375","40.74638247","-73.97397104","4","honeylocust","Poor"
"227979","40.74537797","-73.9792484","6","Callery pear","Good"
"217108","40.74719255","-73.97967515","16","Callery pear","Good"
"102399","40.72727911","-73.98103866","2","shingle oak","Good"
"206742","40.73836617","-73.97760814","10","honeylocust","Good"
"206411","40.73994453","-73.98217296","12","honeylocust","Good"
"217196","40.74763928","-73.98048351","8","ginkgo","Good"
"198465","40.74495099","-73.98043124","5","pin oak","Fair"
"228317","40.72731828","-74.00104023","12","honeylocust","Fair"
"232090","40.72946818","-73.98963037","24","Callery pear","Good"
"221166","40.74399597","-73.97922026","9","ginkgo","Good"
"232241","40.73076151","-73.98141314","14","Callery pear","Good"
"221814","40.74567708","-73.97578912","10","Callery pear","Fair"
"235401","40.72590518","-73.99820149","0",,
"220992","40.74443661","-73.97702167","2","pin oak","Good"
"221819","40.74592545","-73.97637848","4","Callery pear","Fair"
"229675","40.72893442","-74.00831187","15","Callery pear","Good"
"227766","40.72732363","-74.00316688","17","honeylocust","Fair"
"206410","40.73984169","-73.98224911","4","honeylocust","Good"
"221139","40.74462865","-73.97875804","11","honeylocust","Good"
"221119","40.74079887","-73.97858214","11","green ash","Good"
"217217","40.74672206","-73.97831026","7","ginkgo","Good"
"206740","40.73857594","-73.97745513","9","honeylocust","Fair"
"221300","40.74469209","-73.97544907","15","honeylocust","Fair"
"217213","40.74689208","-73.97871328","7","ginkgo","Good"
"232243","40.73068694","-73.98123646","13","Callery pear","Good"
"232244","40.73055723","-73.98092917","18","Callery pear","Good"
"221816","40.7458141","-73.97611426","21","Callery pear","Good"
"230301","40.72950715","-74.00658561","27","ginkgo","Good"
"227767","40.72721251","-74.00321235","3","honeylocust","Good"
"228316","40.72736333","-74.00113211","14","honeylocust","Good"
"243222","40.73691207","-74.00689484","3","Callery pear","Fair"
"240554","40.75823053","-73.96591686","11","honeylocust","Good"
"227757","40.72767744","-74.00287906","7","pin oak","Good"
"245086","40.72897135","-74.00715598","5","Callery pear","Good"
"217220","40.74659277","-73.97800382","7","ginkgo","Good"
"206741","40.73846793","-73.97753391","10","honeylocust","Good"
"240552","40.75807187","-73.96603183","8","honeylocust","Good"
"217200","40.74739839","-73.97991262","4","Callery pear","Good"
"233078","40.72773887","-73.9855218","5",,
"221815","40.745771","-73.97601198","7","Callery pear","Good"
"243221","40.73691191","-74.00680896","4","Callery pear","Fair"
"229668","40.72885589","-74.00747429","12","Callery pear","Good"
"228285","40.72728035","-74.00282773","14","Japanese zelkova","Good"
"233083","40.72797505","-73.98608399","3","northern red oak","Good"
"240553","40.75814639","-73.96597783","10","honeylocust","Good"
"232075","40.72452234","-73.99050282","4","Japanese zelkova","Good"
"220987","40.74479374","-73.9778705","3","northern red oak","Good"
"221347","40.74556426","-73.97511238","6","Japanese zelkova","Good"
"221348","40.74562763","-73.97506543","5","Japanese zelkova","Good"
"227763","40.72756592","-74.00278104","12","Japanese zelkova","Good"
"220994","40.7443545","-73.97682651","3","northern red oak","Fair"
"241411","40.75433864","-73.96712132","8","Callery pear","Good"
"232236","40.730941","-73.98301913","7","Callery pear","Good"
"232897","40.72886534","-73.98633907","8","littleleaf linden","Good"
"227768","40.72698054","-74.00314033","13","London planetree","Fair"
"204951","40.73669253","-73.97506937","0",,
"173526","40.73685998","-74.00321214","7","hardy rubber tree","Good"
"191929","40.72553295","-73.99711683","5","Japanese zelkova","Good"
"227978","40.74526332","-73.97897669","6","Japanese zelkova","Good"
"221813","40.74564901","-73.97572251","7","Callery pear","Fair"
"229669","40.72886616","-74.00758387","11","Callery pear","Good"
"229670","40.72887825","-74.00771278","13","Callery pear","Good"
"206490","40.7393904","-73.980657","2","Kentucky coffeetree","Good"
"102369","40.72770157","-73.97920844","3","Kentucky coffeetree","Fair"
"229672","40.72889856","-74.00792943","8","Callery pear","Good"
"229674","40.7289228","-74.00818797","11","Callery pear","Good"
"245048","40.72999239","-74.00699552","8","mulberry","Poor"
"246279","40.72349746","-74.00496789","12","Callery pear","Good"
"245248","40.7333851","-74.00831574","5","Callery pear","Fair"
"245028","40.73302435","-74.00987064","19","Japanese tree lilac","Good"
"220918","40.74422031","-73.97612187","2",,
"220986","40.74481846","-73.97792924","4","northern red oak","Fair"
"217203","40.74726616","-73.97959925","19","willow oak","Good"
"217218","40.74669157","-73.97823799","10","honeylocust","Good"
"221892","40.74524621","-73.97568936","9","honeylocust","Good"
"217205","40.74718933","-73.97941716","12","honeylocust","Good"
"228328","40.72652696","-73.99944678","5","littleleaf linden","Fair"
"217197","40.74760639","-73.98040556","4","ginkgo","Good"
"241397","40.74387574","-73.97787823","9","ginkgo","Fair"
"227975","40.74518303","-73.9787864","5","Japanese zelkova","Good"
"232230","40.73160024","-73.98340688","14","London planetree","Poor"
"241414","40.75424088","-73.96688967","10","ginkgo","Good"
"241400","40.74404228","-73.97827427","0",,
"221157","40.74333022","-73.97480302","11","littleleaf linden","Good"
"217198","40.74757084","-73.9803213","10","ginkgo","Good"
"240555","40.75830986","-73.96585938","9","honeylocust","Good"
"241398","40.74389831","-73.97793192","2","American linden","Fair"
"240173","40.75812048","-73.96472643","15","honeylocust","Good"
"241413","40.75427338","-73.96696668","8","ginkgo","Good"
"225126","40.74791588","-73.97566667","7","littleleaf linden","Good"
"217178","40.74781387","-73.9811742","5","Sophora","Good"
"240181","40.75850937","-73.96565463","12","honeylocust","Good"
"243340","40.73572386","-74.00636696","12","honeylocust","Good"
"240556","40.75838919","-73.96580189","11","honeylocust","Good"
"195538","40.73564328","-74.00045892","4","English oak","Good"
"206234","40.73737213","-73.98114661","2","pin oak","Good"
"240178","40.75836155","-73.96530181","16","honeylocust","Good"
"241321","40.75276397","-73.96926768","9","honeylocust","Good"
"232242","40.7307149","-73.98130272","3","London planetree","Fair"
"217201","40.74734952","-73.9797968","14","London planetree","Good"
"240177","40.75831784","-73.96519749","16","honeylocust","Good"
"147738","40.74438979","-73.98129513","5","bald cypress","Good"
"240179","40.75843573","-73.96547886","10","honeylocust","Good"
"241320","40.75271615","-73.96915397","10","honeylocust","Good"
"240175","40.75822777","-73.96498251","14","honeylocust","Good"
"241314","40.75237185","-73.96833529","11","honeylocust","Good"
"232240","40.73080306","-73.98151158","6","pin oak","Good"
"246241","40.72565527","-74.00833326","4","pin oak","Fair"
"240116","40.75589042","-73.96483587","5","honeylocust","Good"
"241408","40.7545267","-73.96756695","6","ginkgo","Good"
"198462","40.74476569","-73.97998944","14","pin oak","Fair"
"198461","40.7447356","-73.97991771","6","pin oak","Fair"
"198463","40.74479644","-73.98006276","11","pin oak","Fair"
"197500","40.74357906","-73.97983442","6","pin oak","Fair"
"217215","40.7467857","-73.97846112","4","red maple","Fair"
"246234","40.7246624","-74.00850905","4","pin oak","Good"
"246240","40.72561447","-74.00834048","5","pin oak","Good"
"227758","40.72767037","-74.00279588","4","pin oak","Good"
"232246","40.73046854","-73.98071905","8","pin oak","Fair"
"221106","40.74491842","-73.97842811","8","Sophora","Good"
"245084","40.72919804","-74.00711971","9","Callery pear","Good"
"236628","40.72529908","-74.00022839","9","Japanese zelkova","Good"
"246239","40.72503235","-74.00844355","3","northern red oak","Good"
"227977","40.74523629","-73.97891263","5","Japanese zelkova","Fair"
"221350","40.74580865","-73.97493132","5","Japanese zelkova","Good"
"228304","40.72775904","-74.00195734","11","Japanese zelkova","Good"
"235397","40.72575502","-73.99788919","0",,
"246340","40.72615854","-74.00759999","7","Callery pear","Good"
"198464","40.74491003","-73.98033359","11","pin oak","Good"
"243220","40.73691173","-74.00671081","4","Callery pear","Fair"
"232237","40.73088545","-73.98306007","7","Callery pear","Good"
"240198","40.75600405","-73.96559718","8","pin oak","Fair"
"235399","40.7258304","-73.99804595","0",,
"232217","40.73279497","-73.98623406","2","Japanese zelkova","Good"
"225144","40.74750549","-73.97629814","9","Callery pear","Poor"
"241406","40.75463857","-73.96783205","6","Callery pear","Good"
"240536","40.75588639","-73.96691981","14","Callery pear","Good"
"240538","40.75578849","-73.96668702","15","Callery pear","Good"
"232238","40.73083949","-73.98309396","7","Callery pear","Good"
"246167","40.72813511","-74.00760821","11","Callery pear","Good"
"229230","40.73145769","-74.00530844","10","Callery pear","Good"
"241407","40.75460261","-73.96774684","8","Callery pear","Good"
"246384","40.72702563","-74.00364913","8","Callery pear","Good"
"246121","40.72724247","-74.00593951","3","Japanese zelkova","Good"
"236595","40.72494848","-74.00039308","6","Callery pear","Good"
"236597","40.72488844","-74.00044378","11","Callery pear","Good"
"246237","40.72483922","-74.00847774","5","northern red oak","Good"
"211498","40.72918194","-74.0042588","15","Japanese zelkova","Good"
"241404","40.75481171","-73.96824233","5","Japanese zelkova","Poor"
"221292","40.74156531","-73.9752746","5","northern red oak","Poor"
"246238","40.72496707","-74.00845511","3","northern red oak","Good"
"241395","40.74366616","-73.97737986","0",,
"241312","40.75224513","-73.96803398","11","Japanese zelkova","Good"
"240115","40.75594973","-73.96479194","11","honeylocust","Good"
"240176","40.75827148","-73.96508683","10","honeylocust","Good"
"211499","40.729207","-74.00417793","12","Japanese zelkova","Good"
"246236","40.72477121","-74.00848978","5","northern red oak","Fair"
"240537","40.755831","-73.9667881","7","Callery pear","Good"
"221117","40.74060484","-73.97872335","10","green ash","Good"
"241311","40.75220129","-73.96792975","12","Japanese zelkova","Fair"
"240174","40.75815492","-73.96480863","10","honeylocust","Good"
"246166","40.72812529","-74.00750365","10","Callery pear","Good"
"246280","40.72343973","-74.00499117","6","Callery pear","Poor"
"211493","40.72895451","-74.00499255","9",,
"241282","40.74348203","-73.97858295","6","northern red oak","Fair"
"240180","40.75847255","-73.96556675","12","honeylocust","Good"
"211494","40.72901375","-74.00480143","3",,
"243131","40.73649101","-74.00644582","8","Japanese zelkova","Good"
"245157","40.73307375","-74.00850377","11","northern red oak","Good"
"243128","40.73652447","-74.00620736","8","Japanese zelkova","Good"
"241322","40.75280728","-73.96937065","13","honeylocust","Good"
"244371","40.74524123","-73.97317565","2","honeylocust","Good"
"197584","40.74424435","-73.98067562","9","honeylocust","Fair"
"232258","40.73005406","-73.98049948","2","honeylocust","Good"
"241317","40.75261334","-73.9689095","14","honeylocust","Good"
"241318","40.75265027","-73.96899731","11","honeylocust","Good"
"243339","40.73573996","-74.00625491","13","honeylocust","Good"
"243341","40.73571153","-74.00645276","9","honeylocust","Good"
"221125","40.74129644","-73.97822001","9","green ash","Fair"
"236594","40.72498889","-74.00035895","12","Callery pear","Good"
"225145","40.74753851","-73.97637682","10","Callery pear","Poor"
"240443","40.75721369","-73.96666458","5","honeylocust","Good"
"241316","40.75257695","-73.96882296","14","honeylocust","Poor"
"168673","40.72894918","-73.97711649","3","golden raintree","Good"
"197581","40.74389153","-73.97983025","5","honeylocust","Fair"
"221763","40.74588683","-73.97470802","9","honeylocust","Good"
"225123","40.74807494","-73.9760488","10","Callery pear","Good"
"225124","40.74803514","-73.97595319","17","Callery pear","Good"
"240543","40.75554619","-73.96611089","11","ginkgo","Good"
"243226","40.73691302","-74.00740002","16","Callery pear","Good"
"244366","40.74509965","-73.97284022","9","honeylocust","Good"
"240441","40.7570678","-73.96676813","8","honeylocust","Fair"
"221821","40.74600527","-73.97656788","3","Callery pear","Fair"
"243224","40.73691263","-74.00719254","10","ginkgo","Good"
"246041","40.72373733","-74.00752701","11","cherry","Good"
"240207","40.75650846","-73.96672009","6","Callery pear","Good"
"197498","40.74340862","-73.97995865","17","Callery pear","Good"
"244976","40.73358306","-74.00642093","11","Callery pear","Good"
"241368","40.75307425","-73.96967086","9","Callery pear","Good"
"240196","40.75592763","-73.96534579","3","Callery pear","Good"
"240439","40.75692578","-73.96686893","3","honeylocust","Good"
"240790","40.74136477","-73.97511624","5","honeylocust","Good"
"225146","40.74757206","-73.97645676","6","Callery pear","Poor"
"240384","40.75655834","-73.96657445","6","Callery pear","Good"
"232212","40.73279198","-73.98738156","4","Callery pear","Fair"
"232214","40.73302426","-73.987212","7","Callery pear","Good"
"235458","40.72498024","-73.99920306","4","ginkgo","Good"
"240440","40.75699631","-73.96681887","8","honeylocust","Good"
"240442","40.75714123","-73.96671601","9","honeylocust","Fair"
"240209","40.75660687","-73.96695293","8","Callery pear","Good"
"241313","40.75232882","-73.96823296","4","honeylocust","Good"
"241315","40.75246802","-73.96856397","12","honeylocust","Good"
"211497","40.72911711","-74.00446796","12","honeylocust","Good"
"240540","40.7556785","-73.96642549","6","Callery pear","Poor"
"236596","40.7249277","-74.00041063","12","Callery pear","Good"
"240374","40.75609498","-73.9654678","6","mulberry","Poor"
"118936","40.73488145","-73.98898321","2","black locust","Good"
"205173","40.73772814","-73.97830366","8","ginkgo","Fair"
"221017","40.74328332","-73.97402257","4","Callery pear","Good"
"217199","40.74744993","-73.98003475","19","willow oak","Good"
"204926","40.73595047","-73.97609732","2","Kentucky coffeetree","Fair"
"204928","40.73587113","-73.97590925","4","Kentucky coffeetree","Good"
"229232","40.73141036","-74.00545842","11","Callery pear","Good"
"225177","40.74752917","-73.97858633","6","Callery pear","Poor"
"232892","40.7284177","-73.98527711","3","cherry","Poor"
"221330","40.74352538","-73.97647546","4","Kentucky yellowwood","Poor"
"221764","40.74581909","-73.97454571","10","honeylocust","Good"
"246296","40.72871101","-74.00872448","3","pin oak","Fair"
"246119","40.72722656","-74.00577269","3","Japanese zelkova","Good"
"221121","40.74100659","-73.97843096","13","green ash","Good"
"241399","40.74398491","-73.97813783","18","London planetree","Good"
"246309","40.72626432","-74.00580432","4","London planetree","Poor"
"246298","40.72848882","-74.00876147","3","pin oak","Fair"
"241284","40.74336015","-73.978293","14","London planetree","Good"
"211633","40.72962893","-74.00388717","5","pin oak","Good"
"241396","40.74376949","-73.97762557","18","London planetree","Good"
"232898","40.72889633","-73.98641261","19","London planetree","Good"
"243342","40.73569828","-74.00654495","12","London planetree","Fair"
"241410","40.75441882","-73.96731131","13","London planetree","Good"
"229673","40.72891031","-74.00805476","4",,
"241409","40.75447262","-73.96743881","11","London planetree","Fair"
"211495","40.7290384","-74.00472191","11","honeylocust","Good"
"246120","40.72723434","-74.00585431","3","Japanese zelkova","Good"
"241291","40.74306089","-73.97758107","11","London planetree","Fair"
"211496","40.72908852","-74.00456018","16","honeylocust","Good"
"245050","40.729787","-74.00702891","11","American linden","Poor"
"240533","40.75598774","-73.96716081","15","American elm","Good"
"240534","40.75595015","-73.96707142","12","American elm","Good"
"198466","40.74498505","-73.98051246","8","northern red oak","Fair"
"241289","40.74313205","-73.97775037","12","London planetree","Fair"
"197585","40.74427868","-73.98075787","9","honeylocust","Fair"
"240539","40.75572366","-73.96653288","10","ginkgo","Good"
"232233","40.73122325","-73.98281105","9","honeylocust","Fair"
"232235","40.73100516","-73.98297183","8","honeylocust","Good"
"243129","40.73651601","-74.00626768","8","ginkgo","Fair"
"241280","40.74354549","-73.97873393","11","northern red oak","Fair"
"245049","40.7299232","-74.00700677","11",,
"245156","40.73300364","-74.00850975","13","northern red oak","Good"
"232899","40.72895832","-73.98655967","4",,
"235470","40.72488568","-73.99921853","5","northern red oak","Good"
"241310","40.75215772","-73.96782615","5",,
"245177","40.72721509","-74.00274956","13","honeylocust","Good"
"245176","40.7274516","-74.00255265","11","honeylocust","Good"
"240346","40.75856172","-73.96548596","8","honeylocust","Good"
"240356","40.75819557","-73.96461586","5","honeylocust","Good"
"240353","40.75828528","-73.96482904","7","honeylocust","Good"
"197499","40.74350272","-73.97989006","10","honeylocust","Fair"
"245178","40.72711955","-74.0028291","10","honeylocust","Good"
"232077","40.7247221","-73.99035886","11","ginkgo","Good"
"240348","40.75849527","-73.96532804","12","honeylocust","Good"
"241287","40.74320401","-73.97792156","13","honeylocust","Fair"
"240345","40.75858564","-73.9655428","10","honeylocust","Good"
"227379","40.74559482","-73.98004709","0",,
"221765","40.74578661","-73.97446788","11","honeylocust","Good"
"241285","40.74331952","-73.97819635","14","honeylocust","Good"
"241286","40.74326535","-73.97806748","13","honeylocust","Fair"
"240347","40.75853381","-73.96541963","10","honeylocust","Good"
"245160","40.733343","-74.0084808","3","honeylocust","Fair"
"232203","40.73219386","-73.98658545","4",,
"243192","40.73688436","-74.00608789","7","ginkgo","Fair"
"240350","40.75834907","-73.96498063","11","honeylocust","Good"
"246244","40.72344533","-74.00605036","4","Chinese elm","Good"
"229364","40.73020064","-74.00462045","3",,
"240686","40.75646146","-73.96467314","9","ginkgo","Fair"
"240379","40.75630468","-73.96596864","5","ginkgo","Good"
"245047","40.73005777","-74.00698489","8","honeylocust","Good"
"197501","40.74367292","-73.979766","12","honeylocust","Fair"
"243193","40.73687778","-74.00599664","7","ginkgo","Good"
"243189","40.73689881","-74.00628834","8","ginkgo","Fair"
"240682","40.75670608","-73.96526324","9","ginkgo","Good"
"240202","40.75627379","-73.96616481","8","American linden","Good"
"245175","40.72782261","-74.00224376","9","Japanese zelkova","Good"
"244367","40.74511377","-73.97287366","10","honeylocust","Fair"
"246297","40.72863913","-74.00873645","3","northern red oak","Fair"
"240381","40.75641113","-73.96622285","11","ginkgo","Good"
"221161","40.7431037","-73.97426667","4","littleleaf linden","Poor"
"243130","40.73649758","-74.00639898","9","ginkgo","Good"
"241277","40.74369658","-73.97909337","16","honeylocust","Good"
"243127","40.73653323","-74.00614491","7","ginkgo","Good"
"228348","40.72549829","-74.00046104","4","Japanese zelkova","Good"
"240349","40.7584647","-73.9652554","11","honeylocust","Good"
"240372","40.75598748","-73.96521106","10","ginkgo","Poor"
"221116","40.74055672","-73.97879756","10","green ash","Good"
"240542","40.75559773","-73.96623345","3",,
"221762","40.74592499","-73.97479945","13","honeylocust","Good"
"245179","40.72700686","-74.00292292","10","honeylocust","Good"
"240373","40.75605553","-73.96537357","11","ginkgo","Poor"
"240375","40.75612861","-73.96554811","11","ginkgo","Poor"
"240386","40.75667855","-73.96686155","0",,
"240680","40.7567941","-73.96547558","8","honeylocust","Fair"
"246170","40.72795309","-74.00320218","6","American linden","Fair"
"241279","40.74361533","-73.97890007","9","ginkgo","Good"
"240377","40.75622684","-73.96578272","13","ginkgo","Fair"
"240352","40.75830655","-73.96487957","9","honeylocust","Good"
"240195","40.75581296","-73.96507447","6","honeylocust","Good"
"225070","40.74802273","-73.9756303","14","Chinese elm","Fair"
"246083","40.72448302","-74.00476112","3",,
"240199","40.75612818","-73.96582029","9","American linden","Good"
"243190","40.73689332","-74.00621218","9","ginkgo","Good"
"246044","40.72501831","-74.00535024","4","northern red oak","Good"
"241283","40.74340794","-73.9784067","15","honeylocust","Good"
"240371","40.75590248","-73.96500807","2","Japanese zelkova","Poor"
"240789","40.74143725","-73.97506335","0",,
"227753","40.72803053","-74.00285012","0",,
"227380","40.74545816","-73.97971799","4","littleleaf linden","Good"
"240670","40.75724734","-73.96656896","12","honeylocust","Good"
"220982","40.74495318","-73.97824945","4","Sophora","Good"
"232198","40.73194991","-73.98600702","2","littleleaf linden","Fair"
"220923","40.74458563","-73.9758577","3","littleleaf linden","Poor"
"241281","40.74351867","-73.97867013","14","London planetree","Fair"
"241290","40.74309727","-73.97766761","15","London planetree","Good"
"240205","40.75639566","-73.96645318","17","littleleaf linden","Good"
"220907","40.74528828","-73.97734554","5","Sophora","Good"
"246307","40.72613888","-74.00582327","3","Japanese zelkova","Fair"
"240544","40.75551431","-73.96603509","15","London planetree","Good"
"232996","40.72901435","-73.98698574","7","littleleaf linden","Fair"
"240354","40.75823611","-73.96471218","9","honeylocust","Good"
"225142","40.74739092","-73.97602513","11","ginkgo","Poor"
"221079","40.74384128","-73.9756038","2","Sophora","Fair"
"220911","40.74542684","-73.97767575","16","Sophora","Fair"
"243223","40.73691226","-74.00699335","10","green ash","Good"
"240351","40.75832781","-73.9649301","9","honeylocust","Good"
"240200","40.75616151","-73.96589917","3","American linden","Good"
"240672","40.75716142","-73.96636169","11","honeylocust","Fair"
"246308","40.72619315","-74.00581507","3","Japanese zelkova","Good"
"240378","40.75626709","-73.96587884","2","ginkgo","Good"
"240535","40.75592119","-73.96700257","11","American elm","Good"
"240679","40.75682668","-73.96555417","7","American elm","Good"
"230304","40.72946953","-74.0061751","17","Sophora","Good"
"221082","40.74405434","-73.97610871","4","Sophora","Fair"
"232078","40.72880521","-73.98805659","5","Sophora","Good"
"245033","40.73263782","-74.00990245","5","London planetree","Good"
"220905","40.74521045","-73.97716005","6","Sophora","Good"
"232250","40.73000201","-73.98076275","2","Sophora","Poor"
"232083","40.72919667","-73.98898583","4","Sophora","Good"
"220902","40.74509974","-73.9768962","6","Sophora","Fair"
"220904","40.7451781","-73.97708295","7","Sophora","Fair"
"240681","40.75674812","-73.96536466","7","American elm","Fair"
"244974","40.73339988","-74.00644922","17","London planetree","Good"
"232079","40.72883859","-73.98813581","4","Sophora","Good"
"232122","40.72934191","-73.9895907","15","Sophora","Good"
"228153","40.733202","-73.98677008","12","Sophora","Good"
"232089","40.72940848","-73.98948865","12","Sophora","Good"
"236546","40.72630508","-73.99924542","3","London planetree","Good"
"232082","40.72912433","-73.98881412","11","Sophora","Good"
"246168","40.72822244","-74.00315495","15","American elm","Poor"
"220903","40.74512705","-73.97696129","7","Sophora","Good"
"236549","40.72569473","-73.99976215","3","London planetree","Good"
"220983","40.74493218","-73.97819956","3","Sophora","Good"
"232125","40.72901604","-73.98881828","4","Sophora","Good"
"221303","40.74527058","-73.97516284","4","Sophora","Good"
"192022","40.72776253","-74.00162724","9","Sophora","Good"
"246171","40.72786603","-74.00321745","16","American elm","Fair"
"244975","40.73347184","-74.00643811","18","London planetree","Good"
"217112","40.74740143","-73.98015958","11","London planetree","Fair"
"232231","40.73154715","-73.98328179","6","ginkgo","Poor"
"240208","40.75656047","-73.96684313","4","Callery pear","Good"
"240385","40.75663936","-73.96676796","6","Callery pear","Good"
"197497","40.74334788","-73.98000291","11","Callery pear","Good"
"243147","40.73659904","-74.00649197","9","ginkgo","Good"
"243149","40.73670102","-74.00646687","8","ginkgo","Good"
"240673","40.75712858","-73.96628246","11","honeylocust","Good"
"211634","40.72969007","-74.00392309","4","honeylocust","Good"
"246386","40.72706028","-74.0040194","12","ginkgo","Good"
"243191","40.73688814","-74.00614033","7","ginkgo","Good"
"240675","40.75704634","-73.96608407","11","honeylocust","Good"
"225071","40.74813566","-73.97589791","11","ginkgo","Good"
"240383","40.75649956","-73.96643406","12","ginkgo","Good"
"240382","40.75644952","-73.96631455","7","crab apple","Good"
"246248","40.72718337","-74.00346687","7","ginkgo","Good"
"246283","40.72319911","-74.00508821","11","American elm","Good"
"245180","40.72692663","-74.00298971","15","honeylocust","Good"
"244972","40.73328593","-74.00646682","10","honeylocust","Good"
"246387","40.7270696","-74.00411895","13","ginkgo","Good"
"240687","40.75644123","-73.96462433","9","ginkgo","Good"
"245985","40.72487622","-74.00491037","4","American linden","Fair"
"225176","40.74747633","-73.97846061","2","honeylocust","Good"
"240677","40.7568816","-73.96568665","7","ginkgo","Good"
"236623","40.7242809","-74.00108878","7","honeylocust","Good"
"240676","40.75695412","-73.96586159","7","honeylocust","Fair"
"245252","40.73344752","-74.00791451","6","honeylocust","Good"
"246154","40.72511434","-74.00747415","4","ginkgo","Fair"
"240355","40.75821551","-73.96466323","8","honeylocust","Good"
"240674","40.75706946","-73.96613984","4","honeylocust","Good"
"245249","40.73339698","-74.00823938","4","honeylocust","Fair"
"229362","40.73004633","-74.0047077","3","honeylocust","Fair"
"225072","40.7481876","-73.97602098","10","ginkgo","Fair"
"240684","40.75653266","-73.96484491","11","ginkgo","Fair"
"240678","40.75685217","-73.96561566","8","ginkgo","Poor"
"240685","40.75650744","-73.96478406","11","ginkgo","Good"
"245251","40.73343416","-74.00800041","9","ginkgo","Good"
"245250","40.73342112","-74.00808419","5","honeylocust","Fair"
"236624","40.72433632","-74.00104196","6","honeylocust","Good"
"246152","40.72505772","-74.0068639","8","honeylocust","Fair"
"246856","40.75890186","-73.97988601","7","honeylocust","Good"
"245001","40.73359335","-74.00695397","4","ginkgo","Poor"
"221110","40.74008869","-73.97913818","9","green ash","Poor"
"246249","40.7271183","-74.00349315","5","ginkgo","Good"
"192019","40.72753321","-74.00116429","6","sawtooth oak","Good"
"246153","40.72510557","-74.0073796","3","ginkgo","Poor"
"246852","40.75910879","-73.98037528","4","honeylocust","Good"
"246854","40.75894963","-73.97999894","7","honeylocust","Good"
"192439","40.73575038","-74.00070682","2","maple","Good"
"225151","40.74808815","-73.97624031","7","honeylocust","Good"
"151929","40.74902115","-73.96967509","6","dawn redwood","Good"
"220917","40.74416644","-73.97616082","9","Callery pear","Good"
"232999","40.72887873","-73.98666461","16","Callery pear","Good"
"221374","40.74651665","-73.97429","5",,
"228287","40.72739757","-74.00273185","10","Japanese zelkova","Good"
"221349","40.74574337","-73.97497969","5","Japanese zelkova","Good"
"246282","40.72326366","-74.00506218","14","American elm","Poor"
"240683","40.75666036","-73.96515295","10","ginkgo","Fair"
"240380","40.75633752","-73.96604705","10","ginkgo","Fair"
"232211","40.73270559","-73.98744462","7","Callery pear","Good"
"221070","40.74258716","-73.97838596","10","ginkgo","Good"
"245254","40.73348205","-74.0076925","4","honeylocust","Good"
"245052","40.72964154","-74.00705256","12","London planetree","Poor"
"229465","40.73010167","-74.00493948","2","sawtooth oak","Good"
"246851","40.75917256","-73.98052607","6","honeylocust","Good"
"243539","40.73758579","-74.00634153","4","ginkgo","Good"
"240814","40.74230585","-73.97797186","6","Sophora","Good"
"243229","40.73691416","-74.00801346","3","London planetree","Poor"
"243541","40.73758415","-74.00611385","8","ginkgo","Good"
"232213","40.73294915","-73.98726683","10","Callery pear","Poor"
"236057","40.75984989","-73.99543779","10","Callery pear","Fair"
"243218","40.73582133","-74.00642072","13","London planetree","Good"
"228346","40.72539362","-74.0002454","6","Callery pear","Good"
"246095","40.72490088","-74.00603673","0",,
"245159","40.7332926","-74.0084851","8","northern red oak","Good"
"243217","40.73579962","-74.00658057","5","London planetree","Fair"
"244973","40.73333909","-74.00645861","12","London planetree","Good"
"221199","40.74194602","-73.97876486","5","littleleaf linden","Fair"
"232201","40.73211387","-73.9863958","5","Callery pear","Good"
"230032","40.729512","-74.00781641","9","Callery pear","Good"
"246058","40.72449977","-74.00664003","16","tree of heaven","Fair"
"229468","40.72981631","-74.00509551","3","sawtooth oak","Good"
"240815","40.74233323","-73.9780369","7","Sophora","Good"
"240816","40.74235849","-73.97809689","7","Sophora","Good"
"246046","40.72500057","-74.0051579","3","sweetgum","Good"
"232223","40.73243745","-73.98538525","15","Sophora","Good"
"244369","40.74517983","-73.97303018","2","littleleaf linden","Good"
"228990","40.72948944","-74.00307204","2","willow oak","Good"
"240545","40.75547951","-73.96595233","12","London planetree","Good"
"246084","40.72441209","-74.00477138","17","American elm","Fair"
"232224","40.7324094","-73.98531864","13","Sophora","Good"
"240206","40.75645166","-73.96658568","16","littleleaf linden","Good"
"233005","40.72821912","-73.98510284","3","littleleaf linden","Good"
"232252","40.72987264","-73.98085707","5","littleleaf linden","Fair"
"221282","40.7424299","-73.97464266","7","Sophora","Poor"
"243228","40.73691394","-74.00789366","15","London planetree","Poor"
"240197","40.75596977","-73.96544549","11","Callery pear","Good"
"232209","40.73251633","-73.98735007","5","Callery pear","Poor"
"246079","40.72474876","-74.00472267","13","American elm","Good"
"246080","40.72467946","-74.00473269","14","American elm","Fair"
"225160","40.74731425","-73.97711149","5","Callery pear","Fair"
"230031","40.72946143","-74.00727276","11","Callery pear","Good"
"246057","40.72450644","-74.00671528","4","Sophora","Fair"
"221287","40.74213819","-73.97485588","11","Sophora","Fair"
"232219","40.73271959","-73.98605508","19","Sophora","Good"
"221281","40.74247692","-73.9746083","7","Sophora","Fair"
"211771","40.72911534","-74.00423759","8","littleleaf linden","Fair"
"235459","40.72491783","-73.99907565","8","Callery pear","Good"
"225148","40.74776644","-73.9764732","9","Sophora","Good"
"221289","40.74204175","-73.97492637","12","Sophora","Fair"
"236547","40.72604894","-73.99946227","9","Sophora","Good"
"221112","40.74018594","-73.9790674","8","green ash","Fair"
"246281","40.72333398","-74.00503382","7","American elm","Fair"
"246081","40.72461234","-74.0047424","12","American elm","Fair"
"240541","40.75563041","-73.96631115","17","Callery pear","Good"
"221122","40.74110289","-73.97836087","11","green ash","Good"
"221818","40.74588381","-73.97627967","13","Sophora","Good"
"232215","40.73301993","-73.98676817","17","Sophora","Good"
"232222","40.73248359","-73.98549478","17","Sophora","Good"
"243629","40.73635883","-74.00737798","2","Sophora","Good"
"243219","40.73583706","-74.00630492","5","London planetree","Poor"
"232200","40.73207821","-73.98631122","3","Callery pear","Good"
"232202","40.73213929","-73.98645607","6","Callery pear","Good"
"225161","40.7472106","-73.9771872","10","Callery pear","Good"
"240549","40.75530097","-73.96552782","6","littleleaf linden","Poor"
"243150","40.73674958","-74.00645492","8","Sophora","Good"
"246043","40.72366441","-74.00754439","11","black cherry","Good"
"220961","40.7435098","-73.97891311","5","golden raintree","Good"
"236664","40.73014768","-74.01034096","9","ash","Good"
"228988","40.72938215","-74.00342133","16","London planetree","Good"
"229467","40.72989183","-74.00505421","3","sawtooth oak","Good"
"246051","40.72510861","-74.00466691","10","Callery pear","Fair"
"244368","40.74514693","-73.97295224","2","littleleaf linden","Good"
"241394","40.7435862","-73.97718974","13","littleleaf linden","Good"
"243523","40.73776841","-74.00640741","10","willow oak","Good"
"240203","40.75631139","-73.96625378","5","littleleaf linden","Good"
"227381","40.74533135","-73.97941264","13","Callery pear","Good"
"232208","40.73247095","-73.98724246","5","Callery pear","Good"
"232204","40.7322608","-73.98674418","3","littleleaf linden","Good"
"246047","40.72498977","-74.00504079","3","sweetgum","Poor"
"221288","40.74209021","-73.97489095","12","Sophora","Fair"
"243148","40.73664652","-74.00648028","7","Sophora","Good"
"232216","40.73285733","-73.98638211","10","Sophora","Fair"
"232218","40.73275788","-73.98614599","19","Sophora","Good"
"221081","40.74401306","-73.97601088","5","Sophora","Good"
"220899","40.74500693","-73.97667501","6","Sophora","Fair"
"240201","40.75622712","-73.96605439","10",,
"246242","40.72570968","-74.00832362","6","northern red oak","Good"
"241302","40.74170748","-73.97656094","15","London planetree","Good"
"246243","40.72338818","-74.00606026","3","northern red oak","Good"
"246245","40.72349159","-74.00604234","3","northern red oak","Good"
"236058","40.75990757","-73.99539594","11",,
"229363","40.73013105","-74.0046598","5","Japanese zelkova","Good"
"241300","40.74163092","-73.97637907","19","London planetree","Fair"
"245983","40.7248971","-74.00513963","3","Japanese zelkova","Fair"
"232197","40.73186034","-73.98579465","0",,
"221065","40.74297195","-73.97929466","2",,
"246045","40.72500837","-74.00524243","4","northern red oak","Good"
"246246","40.72355417","-74.0060315","3","northern red oak","Good"
"243628","40.7363422","-74.0074943","0",,
"221066","40.7429379","-73.97921425","3","Japanese zelkova","Good"
"228995","40.72965355","-74.0024231","10","northern red oak","Good"
"215862","40.74556877","-73.97838481","12","honeylocust","Good"
"244971","40.73323168","-74.0064752","11","honeylocust","Good"
"221067","40.74289611","-73.97911556","11","Chinese elm","Good"
"246053","40.72538648","-74.00462829","3","honeylocust","Good"
"246853","40.75905502","-73.98024815","5","honeylocust","Good"
"246860","40.75872789","-73.97947466","7","honeylocust","Good"
"233081","40.72789424","-73.98589165","9","honeylocust","Good"
"233092","40.7283849","-73.98705963","11","honeylocust","Good"
"243542","40.73758307","-74.00596302","2","ginkgo","Good"
"246857","40.75884223","-73.979745","7","honeylocust","Fair"
"245002","40.73357729","-74.0070583","9","ginkgo","Good"
"241294","40.74129984","-73.97559257","11","Japanese zelkova","Good"
"229361","40.72998834","-74.00474049","5","honeylocust","Good"
"252367","40.74410543","-73.97405804","0",,
"226504","40.74791377","-73.97870899","2","pin oak","Good"
"246855","40.75892481","-73.97994027","8","honeylocust","Good"
"228996","40.72964489","-74.00238906","2","honeylocust","Good"
"243624","40.73629819","-74.00780212","9","pin oak","Good"
"240271","40.75626288","-73.96734945","11","honeylocust","Good"
"226505","40.74800874","-73.97863948","2","pin oak","Good"
"240547","40.75540777","-73.96578177","8","ginkgo","Good"
"244400","40.74465661","-73.97302521","2","honeylocust","Good"
"244402","40.74484714","-73.97288464","10","honeylocust","Fair"
"211767","40.72896336","-74.00472657","8","ginkgo","Poor"
"221068","40.74283977","-73.97898251","10","honeylocust","Fair"
"229360","40.72988496","-74.00479894","3","honeylocust","Fair"
"246859","40.75878366","-73.97960652","6","honeylocust","Good"
"221071","40.74245884","-73.97808295","8","ginkgo","Fair"
"246858","40.75881528","-73.97968128","6","honeylocust","Fair"
"228993","40.72959939","-74.00271406","10","ginkgo","Good"
"241278","40.74366259","-73.97901251","10","pin oak","Fair"
"246052","40.72524372","-74.00464813","3","honeylocust","Good"
"240270","40.75634806","-73.96728648","3","honeylocust","Good"
"244401","40.74473105","-73.97297029","12","honeylocust","Good"
"243634","40.73644177","-74.0067978","6","pin oak","Good"
"221842","40.74626907","-73.97719388","16","Callery pear","Poor"
"221126","40.74135757","-73.9782147","10","green ash","Poor"
"246868","40.75824306","-73.97832831","8","honeylocust","Good"
"221127","40.74139345","-73.9781494","8","green ash","Fair"
"243493","40.73546013","-74.00611527","13","English oak","Fair"
"211766","40.72890148","-74.00492563","10","ginkgo","Good"
"240546","40.75544523","-73.96587084","12","ginkgo","Good"
"235455","40.72593857","-73.99847843","5","green ash","Good"
"227382","40.7452819","-73.97929354","4","littleleaf linden","Good"
"243287","40.73627937","-74.00598429","7","littleleaf linden","Fair"
"229229","40.7314905","-74.00520446","19","American elm","Good"
"245274","40.72526918","-74.00356254","7","honeylocust","Good"
"241298","40.7415117","-73.97609585","11","ginkgo","Fair"
"233210","40.72845232","-73.98748162","2","common hackberry","Good"
"246082","40.72454359","-74.00475235","12","American elm","Fair"
"225172","40.74725844","-73.97794228","6","green ash","Good"
"241301","40.74166522","-73.97646053","19","littleleaf linden","Good"
"243414","40.73651173","-74.00820444","18","London planetree","Good"
"228994","40.72963371","-74.00260231","4","Amur maple","Fair"
"245030","40.73286601","-74.00988367","11","Japanese tree lilac","Good"
"211773","40.72920213","-74.00395837","6","littleleaf linden","Fair"
"241306","40.74189289","-73.97700139","12","American elm","Good"
"240204","40.75633699","-73.96631436","10","littleleaf linden","Good"
"228987","40.72935811","-74.00349961","11","London planetree","Fair"
"243413","40.73659114","-74.00819744","10","London planetree","Fair"
"243415","40.73632441","-74.00822096","2","London planetree","Good"
"241481","40.75375405","-73.96795976","23","willow oak","Good"
"221072","40.74239489","-73.97793193","18","London planetree","Good"
"241304","40.74182072","-73.97682995","12","American elm","Good"
"245984","40.72489018","-74.00506369","2","littleleaf linden","Good"
"241299","40.7415743","-73.97624457","18","London planetree","Good"
"233224","40.72779934","-73.98593152","10","littleleaf linden","Good"
"241486","40.7540223","-73.96859702","16","willow oak","Good"
"254324","40.73768865","-74.00235738","17","London planetree","Good"
"241288","40.74316684","-73.97783312","17","Callery pear","Good"
"232199","40.7320448","-73.98623202","7","Callery pear","Good"
"230033","40.72952159","-74.00791955","10","Callery pear","Good"
"232210","40.73265928","-73.98747843","6","Callery pear","Fair"
"228347","40.72545282","-74.00036736","3","Callery pear","Good"
"246169","40.72815442","-74.00316688","5","Callery pear","Good"
"241305","40.74186059","-73.97692467","11","American elm","Good"
"243488","40.73808917","-74.00592703","12","American elm","Good"
"243487","40.73809041","-74.00583755","13","American elm","Good"
"243553","40.73748532","-74.00635039","9","willow oak","Good"
"243164","40.73616442","-74.00660069","15","American elm","Good"
"243166","40.73595052","-74.00665554","5","Callery pear","Good"
"241303","40.74178603","-73.97674754","16","London planetree","Good"
"241403","40.74431879","-73.97893181","11","Callery pear","Fair"
"241342","40.74307991","-73.97726602","3","silver linden","Fair"
"241344","40.74319867","-73.97717999","6","Callery pear","Poor"
"245021","40.73338626","-74.00729377","17","Callery pear","Good"
"241475","40.75351239","-73.96738567","5","Callery pear","Good"
"241477","40.75357088","-73.96752461","6","Callery pear","Good"
"243168","40.73585407","-74.00668027","6","Callery pear","Good"
"241401","40.74425239","-73.9787739","9","Callery pear","Good"
"241402","40.74428639","-73.97885475","11","Callery pear","Good"
"241341","40.74303953","-73.97729528","12","Callery pear","Good"
"245000","40.73363624","-74.00667528","4","Callery pear","Good"
"227383","40.74524138","-73.97919599","15","Callery pear","Good"
"240269","40.75641505","-73.96723695","7","Callery pear","Fair"
"221299","40.74474336","-73.97557386","15","honeylocust","Fair"
"243489","40.73808768","-74.00603382","3","Callery pear","Fair"
"254360","40.72747183","-73.98886558","7",,
"221817","40.74585641","-73.97621464","3","Callery pear","Good"
"245158","40.73316524","-74.00849596","12","cherry","Fair"
"211769","40.7290325","-74.00450412","3","ginkgo","Good"
"211770","40.72905326","-74.00443732","3","ginkgo","Good"
"243167","40.73592304","-74.00666258","4","Callery pear","Fair"
"245022","40.73329952","-74.00731607","17","Callery pear","Good"
"246861","40.75869881","-73.97940589","7","honeylocust","Good"
"246870","40.75818569","-73.97819267","4","honeylocust","Good"
"241478","40.75362804","-73.9676604","6","Callery pear","Good"
"211768","40.72900592","-74.00458963","3","ginkgo","Good"
"241546","40.75382069","-73.96943479","7","Callery pear","Fair"
"240671","40.75721502","-73.966491","11","honeylocust","Fair"
"246865","40.7585826","-73.97913113","8","honeylocust","Good"
"246866","40.75855579","-73.97906773","9","honeylocust","Good"
"229359","40.72979823","-74.00484798","4","London planetree","Poor"
"243163","40.73630289","-74.00656518","6","ginkgo","Good"
"243412","40.73674724","-74.00818367","3","crab apple","Good"
"236049","40.75994807","-73.99597828","6","honeylocust","Good"
"241297","40.74148618","-73.97603523","18","honeylocust","Good"
"253830","40.72663219","-73.98659168","16","London planetree","Good"
"217094","40.74665889","-73.97842394","3","Callery pear","Fair"
"243549","40.73748978","-74.00603218","2","ginkgo","Good"
"254949","40.73808377","-74.00287089","8","ash","Fair"
"246863","40.75863664","-73.97925889","7","honeylocust","Good"
"174240","40.75329748","-73.96466507","22","ginkgo","Good"
"243151","40.73680138","-74.00644217","8","ginkgo","Good"
"245155","40.73292366","-74.00851657","6","Callery pear","Good"
"243550","40.73748855","-74.00612021","2","ginkgo","Fair"
"246869","40.75821411","-73.97825986","6","honeylocust","Good"
"241296","40.74143195","-73.97590641","15","honeylocust","Good"
"240548","40.75536633","-73.96568322","10","ginkgo","Poor"
"226829","40.74596309","-73.98063765","9","American linden","Fair"
"243456","40.73501461","-74.00654716","8","ginkgo","Poor"
"241355","40.75727053","-73.96465124","12","ginkgo","Good"
"253258","40.72732633","-73.98644087","9","ginkgo","Good"
"243551","40.73748753","-74.00619237","2","ginkgo","Good"
"217088","40.74653444","-73.9781255","12","honeylocust","Good"
"228307","40.7276341","-74.00170005","9","honeylocust","Poor"
"211775","40.7292555","-74.00378669","7","ginkgo","Good"
"236050","40.75989657","-73.99585609","2","honeylocust","Good"
"241483","40.75385827","-73.96820734","2","ginkgo","Good"
"252383","40.7434682","-73.97206085","8","honeylocust","Fair"
"225127","40.74788557","-73.97559386","9","ginkgo","Good"
"243454","40.73497911","-74.00677259","10","ginkgo","Poor"
"253264","40.7276485","-73.98720275","11","ginkgo","Good"
"241361","40.7575277","-73.96525987","14","ginkgo","Good"
"228308","40.72759216","-74.00161368","12","honeylocust","Good"
"253259","40.72736473","-73.98653169","8","ginkgo","Fair"
"241274","40.75583138","-73.96703707","10","ginkgo","Poor"
"246867","40.75827334","-73.97839992","8","honeylocust","Good"
"243625","40.73630691","-74.00774113","12","honeylocust","Good"
"194690","40.73653056","-73.99886788","7","honeylocust","Good"
"241567","40.75522774","-73.9714593","10","honeylocust","Good"
"241568","40.75524715","-73.97150458","9","honeylocust","Fair"
"241472","40.75336484","-73.96703515","4","pin oak","Good"
"246862","40.75866772","-73.97933239","7","honeylocust","Good"
"217087","40.74650356","-73.97805145","10","honeylocust","Good"
"243548","40.73749088","-74.00595353","2","ginkgo","Good"
"201296","40.72341608","-73.99078013","8","honeylocust","Good"
"253261","40.72748075","-73.98680604","10","ginkgo","Good"
"252395","40.74392332","-73.97324823","8","honeylocust","Good"
"241572","40.75543739","-73.97194819","9","ginkgo","Fair"
"241356","40.75730919","-73.96474274","9","ginkgo","Good"
"227976","40.74520992","-73.97885015","4","Japanese zelkova","Fair"
"229466","40.73002108","-74.00498354","2",,
"194694","40.73630191","-73.99832529","8","ginkgo","Fair"
"217086","40.74646965","-73.97797012","2","honeylocust","Good"
"246416","40.72762999","-74.00558335","2","ginkgo","Poor"
"225125","40.74795963","-73.97577178","14","ginkgo","Good"
"243455","40.73499291","-74.00668496","10","ginkgo","Good"
"253256","40.72721324","-73.98617345","10","ginkgo","Good"
"241548","40.75409941","-73.9692339","3","honeylocust","Good"
"201297","40.7233138","-73.99043952","7","honeylocust","Good"
"241295","40.74135699","-73.97572834","8","Japanese zelkova","Good"
"241360","40.7574961","-73.9651851","9","ginkgo","Good"
"194691","40.73648321","-73.99875551","7","silver linden","Poor"
"243165","40.73609761","-74.00661782","7","honeylocust","Good"
"241359","40.75746891","-73.96512073","10","ginkgo","Good"
"241476","40.75354323","-73.96745893","7","Callery pear","Good"
"225149","40.74794509","-73.97634387","11","Callery pear","Good"
"241405","40.75470703","-73.96799427","14","ginkgo","Good"
"241412","40.75430614","-73.96704431","11","ginkgo","Good"
"255022","40.73785637","-74.00392492","18","American linden","Good"
"254945","40.73808423","-74.00238519","11","ginkgo","Good"
"232220","40.73267664","-73.98595312","21","Sophora","Good"
"243462","40.73800006","-74.00571101","6","Japanese zelkova","Good"
"232221","40.73252932","-73.98560337","18","Sophora","Good"
"221285","40.74223607","-73.97478434","10","Sophora","Fair"
"243458","40.73504922","-74.00632738","12","ginkgo","Good"
"243227","40.73691318","-74.00748951","11","Sophora","Good"
"227384","40.74518311","-73.97905567","5","Sophora","Good"
"211500","40.72924242","-74.00406366","9","ginkgo","Good"
"246235","40.72471681","-74.00849942","5","northern red oak","Good"
"232088","40.72937417","-73.98940721","3",,
"241363","40.75761835","-73.96547443","4","honeylocust","Fair"
"241365","40.75780126","-73.96590732","5","crab apple","Good"
"246277","40.72509746","-74.00620087","3","Japanese zelkova","Fair"
"254331","40.73762628","-74.00318689","0",,
"241358","40.75744118","-73.9650551","9","ginkgo","Good"
"254185","40.7271","-73.98959158","17","Sophora","Good"
"244999","40.73365693","-74.00654089","10","Callery pear","Good"
"241479","40.75366393","-73.96774566","14","Callery pear","Good"
"254351","40.72802825","-73.99018613","11","Callery pear","Good"
"241357","40.75741278","-73.9649879","10","ginkgo","Poor"
"241323","40.75285403","-73.96948182","6","Sophora","Good"
"253262","40.72755515","-73.98698201","10","ginkgo","Fair"
"246275","40.72512187","-74.00645791","4",,
"253263","40.72758903","-73.98706211","2",,
"229469","40.72975093","-74.00513126","2","sawtooth oak","Good"
"253260","40.72744688","-73.98672594","5","ginkgo","Good"
"161707","40.73798733","-74.00968615","12","bur oak","Good"
"229470","40.72965057","-74.00518613","3","sawtooth oak","Good"
"243490","40.73808645","-74.00612294","13","London planetree","Fair"
"225150","40.74802612","-73.97628521","5","Japanese zelkova","Fair"
"253831","40.7268244","-73.98704976","13","London planetree","Good"
"253833","40.72699846","-73.98746457","18","London planetree","Good"
"241575","40.75555765","-73.97222864","9","ginkgo","Good"
"225147","40.74772123","-73.97650592","4","Callery pear","Fair"
"161708","40.73788486","-74.00967338","10","bur oak","Good"
"241547","40.75390734","-73.96937234","5","Callery pear","Good"
"211774","40.72922767","-74.00387621","9","Callery pear","Good"
"254944","40.73808433","-74.00227116","18","American elm","Good"
"241569","40.7553182","-73.97167026","12","honeylocust","Good"
"241484","40.7538891","-73.9682806","4","ginkgo","Fair"
"241293","40.74298388","-73.97739788","17","Callery pear","Fair"
"228989","40.72941915","-74.00330088","4","sugar maple","Good"
"195102","40.7381667","-73.9878382","3","European hornbeam","Poor"
"228992","40.72956835","-74.0028151","4","littleleaf linden","Good"
"241343","40.74313713","-73.97722457","3","silver linden","Good"
"243632","40.7364144","-74.00698931","4","Callery pear","Good"
"220677","40.74647425","-73.97741567","6","Japanese zelkova","Good"
"240268","40.75648204","-73.96718742","9","Callery pear","Good"
"254947","40.73808399","-74.00263995","16","American elm","Good"
"246274","40.72513037","-74.00654741","4","London planetree","Fair"
"254190","40.72741355","-73.99033872","16","Sophora","Good"
"235548","40.72489406","-73.99949847","7","Chinese elm","Good"
"241471","40.75332416","-73.96693852","3","black oak","Fair"
"243524","40.73768608","-74.0064094","11","willow oak","Good"
"194695","40.73627185","-73.99825396","7","ginkgo","Poor"
"243420","40.73525405","-74.00683165","3","ginkgo","Good"
"252386","40.74430195","-73.97284096","10","honeylocust","Fair"
"180419","40.72448549","-73.97419896","6","hawthorn","Good"
"252389","40.74421405","-73.97263476","10","honeylocust","Good"
"254329","40.73764307","-74.00296353","7","ginkgo","Good"
"217214","40.74683976","-73.97858925","7","Sophora","Good"
"221290","40.7417925","-73.97510855","7","Sophora","Good"
"252376","40.74360044","-73.97285768","12","honeylocust","Fair"
"252363","40.74423248","-73.97436033","7","pin oak","Good"
"246872","40.75813072","-73.97806271","7","honeylocust","Good"
"252375","40.74362736","-73.97292182","9","honeylocust","Good"
"243460","40.73740772","-74.00580875","11","pin oak","Good"
"241574","40.75550871","-73.97211451","9","ginkgo","Good"
"246005","40.72372778","-74.00635503","17","littleleaf linden","Good"
"252365","40.74417154","-73.97421534","5","pin oak","Good"
"162808","40.72594428","-73.97968521","3","golden raintree","Good"
"206294","40.73821898","-73.98080775","3","golden raintree","Good"
"253531","40.72775451","-73.98772346","11","ginkgo","Poor"
"243418","40.7355823","-74.0067522","8","ginkgo","Good"
"226828","40.74599696","-73.98071819","7","Japanese zelkova","Good"
"255020","40.73802105","-74.00392363","8","pin oak","Good"
"164399","40.74707583","-73.98517792","4","swamp white oak","Good"
"211772","40.72917556","-74.00404387","9","Callery pear","Good"
"252371","40.74371238","-73.97312434","9","honeylocust","Good"
"254187","40.72722688","-73.98989391","17","Sophora","Good"
"254188","40.72729237","-73.99004997","8","Sophora","Good"
"246414","40.72735541","-74.00562502","3","Sophora","Poor"
"243459","40.73735281","-74.00581883","14","pin oak","Good"
"253837","40.72718126","-73.98790023","13","Callery pear","Good"
"236626","40.72518595","-74.00032399","6","cherry","Good"
"73249","40.72652555","-73.99875446","3","Amur maackia","Good"
"245051","40.72971999","-74.00703981","8","littleleaf linden","Poor"
"254948","40.7380839","-74.00273738","6","ginkgo","Poor"
"229228","40.73151848","-74.00511581","10","littleleaf linden","Good"
"252382","40.7433357","-73.97222704","11","honeylocust","Good"
"252394","40.74388419","-73.97327676","11","honeylocust","Fair"
"246871","40.75815353","-73.97811665","7","honeylocust","Good"
"241573","40.7554715","-73.97202774","9","ginkgo","Good"
"241480","40.753707","-73.96784797","2","ginkgo","Good"
"245247","40.73337289","-74.00839422","4","cherry","Fair"
"243457","40.73502886","-74.0064567","10","littleleaf linden","Fair"
"147347","40.74874647","-73.99490632","5","'Schubert' chokecherry","Good"
"241570","40.75535178","-73.97174855","7","ginkgo","Good"
"236548","40.72581126","-73.99966349","4","cherry","Good"
"241571","40.75540301","-73.97186802","7","ginkgo","Poor"
"252385","40.74371334","-73.9719034","6","honeylocust","Poor"
"228082","40.72602241","-74.00152434","5","Sophora","Good"
"254953","40.73808335","-74.0033234","9","ginkgo","Poor"
"241485","40.75393616","-73.96839239","11","ginkgo","Good"
"253257","40.72727912","-73.98632923","9","ginkgo","Good"
"246873","40.75809643","-73.97798164","6","honeylocust","Good"
"254951","40.73808361","-74.00304771","11","ginkgo","Good"
"252384","40.74359225","-73.97198117","5","honeylocust","Poor"
"243419","40.7354619","-74.00678134","10","ginkgo","Good"
"254353","40.72784234","-73.98974489","8","honeylocust","Good"
"254354","40.72776175","-73.98955363","6","honeylocust","Good"
"255107","40.73789649","-74.00382185","15","American linden","Good"
"177261","40.73394848","-73.97473207","4","Amur maackia","Fair"
"254952","40.73808346","-74.00320865","18","American elm","Fair"
"195101","40.73805393","-73.98792058","4","European hornbeam","Poor"
"168196","40.72656972","-73.9790889","9","Amur maackia","Good"
"239575","40.73044733","-73.9798946","11","honeylocust","Good"
"239577","40.73037396","-73.97971992","13","honeylocust","Good"
"252377","40.74357338","-73.97279322","9","honeylocust","Fair"
"241474","40.75348474","-73.96731999","10","Callery pear","Good"
"115123","40.73476937","-73.98828287","3","European hornbeam","Poor"
"235370","40.72361937","-73.99950525","6","sawtooth oak","Good"
"252372","40.74369209","-73.973076","8","honeylocust","Good"
"128808","40.73106947","-74.00753469","3","bur oak","Fair"
"122742","40.75958032","-73.96524241","3","bigtooth aspen","Good"
"240267","40.75655573","-73.96713294","8","Callery pear","Fair"
"252388","40.74423163","-73.972676","12","honeylocust","Fair"
"243627","40.73633023","-74.007578","2","cherry","Good"
"221284","40.74233203","-73.97471421","12","Sophora","Fair"
"254192","40.72756084","-73.9906897","15","Sophora","Good"
"243494","40.73560736","-74.00609277","11","Sophora","Good"
"228079","40.72588457","-74.00124022","4","Sophora","Good"
"241482","40.75380377","-73.96807787","11","willow oak","Good"
"254193","40.72762076","-73.99083249","17","pin oak","Good"
"241364","40.7577438","-73.96577133","14","Callery pear","Good"
"254978","40.73808438","-74.00399777","9","pin oak","Good"
"253836","40.72713394","-73.98778744","18","honeylocust","Good"
"254954","40.73808313","-74.00356012","11","ginkgo","Fair"
"255103","40.73764235","-74.00382625","6","honeylocust","Good"
"252370","40.74373333","-73.97317426","9","honeylocust","Good"
"252393","40.74390378","-73.97190693","11","honeylocust","Fair"
"252364","40.74420407","-73.97429273","5","pin oak","Good"
"255021","40.73795573","-74.00392414","12","pin oak","Good"
"243279","40.73632343","-74.00575766","5","Callery pear","Poor"
"254194","40.72767697","-73.99096644","5","pin oak","Good"
"225184","40.74798025","-73.97963713","4","'Schubert' chokecherry","Good"
"252381","40.74336289","-73.97229181","11","honeylocust","Fair"
"239661","40.74663021","-73.97422819","3",,
"241292","40.74302212","-73.97748885","13","Callery pear","Fair"
"254350","40.72805791","-73.99025651","8","Callery pear","Good"
"220680","40.74664413","-73.97729233","12","pin oak","Fair"
"253834","40.72701967","-73.98751511","4","Callery pear","Poor"
"246229","40.72859267","-74.0085662","3","green ash","Fair"
"246230","40.72863244","-74.00855971","3","green ash","Fair"
"206293","40.7381255","-73.98087632","9","golden raintree","Good"
"235392","40.72558939","-73.99783488","14","green ash","Good"
"227385","40.74515654","-73.97899168","5","Sophora","Good"
"243280","40.73642448","-74.00574437","7","Sophora","Fair"
"217089","40.74657614","-73.9782255","4","littleleaf linden","Fair"
"254332","40.73762206","-74.00324291","2","littleleaf linden","Good"
"167204","40.73398391","-73.98094906","3","European hornbeam","Good"
"178449","40.72862524","-73.97812497","2","swamp white oak","Good"
"244370","40.74521073","-73.97310339","8","honeylocust","Good"
"239579","40.73029954","-73.97954272","12","honeylocust","Good"
"252380","40.74342139","-73.97243114","13","honeylocust","Good"
"253885","40.72702967","-73.98893034","11","ginkgo","Fair"
"254336","40.7375875","-74.00370256","15","honeylocust","Good"
"252374","40.74364978","-73.97297521","14","honeylocust","Good"
"252391","40.74394752","-73.97200956","9","honeylocust","Fair"
"220985","40.7448437","-73.97798924","3","swamp white oak","Fair"
"252373","40.74367113","-73.97302608","9","honeylocust","Fair"
"252396","40.74396436","-73.9732183","8","honeylocust","Good"
"252399","40.74407262","-73.97313937","9","honeylocust","Good"
"252400","40.74411054","-73.97311171","10","honeylocust","Good"
"254335","40.73759549","-74.00359626","10","London planetree","Good"
"252387","40.74428088","-73.97279154","14","honeylocust","Fair"
"204932","40.73567238","-73.97543812","6","golden raintree","Fair"
"252360","40.74437917","-73.97470935","10","honeylocust","Fair"
"252392","40.74392552","-73.97195793","9","honeylocust","Good"
"239574","40.73048859","-73.97999283","15","honeylocust","Good"
"253534","40.72755722","-73.98725463","14","ginkgo","Good"
"252397","40.74399869","-73.97319327","8","honeylocust","Good"
"252398","40.74403493","-73.97316685","8","honeylocust","Good"
"254330","40.737636","-74.00305762","10","ginkgo","Good"
"254328","40.73766035","-74.00273371","10","ginkgo","Poor"
"217097","40.74685235","-73.97888786","4","ginkgo","Poor"
"233211","40.72841881","-73.98740207","2","common hackberry","Good"
"243630","40.73638403","-74.00720173","17","willow oak","Good"
"243622","40.73626792","-74.00801384","20","willow oak","Good"
"243540","40.73758503","-74.00623581","16","willow oak","Good"
"260231","40.73758589","-74.00448462","5","ash","Good"
"254323","40.73771166","-74.00205142","11","ginkgo","Fair"
"254184","40.72704538","-73.98946142","19","honeylocust","Good"
"246389","40.72708662","-74.00430086","17","London planetree","Good"
"243621","40.73625393","-74.00811172","24","willow oak","Good"
"243626","40.73631634","-74.00767517","12","willow oak","Good"
"252403","40.74426368","-73.97300004","8","honeylocust","Fair"
"149523","40.74988784","-73.98130097","3","Japanese tree lilac","Fair"
"254349","40.72812799","-73.99042285","15","London planetree","Fair"
"246393","40.72713576","-74.00482582","12","London planetree","Good"
"246395","40.72715171","-74.00499627","12","London planetree","Good"
"228196","40.731312","-73.98194878","16","honeylocust","Good"
"254182","40.72692646","-73.98917805","0",,
"239578","40.7303351","-73.97962738","13","honeylocust","Good"
"252390","40.74396886","-73.97205961","11","honeylocust","Fair"
"243411","40.73681681","-74.00817754","18","Sophora","Good"
"243564","40.73735185","-74.0064255","2","ginkgo","Good"
"160774","40.72941276","-73.98027889","3","hardy rubber tree","Good"
"243461","40.73790675","-74.00572445","11","willow oak","Fair"
"221124","40.74119942","-73.97829062","8","green ash","Fair"
"241470","40.75329199","-73.9668621","4","black oak","Good"
"246276","40.72510263","-74.00625528","4","Japanese zelkova","Fair"
"254327","40.7376671","-74.00264394","6","Japanese zelkova","Good"
"253832","40.72689917","-73.98722794","14","Chinese elm","Good"
"241367","40.75786644","-73.96606162","4","Callery pear","Good"
"255023","40.73777348","-74.00392557","0",,
"194692","40.73641511","-73.99859391","11",,
"246231","40.72867385","-74.00855295","3","green ash","Fair"
"252368","40.7440052","-73.97381957","12","Callery pear","Poor"
"243421","40.73513312","-74.00686091","11",,
"217090","40.746604","-73.9782923","0",,
"217092","40.74660928","-73.97830496","0",,
"220682","40.74681353","-73.97716934","10","Callery pear","Poor"
"227764","40.7275781","-74.00290739","14","Japanese zelkova","Good"
"217085","40.74643521","-73.97788753","3","Japanese zelkova","Good"
"220678","40.74652159","-73.97738131","11","Japanese zelkova","Good"
"252379","40.74345083","-73.97250128","12","honeylocust","Good"
"254326","40.73767623","-74.00252256","6","ginkgo","Good"
"252402","40.74418687","-73.97305605","10","honeylocust","Good"
"241366","40.75783525","-73.96598778","5","American linden","Fair"
"244170","40.75644173","-73.97859061","7","honeylocust","Good"
"244172","40.75635654","-73.97865428","7","honeylocust","Good"
"246394","40.727144","-74.00491391","8","ginkgo","Good"
"260228","40.7375867","-74.00414398","9","ginkgo","Good"
"246514","40.72526671","-74.0091263","4","ginkgo","Fair"
"244174","40.75621837","-73.97875754","4","honeylocust","Good"
"245029","40.73292737","-74.00987862","12","Japanese tree lilac","Good"
"240557","40.75847573","-73.96573918","12","honeylocust","Good"
"260229","40.73758639","-74.00427677","9","ginkgo","Good"
"244171","40.75639233","-73.97862753","4","honeylocust","Good"
"244173","40.75625536","-73.9787299","3","honeylocust","Good"
"241506","40.75386421","-73.96909869","3","honeylocust","Good"
"246516","40.72516877","-74.00914354","4","ginkgo","Good"
"246515","40.7252123","-74.00913588","3","ginkgo","Fair"
"244169","40.75647514","-73.97856564","4","honeylocust","Fair"
"240376","40.75616488","-73.96563474","13","ginkgo","Poor"
"225143","40.74743083","-73.97612024","7","ginkgo","Poor"
"220679","40.74656868","-73.97734711","9","pin oak","Good"
"244403","40.74491488","-73.97283465","6","littleleaf linden","Good"
"243492","40.73532109","-74.00613652","7","littleleaf linden","Fair"
"246513","40.72532112","-74.00911672","4","ginkgo","Good"
"217096","40.74673055","-73.97859578","7","pin oak","Poor"
"243566","40.7371136","-74.00642508","10","pin oak","Good"
"243276","40.73601686","-74.00583243","13","pin oak","Good"
"206235","40.73731704","-73.98118713","2","pin oak","Good"
"235457","40.72514222","-73.99915591","2","littleleaf linden","Fair"
"217095","40.74669162","-73.97850242","6","pin oak","Fair"
"246006","40.72373472","-74.00642661","3","littleleaf linden","Good"
"243522","40.73797615","-74.00640239","8","littleleaf linden","Fair"
"243277","40.73614222","-74.00581595","17","pin oak","Good"
"252366","40.74414406","-73.97414996","4","pin oak","Good"
"243278","40.73622292","-74.00577088","5","littleleaf linden","Good"
"244130","40.75725056","-73.98209191","9","pin oak","Fair"
"229231","40.73143308","-74.00538643","4","littleleaf linden","Good"
"243565","40.73720802","-74.00642525","9","pin oak","Good"
"246385","40.7270391","-74.00379308","15","ginkgo","Good"
"253829","40.72658499","-73.98647921","8","Callery pear","Good"
"252361","40.74431266","-73.97455111","6","Callery pear","Fair"
"246390","40.72710023","-74.00444624","5","American elm","Good"
"254325","40.73768233","-74.0024414","16","Callery pear","Good"
"260354","40.73794663","-74.00420596","6","Callery pear","Good"
"246388","40.72707985","-74.00422852","6","American elm","Good"
"254334","40.73760813","-74.00342821","9","Callery pear","Good"
"246509","40.72565302","-74.00905829","5","Japanese zelkova","Good"
"246508","40.72572103","-74.00904632","7","Japanese zelkova","Fair"
"246391","40.72710667","-74.004515","14","London planetree","Good"
"252378","40.74354686","-73.97273003","10",,
"228078","40.72645903","-74.0021956","22","London planetree","Good"
"196854","40.74279661","-73.9804044","17","London planetree","Good"
"246511","40.72550339","-74.00908463","8","Japanese zelkova","Good"
"246720","40.72494052","-74.00936473","3","Japanese zelkova","Fair"
"246404","40.72376464","-74.00546731","8","Callery pear","Good"
"48341","40.73277988","-73.98201428","3","serviceberry","Fair"
"228198","40.73121809","-73.9817243","12","honeylocust","Good"
"253265","40.72769237","-73.98730651","6","ginkgo","Good"
"246225","40.72842761","-74.00859312","3","green ash","Fair"
"246227","40.72851232","-74.0085793","3","green ash","Fair"
"236625","40.72448408","-74.00091709","5","ginkgo","Good"
"246223","40.7283448","-74.00860663","3","green ash","Poor"
"236627","40.72524367","-74.00027521","8","cherry","Good"
"254946","40.73808414","-74.00247973","14","Japanese zelkova","Good"
"246512","40.72544898","-74.00909421","7","Japanese zelkova","Fair"
"246405","40.72377215","-74.0055457","3","northern red oak","Poor"
"246722","40.72511189","-74.00933439","5","northern red oak","Fair"
"254189","40.72735362","-73.99019592","13","Japanese zelkova","Good"
"236550","40.72564743","-73.9998022","4","London planetree","Good"
"211632","40.72944149","-74.00377706","4","cherry","Good"
"246407","40.72378729","-74.00570355","6","Callery pear","Good"
"196853","40.74288763","-73.98033819","0",,
"228202","40.73077581","-73.98066707","10","honeylocust","Good"
"228204","40.73070452","-73.98049666","14","honeylocust","Good"
"246406","40.72377964","-74.00562373","5","Callery pear","Good"
"228197","40.73126518","-73.98183686","18","honeylocust","Good"
"253266","40.72774998","-73.98744274","15","ginkgo","Good"
"254357","40.72760482","-73.9891812","10","Callery pear","Good"
"221064","40.74301828","-73.97940407","5","Norway maple","Good"
"246726","40.7254617","-74.00927245","7","Callery pear","Fair"
"246725","40.72534446","-74.00929321","7","Callery pear","Fair"
"254191","40.72747413","-73.99048309","15","Sophora","Good"
"246392","40.72711813","-74.00463746","22","Sophora","Good"
"221076","40.74346444","-73.97471074","2","swamp white oak","Poor"
"228199","40.73116995","-73.98160922","15","honeylocust","Good"
"239631","40.7467855","-73.97425346","9","honeylocust","Fair"
"243491","40.73808538","-74.00620015","11","littleleaf linden","Good"
"262333","40.73200858","-74.00515245","11","ginkgo","Fair"
"260449","40.73758905","-74.00509045","5","honeylocust","Good"
"241505","40.75404604","-73.96896575","4","Sophora","Good"
"246727","40.72552372","-74.00926147","5","Callery pear","Fair"
"239586","40.73003196","-73.97890563","13","honeylocust","Good"
"239588","40.72995926","-73.97873253","13","honeylocust","Good"
"246232","40.72871552","-74.00854616","3","green ash","Fair"
"246402","40.72731266","-74.00539664","3","Sophora","Good"
"260412","40.73803771","-74.00438818","4","littleleaf linden","Fair"
"239596","40.74683975","-73.97452937","12","Callery pear","Good"
"228080","40.72596648","-74.00140905","7","Sophora","Good"
"254358","40.72755562","-73.98906442","12","Callery pear","Good"
"260227","40.737587","-74.00401769","14","Callery pear","Poor"
"246408","40.72379491","-74.00578301","4","Callery pear","Good"
"241275","40.75588698","-73.9671678","15","silver linden","Good"
"236663","40.72957691","-74.01038898","9","honeylocust","Good"
"241508","40.75372171","-73.96920288","3","honeylocust","Good"
"246409","40.72380318","-74.00586927","19","Callery pear","Good"
"254333","40.73761467","-74.00334131","13","silver linden","Good"
"136594","40.72417892","-73.98670647","2","paper birch","Good"
"239581","40.73022737","-73.97937089","16","honeylocust","Good"
"239595","40.72964205","-73.97797731","15","honeylocust","Good"
"260137","40.73710218","-74.00382237","8","honeylocust","Good"
"264081","40.73761077","-74.00210905","5","ginkgo","Good"
"246226","40.72846738","-74.00858663","3","green ash","Fair"
"264229","40.736994","-74.00897885","4","ginkgo","Good"
"264230","40.73699445","-74.00908927","4","ginkgo","Good"
"253267","40.72781052","-73.98758591","9","ginkgo","Good"
"253268","40.72785586","-73.98769313","10","ginkgo","Good"
"254186","40.72717385","-73.98976754","14","Sophora","Good"
"239592","40.7297722","-73.97828717","12","honeylocust","Good"
"253539","40.72738184","-73.98683789","8","ginkgo","Good"
"262332","40.73211107","-74.00521267","8","ginkgo","Fair"
"228200","40.7308557","-73.98085803","14","honeylocust","Good"
"262266","40.73276086","-74.00395045","3","Japanese zelkova","Good"
"262334","40.73191962","-74.00510019","11",,
"239582","40.73018943","-73.97928056","12","honeylocust","Good"
"239584","40.73011593","-73.97910557","11","honeylocust","Good"
"246415","40.72741267","-74.00561633","2","Sophora","Fair"
"239600","40.74718837","-73.97427618","8","honeylocust","Good"
"239593","40.72973505","-73.97819873","13","honeylocust","Good"
"241507","40.75376921","-73.96916815","3","honeylocust","Good"
"254356","40.72763807","-73.9892601","9","Callery pear","Good"
"246224","40.72838784","-74.00859961","3","green ash","Fair"
"228203","40.73074221","-73.98058676","14","honeylocust","Good"
"260350","40.73763138","-74.00457615","4","ginkgo","Good"
"239594","40.72969817","-73.97811092","16","honeylocust","Good"
"226749","40.74575563","-73.97842186","15","Sophora","Good"
"226506","40.74815","-73.97853608","3","Sophora","Fair"
"241276","40.75592155","-73.96724908","13","silver linden","Good"
"226745","40.74596853","-73.97892649","5","Callery pear","Good"
"239599","40.7471247","-73.97432242","10","honeylocust","Good"
"239585","40.73007123","-73.97899912","16","honeylocust","Good"
"239630","40.74685715","-73.97419938","11","ginkgo","Good"
"244981","40.73295838","-74.0100737","13","cherry","Good"
"264288","40.73759272","-74.008777","11","honeylocust","Good"
"228081","40.72598979","-74.00145711","6","Sophora","Good"
"239657","40.74643302","-73.97375503","3","Sophora","Fair"
"268781","40.72317102","-74.00318572","0",,
"262309","40.73280696","-74.0041367","11","honeylocust","Good"
"239587","40.72999521","-73.97881813","11","honeylocust","Good"
"262310","40.73278427","-74.0042087","2","honeylocust","Good"
"262330","40.7322752","-74.0053091","11","Callery pear","Good"
"239591","40.72981226","-73.97838256","11","honeylocust","Good"
"239602","40.74755788","-73.97399982","12","ginkgo","Good"
"252362","40.74427204","-73.97445445","12","Callery pear","Good"
"262329","40.73232306","-74.00533722","8","Callery pear","Fair"
"226747","40.74588319","-73.9787242","6","Callery pear","Good"
"244980","40.73268596","-74.01009897","14","cherry","Good"
"264227","40.7369934","-74.00883307","4","ginkgo","Good"
"264261","40.73749788","-74.00879043","12","honeylocust","Good"
"264080","40.7376171","-74.00203046","5","ginkgo","Good"
"264262","40.73749727","-74.0086645","11","honeylocust","Good"
"260418","40.73768485","-74.00478956","8","ash","Good"
"260353","40.73786639","-74.00430019","6","English oak","Good"
"253541","40.72724101","-73.98650324","8","ginkgo","Good"
"226748","40.74579611","-73.9785178","6","Callery pear","Fair"
"239580","40.73026439","-73.97945902","15","honeylocust","Good"
"264264","40.73749613","-74.00842779","15","honeylocust","Good"
"241417","40.75410463","-73.96656682","9","ginkgo","Good"
"217075","40.74638595","-73.97949324","8","English oak","Fair"
"262316","40.73255765","-74.00492773","4","red maple","Good"
"217076","40.74634971","-73.97940701","6","English oak","Fair"
"196852","40.74297097","-73.98027757","11","honeylocust","Good"
"246721","40.72498893","-74.00935616","3","Japanese zelkova","Fair"
"241307","40.74196413","-73.97717063","21","London planetree","Good"
"260414","40.73794223","-74.00449679","5","pin oak","Good"
"239583","40.730156","-73.97920096","6","honeylocust","Good"
"239590","40.72984914","-73.97847037","13","honeylocust","Good"
"264083","40.73758403","-74.00244134","16","ginkgo","Good"
"239589","40.72992105","-73.97864157","13","honeylocust","Good"
"253542","40.72715332","-73.98629487","10","ginkgo","Fair"
"246864","40.75860902","-73.97919359","7","honeylocust","Good"
"243552","40.73748651","-74.00626524","2","ginkgo","Good"
"241362","40.75758636","-73.9653987","10","ginkgo","Good"
"260039","40.73715942","-74.00374039","8","ginkgo","Poor"
"246417","40.72767143","-74.00557706","2","ginkgo","Fair"
"243623","40.73628653","-74.00788369","5","sawtooth oak","Good"
"260036","40.73696873","-74.00369935","10","honeylocust","Good"
"149505","40.75279368","-73.99658148","6","bigtooth aspen","Good"
"253540","40.72729495","-73.98663142","13","honeylocust","Good"
"264225","40.73699257","-74.00863317","4","ginkgo","Good"
"260416","40.73781437","-74.00464223","4","Japanese zelkova","Good"
"227997","40.7452768","-73.98091451","3","pin oak","Poor"
"228000","40.74564324","-73.98178175","4","pin oak","Fair"
"264110","40.73675022","-74.00661669","5","Sophora","Good"
"226746","40.74593751","-73.97885296","15","Sophora","Good"
"260351","40.73768543","-74.00451269","4","Sophora","Good"
"220989","40.7446925","-73.97762987","2","swamp white oak","Good"
"221200","40.7419957","-73.97888255","13","swamp white oak","Good"
"240972","40.74038814","-73.97613282","8","honeylocust","Good"
"254352","40.72788011","-73.98983453","8","Callery pear","Fair"
"226744","40.74601007","-73.97902495","4","Callery pear","Good"
"260135","40.73735074","-74.00388091","6","Callery pear","Good"
"220991","40.74460216","-73.97741514","4","southern magnolia","Fair"
"264263","40.73749672","-74.00854975","11","honeylocust","Good"
"241445","40.74419444","-73.97833982","2","honeylocust","Fair"
"149522","40.7499185","-73.98127841","3","Japanese tree lilac","Fair"
"254359","40.72749896","-73.98892997","8","Callery pear","Good"
"260138","40.73699681","-74.00379755","3","Japanese zelkova","Good"
"260040","40.73721847","-74.0037531","4","Japanese zelkova","Good"
"227998","40.74552807","-73.98150918","4","pin oak","Fair"
"226550","40.7473714","-73.97912139","0",,
"260038","40.73709821","-74.00372722","8",,
"244140","40.75694435","-73.98136015","11","pin oak","Good"
"227996","40.74524574","-73.98084101","4","pin oak","Poor"
"246826","40.72361787","-74.00532066","2","white oak","Good"
"201384","40.72308603","-73.98968067","9","Sophora","Good"
"136662","40.72411245","-73.98505556","10","Virginia pine","Good"
"260043","40.73739562","-74.00379123","4","Callery pear","Good"
"241045","40.74092419","-73.97662183","7","pin oak","Good"
"260042","40.73733549","-74.00377829","6","Callery pear","Good"
"115160","40.73482315","-73.98855253","2","European hornbeam","Fair"
"243543","40.73758254","-74.00588941","8","green ash","Good"
"244133","40.75718479","-73.98193474","8","pin oak","Fair"
"217080","40.74619785","-73.97904564","6","English oak","Good"
"254183","40.72699248","-73.98933538","8","'Schubert' chokecherry","Good"
"239598","40.74697382","-73.974432","16","Callery pear","Fair"
"226495","40.74834442","-73.97858792","12","willow oak","Good"
"235393","40.72563604","-73.99779549","7","green ash","Good"
"241385","40.74388956","-73.97666836","3","London planetree","Good"
"244131","40.75723217","-73.98204795","8","pin oak","Poor"
"244138","40.75698828","-73.98146514","9","pin oak","Good"
"228001","40.7456787","-73.98186567","4","pin oak","Fair"
"175701","40.74813411","-73.98035858","3","swamp white oak","Good"
"260355","40.73799495","-74.00414924","8","pin oak","Good"
"246724","40.72524735","-74.00931041","19","Sophora","Good"
"226551","40.74732593","-73.97915421","4","Sophora","Good"
"262313","40.73264464","-74.00465172","11","ginkgo","Good"
"268250","40.73871236","-74.00878661","4","cherry","Poor"
"226830","40.74592975","-73.98055838","5","littleleaf linden","Good"
"264228","40.7369937","-74.00890741","4","ginkgo","Good"
"253535","40.72752307","-73.98717349","4","cherry","Good"
"244137","40.7570166","-73.98153281","10","pin oak","Fair"
"228002","40.74572068","-73.98196504","4","pin oak","Good"
"227999","40.74558166","-73.981636","3","pin oak","Fair"
"254355","40.72768355","-73.98936805","7","Callery pear","Fair"
"239597","40.74688997","-73.9744929","6","Callery pear","Fair"
"241487","40.75406962","-73.96870944","10","Sophora","Good"
"240973","40.74045656","-73.97608296","7","honeylocust","Good"
"241441","40.74368093","-73.97711931","8","honeylocust","Fair"
"244139","40.75697426","-73.98143161","9","pin oak","Good"
"244141","40.75693072","-73.98132757","9","pin oak","Fair"
"264082","40.73760347","-74.00219984","10","littleleaf linden","Fair"
"226827","40.74603003","-73.98079683","5","littleleaf linden","Fair"
"244132","40.7572053","-73.98198376","8","pin oak","Good"
"244134","40.75707297","-73.98166752","9","pin oak","Good"
"252359","40.74441196","-73.97478737","4","littleleaf linden","Poor"
"244135","40.75705934","-73.98163495","3","northern red oak","Good"
"260037","40.73704241","-74.00371521","10","London planetree","Fair"
"264292","40.73759129","-74.00840352","5",,
"260136","40.73721133","-74.00384808","9","London planetree","Good"
"260352","40.73778328","-74.00439779","6",,
"264291","40.73759171","-74.00851322","7","Callery pear","Good"
"260451","40.73758942","-74.00525211","9","Callery pear","Good"
"241386","40.74377811","-73.97674714","2","silver linden","Good"
"264290","40.73759213","-74.00862219","9","Callery pear","Good"
"244136","40.7570305","-73.98156601","10","pin oak","Good"
"241046","40.74094674","-73.97667553","7","pin oak","Good"
"232205","40.73229448","-73.98682402","3","littleleaf linden","Good"
"232207","40.73240095","-73.98707647","3","littleleaf linden","Good"
"180418","40.72455977","-73.97421464","3","Amur maackia","Good"
"264224","40.73699221","-74.00854548","9","Callery pear","Good"
"253532","40.72768582","-73.98756024","7","littleleaf linden","Good"
"260413","40.73798748","-74.00444532","12","littleleaf linden","Good"
"264085","40.73756929","-74.00262435","12","littleleaf linden","Fair"
"271841","40.72667786","-74.00105979","6","littleleaf linden","Good"
"241308","40.74200015","-73.9772562","15","London planetree","Good"
"268783","40.72304986","-74.00328759","6","littleleaf linden","Poor"
"264257","40.73750141","-74.00951969","12","ash","Fair"
"151930","40.74901334","-73.96968038","11","dawn redwood","Good"
"241473","40.75344592","-73.96722778","13","willow oak","Good"
"241415","40.75420692","-73.96680919","12","ginkgo","Good"
"195436","40.74366434","-73.98383362","4","European hornbeam","Fair"
"260452","40.73758961","-74.00533727","4","London planetree","Fair"
"240832","40.74293597","-73.97999128","3","Chinese elm","Good"
"241418","40.75400473","-73.96633012","5","Japanese zelkova","Good"
"241444","40.74414834","-73.97823025","2","crepe myrtle","Good"
"195137","40.73845807","-73.98762513","3","European hornbeam","Poor"
"264259","40.73749899","-74.00901993","10","ash","Poor"
"240971","40.74032164","-73.97618127","11","honeylocust","Good"
"264194","40.73663846","-74.0097527","2","Chinese elm","Poor"
"268782","40.72310489","-74.00324132","12","Japanese zelkova","Good"
"264193","40.73675542","-74.00974272","8","Japanese zelkova","Fair"
"241443","40.74412124","-73.97816582","3","honeylocust","Good"
"267738","40.72536602","-74.00348596","11",,
"240974","40.74052282","-73.97603468","11","honeylocust","Good"
"241270","40.75558512","-73.96645806","9",,
"241271","40.75565747","-73.96662817","11","Chinese elm","Good"
"264235","40.737393","-74.00968014","9","Japanese zelkova","Fair"
"240977","40.74183731","-73.98041817","10","honeylocust","Fair"
"239658","40.74650161","-73.97391961","10","ginkgo","Fair"
"171677","40.75978921","-73.98616415","3","swamp white oak","Fair"
"270666","40.73749376","-74.00515701","9","honeylocust","Good"
"239550","40.74534543","-73.97699622","6","Japanese zelkova","Good"
"270664","40.73749413","-74.00528547","8","honeylocust","Good"
"240820","40.74254204","-73.97853293","8","honeylocust","Fair"
"270779","40.73646818","-74.00519885","11","honeylocust","Good"
"264234","40.73731077","-74.00968585","9","Japanese zelkova","Fair"
"176424","40.73936778","-73.97838066","3","European hornbeam","Good"
"271840","40.72656861","-74.00114997","9","honeylocust","Good"
"268243","40.73871559","-74.00945417","3","honeylocust","Good"
"239660","40.74657139","-73.97408703","12","ginkgo","Good"
"226831","40.74587649","-73.98043173","7","American linden","Poor"
"264203","40.7361302","-74.00913093","11","honeylocust","Good"
"264226","40.73699294","-74.00872338","4","ginkgo","Good"
"240826","40.74279643","-73.97913727","10","Chinese elm","Good"
"240976","40.74188944","-73.98054275","7","northern red oak","Good"
"240970","40.7402549","-73.9762299","9","honeylocust","Good"
"264197","40.73628157","-74.00978315","7","Japanese zelkova","Fair"
"195437","40.74367466","-73.98382609","4","European hornbeam","Fair"
"241440","40.74362739","-73.97699205","14","honeylocust","Good"
"239659","40.74653841","-73.97400791","9","ginkgo","Fair"
"260415","40.73789408","-74.00455157","3","ginkgo","Poor"
"264195","40.73658259","-74.00975746","3","Chinese elm","Poor"
"264196","40.73638702","-74.00977415","3","Chinese elm","Poor"
"63561","40.73418346","-73.98852888","2","Amur maackia","Poor"
"270665","40.73749394","-74.00522123","10","honeylocust","Good"
"240897","40.74230112","-73.98045786","12","honeylocust","Good"
"270662","40.73749453","-74.00542259","9","honeylocust","Good"
"240818","40.74242694","-73.9782595","9","honeylocust","Fair"
"240831","40.74301652","-73.97966015","12","ginkgo","Good"
"270847","40.73558749","-74.00496482","5","ginkgo","Good"
"246278","40.72509236","-74.00614717","5","Japanese zelkova","Fair"
"217098","40.74690737","-73.97901983","4","Japanese zelkova","Fair"
"243567","40.7370373","-74.00642495","7","green ash","Good"
"241442","40.74396592","-73.97779667","11","London planetree","Fair"
"220681","40.74673616","-73.97722552","11","Callery pear","Fair"
"240819","40.74245618","-73.97832896","4","honeylocust","Fair"
"264287","40.73759346","-74.00897041","18","Callery pear","Good"
"264289","40.73759245","-74.00870591","3","Callery pear","Good"
"240828","40.74287192","-73.97931661","9","ginkgo","Fair"
"270663","40.73749434","-74.00535763","8","honeylocust","Good"
"264200","40.73609032","-74.00945253","9","honeylocust","Good"
"243603","40.73496367","-74.00619982","8","ginkgo","Fair"
"270844","40.73582486","-74.00503431","8","ginkgo","Good"
"149506","40.75275137","-73.99661214","7","bigtooth aspen","Good"
"268246","40.73871439","-74.00920591","3","Callery pear","Poor"
"220984","40.74489352","-73.97810766","3","swamp white oak","Good"
"246359","40.72307683","-74.00536952","9","Callery pear","Good"
"276111","40.72309519","-74.00793129","8","Callery pear","Good"
"264109","40.7366324","-74.00664623","11","Callery pear","Good"
"240979","40.74147901","-73.97956198","11","Callery pear","Fair"
"264260","40.73749845","-74.00890879","11","Callery pear","Fair"
"262314","40.7326106","-74.00475972","18","Callery pear","Good"
"264084","40.73757441","-74.00256083","6","Callery pear","Good"
"264201","40.73610074","-74.00936848","7","Callery pear","Good"
"262364","40.73190364","-74.00496577","13","Callery pear","Good"
"264202","40.73611152","-74.00928158","7","Callery pear","Good"
"264111","40.73683785","-74.00659472","9","Callery pear","Good"
"268249","40.73871313","-74.0089461","6","Callery pear","Good"
"240881","40.74105058","-73.97534333","9","London planetree","Good"
"277191","40.72568439","-74.00201109","7","Callery pear","Good"
"268247","40.73871391","-74.00910704","4","Callery pear","Poor"
"240889","40.73945705","-73.97650465","5","Callery pear","Poor"
"240882","40.74086694","-73.97547717","12","Callery pear","Good"
"243604","40.73488571","-74.00621194","28","willow oak","Good"
"239576","40.73041204","-73.97981058","17","honeylocust","Good"
"253530","40.72781562","-73.98786869","11","ginkgo","Fair"
"253537","40.72746873","-73.98704436","10","ginkgo","Good"
"264284","40.73759444","-74.00922552","4","littleleaf linden","Poor"
"264231","40.73706189","-74.00970315","9","Japanese zelkova","Good"
"264232","40.73719949","-74.00969358","9","Japanese zelkova","Good"
"264233","40.73725376","-74.00968981","9","Japanese zelkova","Fair"
"239549","40.74537914","-73.97707605","5","Japanese zelkova","Fair"
"204930","40.73579232","-73.97572244","4","Kentucky coffeetree","Fair"
"240829","40.74290488","-73.97939492","15","London planetree","Fair"
"270909","40.73551324","-74.00371941","15","London planetree","Good"
"267774","40.72665493","-74.0027957","5","Callery pear","Fair"
"260453","40.73758978","-74.00541449","8","Callery pear","Good"
"240883","40.7408038","-73.97552318","5","honeylocust","Good"
"270899","40.73535791","-74.00479497","10","ginkgo","Fair"
"268248","40.73871357","-74.00903704","4","Callery pear","Fair"
"240891","40.7392542","-73.97665247","4","Callery pear","Poor"
"271843","40.72683081","-74.00093356","9","honeylocust","Good"
"239552","40.74526548","-73.97680692","5","Japanese zelkova","Fair"
"270661","40.73749472","-74.00548682","0",,
"240898","40.74215876","-73.98056085","9","honeylocust","Fair"
"240884","40.74070681","-73.97559386","5","honeylocust","Good"
"270849","40.73540209","-74.00491054","15","ginkgo","Good"
"241166","40.75712874","-73.96597586","11","ginkgo","Good"
"241041","40.74068682","-73.97605668","12","honeylocust","Poor"
"241043","40.74075528","-73.97621968","16","honeylocust","Good"
"270901","40.7353833","-74.00461914","12","ginkgo","Good"
"239551","40.74529226","-73.97687033","6","Japanese zelkova","Fair"
"246228","40.72855454","-74.00857241","3","green ash","Fair"
"241501","40.75489481","-73.97158524","6","honeylocust","Good"
"241502","40.75484945","-73.97161907","8","honeylocust","Good"
"241496","40.75513281","-73.97144714","8","honeylocust","Good"
"276767","40.73432826","-74.002701","2","ginkgo","Good"
"241265","40.75531367","-73.96581983","3","honeylocust","Good"
"241497","40.75508673","-73.97148151","10","honeylocust","Good"
"241165","40.75717317","-73.96608131","8","ginkgo","Good"
"241047","40.74096837","-73.97672703","7","honeylocust","Good"
"241042","40.74072012","-73.97613597","11","honeylocust","Fair"
"270722","40.73688973","-74.00541867","11","honeylocust","Good"
"271842","40.7267713","-74.00098267","7","honeylocust","Good"
"240824","40.74270073","-73.97890993","6","ginkgo","Good"
"240899","40.74207315","-73.98062279","14","honeylocust","Good"
"264199","40.73607257","-74.00959569","12","honeylocust","Good"
"240895","40.73846631","-73.97722664","10","honeylocust","Good"
"270845","40.73575413","-74.0050136","8","ginkgo","Good"
"241177","40.75665026","-73.96484018","12","ginkgo","Good"
"241498","40.75504185","-73.97151499","9","honeylocust","Good"
"241173","40.75685472","-73.96532545","11","ginkgo","Good"
"262331","40.73219025","-74.00525919","9","littleleaf linden","Poor"
"230154","40.72964132","-74.00803604","7","honeylocust","Good"
"252666","40.72343176","-74.0090379","0",,
"241169","40.7570174","-73.96571159","7","honeylocust","Good"
"230152","40.72965698","-74.00820509","8","honeylocust","Good"
"230155","40.72963202","-74.00793575","8","honeylocust","Good"
"241309","40.74202487","-73.97731493","14","littleleaf linden","Good"
"240822","40.74261939","-73.9787167","10","ginkgo","Good"
"240896","40.74239779","-73.98038792","4","littleleaf linden","Good"
"241167","40.75710054","-73.96590892","10","ginkgo","Good"
"241168","40.75705931","-73.96581105","5","honeylocust","Good"
"230153","40.72964895","-74.00811841","8","honeylocust","Good"
"270141","40.75970971","-73.97820285","3","honeylocust","Good"
"240823","40.74266431","-73.97882342","6","ginkgo","Good"
"243281","40.73651889","-74.00572873","9","golden raintree","Fair"
"268251","40.73871193","-74.00869639","11","golden raintree","Good"
"270143","40.7595602","-73.97784671","4","honeylocust","Good"
"241164","40.75721494","-73.96618045","6","honeylocust","Good"
"241171","40.75693453","-73.96551489","8","ginkgo","Poor"
"239553","40.7452319","-73.97672741","5","Japanese zelkova","Fair"
"252401","40.74414895","-73.97308371","10","honeylocust","Good"
"270745","40.73671902","-74.00530636","9","honeylocust","Fair"
"270147","40.7593608","-73.97737176","4","honeylocust","Good"
"264282","40.73759521","-74.0094276","16","ash","Good"
"270906","40.73546379","-74.00406186","16","London planetree","Good"
"240981","40.74137289","-73.97930841","5","Callery pear","Good"
"270848","40.735483","-74.00493423","9","London planetree","Fair"
"262373","40.73225615","-74.00388267","15","honeylocust","Good"
"270905","40.735443","-74.00420579","15","London planetree","Fair"
"241176","40.75670972","-73.96498131","17","crab apple","Good"
"270904","40.73542508","-74.00432986","11","London planetree","Fair"
"270907","40.73548509","-74.00391438","13","London planetree","Good"
"235456","40.7252132","-73.99909553","6","green ash","Good"
"246050","40.72503928","-74.00467655","14","green ash","Fair"
"262371","40.73212195","-74.00429501","4","Callery pear","Poor"
"276961","40.73489938","-74.00276723","17","London planetree","Good"
"241006","40.7552412","-73.96733549","9","London planetree","Poor"
"246403","40.72371452","-74.00494471","27","London planetree","Fair"
"246360","40.72308218","-74.005425","3","pin oak","Good"
"217077","40.74630962","-73.97931161","6","English oak","Fair"
"217078","40.74627365","-73.97922601","5","English oak","Fair"
"240892","40.73918194","-73.97670513","2","hedge maple","Fair"
"247836","40.7306828","-74.01028685","6","pin oak","Good"
"252369","40.74395236","-73.97369386","11","Callery pear","Poor"
"262370","40.73209874","-74.00436634","16","honeylocust","Fair"
"217079","40.74622997","-73.97912208","5","English oak","Good"
"276964","40.7349393","-74.00251795","14","London planetree","Good"
"276112","40.72323185","-74.0079082","19","willow oak","Good"
"262369","40.73207185","-74.00444894","8","ginkgo","Good"
"262372","40.73214786","-74.0042154","3","honeylocust","Good"
"270146","40.75943098","-73.97753893","6","honeylocust","Good"
"270142","40.75967907","-73.97812985","6","honeylocust","Good"
"262365","40.73193754","-74.00486161","11","ginkgo","Good"
"262367","40.73201388","-74.00462708","8","ginkgo","Good"
"270140","40.75974221","-73.97828027","6","honeylocust","Good"
"241499","40.75498434","-73.97151846","6","honeylocust","Good"
"241170","40.75698441","-73.96563329","9","ginkgo","Poor"
"241172","40.75690127","-73.96543596","10","ginkgo","Fair"
"241500","40.75493945","-73.97155194","7","honeylocust","Good"
"270148","40.75927696","-73.97717205","6","honeylocust","Good"
"270145","40.75947848","-73.97765206","5","honeylocust","Fair"
"270931","40.73588901","-74.00349311","3","ginkgo","Good"
"270782","40.73619122","-74.00512798","8","honeylocust","Good"
"228201","40.73081469","-73.98076002","13","honeylocust","Good"
"246510","40.7255714","-74.00907266","6","Japanese zelkova","Good"
"270780","40.73635126","-74.00516893","7","honeylocust","Good"
"241503","40.75480456","-73.97165255","8","honeylocust","Good"
"270783","40.73612117","-74.00511006","9","honeylocust","Good"
"267772","40.72675904","-74.00300882","13","honeylocust","Good"
"277184","40.72511925","-74.00251873","22","ginkgo","Good"
"270144","40.75951907","-73.97774875","6","honeylocust","Good"
"277188","40.72546406","-74.00223371","24","pin oak","Good"
"241273","40.75577243","-73.96689846","12","silver linden","Good"
"247837","40.73084849","-74.01027224","4","pin oak","Good"
"241504","40.75475896","-73.97168656","9","honeylocust","Good"
"268707","40.72327832","-74.00325193","2","pin oak","Good"
"246827","40.72361257","-74.00526591","2","white oak","Fair"
"246829","40.72359697","-74.00510486","2","white oak","Good"
"270784","40.73605705","-74.00509365","17","pin oak","Good"
"240983","40.74122047","-73.97894418","16","Sophora","Fair"
"253838","40.72723097","-73.9880187","4","Sophora","Good"
"267773","40.72671485","-74.00291835","13","honeylocust","Good"
"277183","40.725037","-74.00258672","22","ginkgo","Good"
"217083","40.74605422","-73.97870385","11","Sophora","Good"
"246048","40.72497563","-74.0048875","3","sweetgum","Poor"
"239531","40.74566305","-73.97774802","15","Sophora","Good"
"276962","40.73491148","-74.00269167","7","honeylocust","Good"
"246828","40.72360737","-74.00521222","2","white oak","Fair"
"246723","40.72518424","-74.00932158","19","Sophora","Good"
"217082","40.74607878","-73.97876229","5","Sophora","Good"
"240982","40.74128027","-73.97908709","18","Sophora","Good"
"241268","40.7554782","-73.96620667","6","Sophora","Good"
"270930","40.73575698","-74.00345582","15","Sophora","Fair"
"239554","40.7451838","-73.97661351","4","Sophora","Poor"
"254235","40.72785287","-73.99098307","12","Sophora","Good"
"254236","40.7280902","-73.99080913","14","Sophora","Good"
"255105","40.73776805","-74.00382407","10","Sophora","Good"
"260417","40.73776829","-74.00469464","10","Sophora","Good"
"239532","40.74557707","-73.97754412","14","Sophora","Good"
"240827","40.74282779","-73.97921179","18","Sophora","Fair"
"276864","40.74560231","-73.9717761","10","honeylocust","Fair"
"270929","40.73566037","-74.00342853","18","Sophora","Good"
"240984","40.74117389","-73.97883289","21","Sophora","Fair"
"217084","40.74603139","-73.97864952","9","Sophora","Fair"
"136592","40.72409772","-73.98651401","3","paper birch","Poor"
"232131","40.72870161","-73.98807301","4","shingle oak","Good"
"240978","40.74176295","-73.98024048","15","Sophora","Good"
"262366","40.73197868","-74.00473522","12","Sophora","Good"
"262368","40.73204972","-74.00451694","11","Sophora","Good"
"217081","40.74611489","-73.97884821","7","Sophora","Good"
"241447","40.74432093","-73.97864045","8","Sophora","Good"
"240885","40.74040154","-73.97577714","8",,
"255106","40.73782678","-74.00382306","13","littleleaf linden","Fair"
"239612","40.74697179","-73.97344914","6","honeylocust","Fair"
"239613","40.74700137","-73.97352001","5","honeylocust","Fair"
"270902","40.73539784","-74.00451846","12","honeylocust","Fair"
"276768","40.73430723","-74.00284927","8",,
"252715","40.72538348","-73.98987329","4","American linden","Poor"
"276863","40.74552003","-73.97158106","9","honeylocust","Fair"
"276963","40.73492494","-74.00260764","12",,
"252665","40.72342303","-74.00894844","9",,
"276861","40.74543336","-73.97137561","8","honeylocust","Good"
"159066","40.72440868","-74.00459636","14","Siberian elm","Good"
"159068","40.7245433","-74.0045421","10","Siberian elm","Good"
"145181","40.73065249","-74.00151059","10","Siberian elm","Poor"
"27538","40.72900404","-74.00239107","13","Siberian elm","Fair"
"252664","40.72337732","-74.00847966","3","black oak","Good"
"246128","40.7231904","-74.0070209","3","Chinese elm","Good"
"252697","40.72475868","-73.98806199","11","honeylocust","Good"
"162819","40.7254831","-73.97858985","3","serviceberry","Good"
"168403","40.72565302","-73.97589417","3","bald cypress","Good"
"267776","40.72652532","-74.00253036","11","black locust","Good"
"221069","40.74278142","-73.97884472","7","Norway spruce","Poor"
"276960","40.73488207","-74.00287528","8","Callery pear","Fair"
"276862","40.74546851","-73.97145893","7","honeylocust","Good"
"252719","40.72504437","-73.9901199","9","honeylocust","Good"
"252720","40.72499633","-73.99015484","7","Callery pear","Poor"
"276959","40.73486443","-74.00298544","10","Callery pear","Fair"
"240886","40.74029423","-73.97585535","7",,
"275100","40.72324369","-74.00825704","4",,
"269359","40.72309736","-73.99518975","10","Chinese elm","Good"
"246129","40.7232206","-74.00706281","3","Chinese elm","Good"
"239614","40.74707069","-73.97368611","2","Japanese zelkova","Poor"
"164173","40.72496551","-73.9808468","14","American hornbeam","Good"
"264285","40.73759409","-74.00913387","5","littleleaf linden","Good"
"270719","40.73740879","-74.00484196","10","Callery pear","Good"
"275099","40.72325499","-74.0083708","3",,
"252704","40.72527189","-73.98927536","13","London planetree","Fair"
"264286","40.73759375","-74.00904474","6","cherry","Poor"
"240890","40.73932286","-73.97660244","4",,
"241057","40.75473449","-73.96567552","10","Callery pear","Fair"
"246126","40.72310357","-74.00690042","3","Chinese elm","Good"
"194693","40.73637534","-73.99849953","3","Kentucky coffeetree","Good"
"246125","40.72306393","-74.00684542","3","Chinese elm","Good"
"276793","40.74609851","-73.97197246","16","Callery pear","Good"
"277189","40.72550077","-74.00220336","15","pin oak","Good"
"269360","40.72312512","-73.99525615","8","Chinese elm","Good"
"268706","40.72329845","-74.00335986","7","pin oak","Good"
"252718","40.7250888","-73.99008759","8","honeylocust","Good"
"252706","40.72536858","-73.98950397","8","honeylocust","Good"
"252708","40.72544193","-73.9896774","14","honeylocust","Good"
"270910","40.73553198","-74.00358966","9","ginkgo","Good"
"275098","40.72329895","-74.00881368","4","pin oak","Good"
"277223","40.72518246","-74.00311615","10","honeylocust","Good"
"276764","40.74625124","-73.97331979","7","honeylocust","Good"
"252705","40.72534191","-73.9894409","11","honeylocust","Good"
"275096","40.72332097","-74.00903548","5","American linden","Good"
"252700","40.72501649","-73.98867151","10","honeylocust","Good"
"270911","40.73554693","-74.00348614","11","honeylocust","Good"
"277190","40.72555932","-74.00215496","27","pin oak","Good"
"276865","40.74612507","-73.9716393","10","honeylocust","Good"
"277225","40.72507381","-74.00283134","23","ginkgo","Good"
"252717","40.72514163","-73.99004917","10","honeylocust","Good"
"252699","40.72492673","-73.98845929","11","honeylocust","Good"
"276756","40.74586925","-73.97241519","8","honeylocust","Good"
"277224","40.72510156","-74.00295119","14","honeylocust","Good"
"277226","40.72502087","-74.00272339","15","ginkgo","Good"
"239601","40.74723017","-73.97424581","10","honeylocust","Good"
"240969","40.74018816","-73.97627853","11","honeylocust","Good"
"241131","40.75269389","-73.96739305","8","honeylocust","Good"
"277222","40.72521548","-74.00318347","2","honeylocust","Good"
"241179","40.756588","-73.96469242","8","honeylocust","Good"
"260450","40.73758923","-74.00517056","0",,
"269358","40.72306219","-73.99510565","8","Chinese elm","Fair"
"264108","40.73655394","-74.0066659","4","Sophora","Good"
"239533","40.74555031","-73.97748068","4","Sophora","Good"
"252703","40.72522588","-73.98916657","12","honeylocust","Good"
"241387","40.74370027","-73.97680217","5","Callery pear","Good"
"132197","40.73717168","-73.99840744","15","serviceberry","Poor"
"168404","40.725581","-73.97594662","2","bald cypress","Good"
"275093","40.72335208","-74.00934886","4","northern red oak","Good"
"272354","40.73681276","-74.0042063","17","willow oak","Good"
"241121","40.75342363","-73.96912506","2","honeylocust","Fair"
"252698","40.72482536","-73.98821965","2",,
"241146","40.74115087","-73.97687638","11","honeylocust","Good"
"241122","40.75313525","-73.96844058","2","honeylocust","Fair"
"241370","40.75331746","-73.96948852","3","Japanese zelkova","Good"
"240888","40.73983827","-73.97622683","0",,
"246127","40.72316397","-74.00698423","3","Chinese elm","Good"
"272355","40.73678645","-74.00438337","11","American elm","Fair"
"195098","40.73788359","-73.98804502","4","European hornbeam","Poor"
"241120","40.75345714","-73.96920462","2","honeylocust","Fair"
"241145","40.74121197","-73.97702123","14","honeylocust","Good"
"230308","40.72943723","-74.00582262","12","honeylocust","Good"
"195051","40.73739004","-73.98840639","4","European hornbeam","Fair"
"275095","40.72333127","-74.00913923","3","northern red oak","Good"
"272351","40.73685138","-74.00394635","4","Japanese zelkova","Good"
"241127","40.75291257","-73.96791208","8","pin oak","Good"
"230309","40.7294308","-74.00575241","8","honeylocust","Good"
"271882","40.72684966","-74.0010463","9","Chinese elm","Good"
"30625","40.72562744","-73.9949946","2","shingle oak","Good"
"272356","40.73677172","-74.00448254","15","willow oak","Good"
"241178","40.75662326","-73.96477609","13","ginkgo","Good"
"246007","40.72382346","-74.00734279","3","littleleaf linden","Good"
"241129","40.75276146","-73.96755343","7","honeylocust","Good"
"244176","40.75614416","-73.978813","3","honeylocust","Fair"
"241128","40.75287932","-73.96783315","6","pin oak","Fair"
"276255","40.72360577","-74.01075489","0",,
"253835","40.72707773","-73.98765349","14","green ash","Good"
"243605","40.73478649","-74.00622737","7","littleleaf linden","Good"
"241126","40.75294556","-73.96799037","13","willow oak","Good"
"241016","40.75472195","-73.96610245","5","littleleaf linden","Poor"
"268704","40.72349996","-74.0044903","6","black oak","Good"
"267639","40.72727256","-74.0017697","7","ginkgo","Good"
"267640","40.72719718","-74.00183172","4","ginkgo","Good"
"271987","40.72355571","-73.99668969","6","Japanese zelkova","Good"
"271884","40.72673416","-74.00114238","11","Chinese elm","Good"
"268244","40.73871518","-74.00936974","10","littleleaf linden","Fair"
"180417","40.72460062","-73.97429833","3","Amur maackia","Good"
"176423","40.73940835","-73.97840718","2","European hornbeam","Fair"
"255104","40.73771151","-74.00382505","13","white ash","Good"
"267775","40.72656239","-74.00260626","9","black locust","Fair"
"264258","40.73749958","-74.00914081","10","ash","Poor"
"244483","40.74490232","-73.97398311","2","littleleaf linden","Good"
"241017","40.75465626","-73.96594647","3","littleleaf linden","Poor"
"276965","40.73496226","-74.00237459","6","Callery pear","Good"
"240825","40.74274645","-73.97901855","18","Sophora","Good"
"239555","40.74515102","-73.97653589","19","Sophora","Good"
"240893","40.739096","-73.97676776","2","Sophora","Poor"
"243633","40.73642261","-74.00693186","5","Sophora","Good"
"241056","40.75466964","-73.96572269","9","Callery pear","Fair"
"240821","40.74257473","-73.97861061","2","Sophora","Good"
"264198","40.73613285","-74.00979584","6","sweetgum","Fair"
"270900","40.73537071","-74.00470635","17","Sophora","Good"
"239556","40.74511877","-73.97645954","10","Sophora","Good"
"241449","40.74436876","-73.97875414","6","Sophora","Good"
"241448","40.74434085","-73.97868782","5","Sophora","Good"
"270720","40.73733584","-74.00492302","7","Callery pear","Fair"
"276795","40.74591366","-73.97210719","9","Callery pear","Poor"
"262315","40.73258034","-74.00485572","22","Sophora","Good"
"276791","40.74621541","-73.97188725","12","Callery pear","Good"
"244487","40.74474415","-73.97360448","0",,
"241125","40.75297722","-73.96806551","10","Callery pear","Fair"
"276796","40.74585581","-73.97214935","10","Callery pear","Poor"
"240817","40.74240301","-73.97820266","11","Sophora","Fair"
"276792","40.74615684","-73.97192995","11","Callery pear","Poor"
"241371","40.7534343","-73.96940093","10","Callery pear","Good"
"241193","40.74083689","-73.97580546","15","Callery pear","Good"
"232206","40.73236781","-73.98699789","2","littleleaf linden","Fair"
"264283","40.73759477","-74.00931321","4","littleleaf linden","Poor"
"241033","40.74143824","-73.97846514","11","Sophora","Good"
"276757","40.74596998","-73.97265372","7","Callery pear","Good"
"241269","40.7555543","-73.9663856","10","Sophora","Good"
"276759","40.74603193","-73.97280044","7","Callery pear","Fair"
"276760","40.74605645","-73.97285849","8","Callery pear","Good"
"264092","40.7375216","-74.0032168","9","ginkgo","Good"
"267638","40.7273484","-74.0017073","7","ginkgo","Good"
"267641","40.72707992","-74.0019282","6","ginkgo","Good"
"244175","40.75618162","-73.978785","4","honeylocust","Fair"
"264088","40.73755118","-74.00284935","11","ginkgo","Good"
"276188","40.72402973","-74.01116947","4","honeylocust","Good"
"276190","40.72387837","-74.01119511","4","honeylocust","Good"
"268256","40.73870999","-74.00829658","5","cherry","Fair"
"230310","40.7294239","-74.00567718","3","honeylocust","Good"
"244177","40.7561086","-73.97883958","3","honeylocust","Good"
"276676","40.74522981","-73.97281195","11","honeylocust","Fair"
"276333","40.72307316","-74.01034355","6","ginkgo","Fair"
"241147","40.7411104","-73.97678044","11","honeylocust","Good"
"276189","40.72396113","-74.01118109","3","honeylocust","Good"
"241149","40.74098207","-73.97647621","11","honeylocust","Good"
"276289","40.72367447","-74.01037461","4","southern red oak","Good"
"276234","40.72353162","-74.01114048","6","honeylocust","Fair"
"240830","40.74298303","-73.97958058","9","ginkgo","Good"
"272357","40.73673425","-74.00473469","8","honeylocust","Good"
"246303","40.72610891","-74.00966241","2","eastern redcedar","Fair"
"276187","40.72347406","-74.01127594","8","honeylocust","Fair"
"276677","40.74527022","-73.97290834","10","honeylocust","Fair"
"252644","40.7234416","-74.00807321","2","pin oak","Good"
"271536","40.7237693","-74.00394064","2",,
"276481","40.72339639","-74.00980327","7","ginkgo","Good"
"262311","40.73273342","-74.00437004","10","Sophora","Good"
"270781","40.73624726","-74.00514232","7","littleleaf linden","Poor"
"276758","40.74600728","-73.97274207","6","Callery pear","Fair"
"272358","40.73671068","-74.00489335","9","honeylocust","Good"
"276235","40.72352476","-74.01107253","6","honeylocust","Fair"
"267642","40.72696149","-74.00202564","6","pin oak","Fair"
"241174","40.75679459","-73.96518275","5","littleleaf linden","Fair"
"240887","40.73994054","-73.9761523","5","Callery pear","Poor"
"240894","40.73901342","-73.97682794","6","Callery pear","Poor"
"270846","40.73567536","-74.00499054","7","Callery pear","Good"
"252702","40.72514719","-73.98898053","4","cherry","Good"
"271988","40.7236288","-73.996627","5","Japanese zelkova","Good"
"267643","40.72690566","-74.00207158","5","Japanese zelkova","Good"
"241369","40.75317153","-73.96959793","7","Callery pear","Good"
"244478","40.74509775","-73.97445094","5",,
"244491","40.74459879","-73.97325654","3","Japanese zelkova","Good"
"268141","40.73840683","-74.00959243","9","Japanese zelkova","Good"
"241015","40.75475945","-73.96619149","0",,
"276762","40.74611454","-73.97299606","12","Callery pear","Good"
"276765","40.74627735","-73.97338163","8","Callery pear","Fair"
"272353","40.73682591","-74.00411776","3","Callery pear","Good"
"241144","40.74152719","-73.97776854","19","Callery pear","Good"
"241010","40.75501994","-73.96681006","17","Callery pear","Good"
"272002","40.72471427","-73.99573214","2","Japanese zelkova","Poor"
"241009","40.75505744","-73.96689911","16","Callery pear","Good"
"241446","40.74421862","-73.9783973","2","Callery pear","Good"
"276761","40.74608549","-73.97292728","7","Callery pear","Poor"
"277206","40.72672181","-74.00209283","5","Japanese zelkova","Good"
"268142","40.73848461","-74.00958583","9","Japanese zelkova","Good"
"269378","40.72308809","-74.00306481","4",,
"244486","40.74477546","-73.97367945","10","Callery pear","Good"
"241044","40.74090455","-73.97657507","11","honeylocust","Good"
"271887","40.72626799","-74.00153021","9","Callery pear","Good"
"243563","40.73741059","-74.0064256","8","green ash","Good"
"276191","40.72380923","-74.01120683","3","honeylocust","Good"
"276236","40.72351833","-74.01100887","6","honeylocust","Fair"
"264090","40.73753798","-74.00301334","11","ginkgo","Good"
"262317","40.73253359","-74.00500406","6","green ash","Fair"
"277186","40.72534184","-74.00233473","9","honeylocust","Good"
"241011","40.75498244","-73.96672102","4","ginkgo","Good"
"241013","40.75488098","-73.9664801","3","ginkgo","Good"
"244484","40.74487232","-73.97391131","9","honeylocust","Good"
"277185","40.72522753","-74.00242922","4","ginkgo","Good"
"276192","40.72375043","-74.01121679","7","honeylocust","Good"
"276185","40.72316367","-74.01133839","9","honeylocust","Good"
"276184","40.72306437","-74.01135837","7","honeylocust","Good"
"244372","40.74527639","-73.97325895","11","honeylocust","Good"
"276480","40.72338673","-74.00971106","8","ginkgo","Good"
"244477","40.7451255","-73.97451737","11","honeylocust","Good"
"244379","40.74549975","-73.97378814","4","ginkgo","Good"
"277203","40.72713841","-74.00175185","4","ginkgo","Good"
"264295","40.73784877","-74.00825676","7","Callery pear","Good"
"244682","40.72893027","-74.00695724","18","willow oak","Good"
"264296","40.73793346","-74.00825096","7","Callery pear","Good"
"241012","40.75490731","-73.96654262","11","ginkgo","Good"
"253533","40.7276255","-73.9874169","18","green ash","Good"
"264093","40.73750424","-74.00343247","11","ash","Good"
"276763","40.74614745","-73.97307399","6","pin oak","Fair"
"241123","40.75308496","-73.96832124","11","willow oak","Good"
"271886","40.72632458","-74.00148313","7","Callery pear","Good"
"241143","40.74157884","-73.97789099","14","Callery pear","Good"
"272013","40.72342805","-73.99598654","7","American linden","Fair"
"244378","40.74547085","-73.97371966","10","honeylocust","Good"
"271885","40.7263974","-74.00142254","8","Callery pear","Good"
"264297","40.73800692","-74.00824592","6","Callery pear","Fair"
"244684","40.72926986","-74.00690408","33","willow oak","Good"
"277205","40.72693663","-74.001917","7","ginkgo","Good"
"269379","40.72314949","-74.00300773","14","honeylocust","Good"
"276186","40.72341491","-74.01128784","9","honeylocust","Good"
"244377","40.74543742","-73.97364046","5","honeylocust","Good"
"244375","40.74537256","-73.97348678","5","honeylocust","Fair"
"244376","40.74540572","-73.97356536","12","honeylocust","Fair"
"244374","40.74533992","-73.97340947","11","honeylocust","Good"
"241008","40.75512193","-73.96705225","15","honeylocust","Fair"
"276504","40.7233105","-74.00962612","8","ginkgo","Good"
"239615","40.74712245","-73.97381014","5","ginkgo","Good"
"270903","40.73540778","-74.00444968","9","Sophora","Good"
"253255","40.7271343","-73.98598676","3","dawn redwood","Good"
"241007","40.75519798","-73.96723287","6","Callery pear","Good"
"292428","40.73062171","-74.00911531","4",,
"268131","40.72362037","-73.99294915","17","London planetree","Poor"
"268130","40.72374533","-73.9929042","18","London planetree","Fair"
"267721","40.7263784","-74.00249749","13","London planetree","Poor"
"241032","40.74132591","-73.97854706","13","Callery pear","Good"
"241051","40.74114669","-73.9771516","8","pin oak","Good"
"271888","40.72621835","-74.0015715","9","Callery pear","Good"
"264091","40.73752955","-74.00311812","4","Callery pear","Good"
"276339","40.72387057","-74.01022158","8","Callery pear","Good"
"241058","40.75478541","-73.96563849","2","Callery pear","Good"
"241060","40.75487236","-73.96557525","3","ginkgo","Good"
"244702","40.74504544","-73.97460722","4","honeylocust","Good"
"240975","40.74058308","-73.97599077","9","honeylocust","Good"
"271442","40.75878965","-73.97767438","7","honeylocust","Good"
"276679","40.74537741","-73.97316403","9","honeylocust","Fair"
"276684","40.74564082","-73.97379236","6","honeylocust","Fair"
"244490","40.74464874","-73.9733761","4","Callery pear","Good"
"267739","40.72536751","-74.003489","9","sassafras","Good"
"252714","40.72543152","-73.98983836","4","littleleaf linden","Poor"
"272001","40.72453835","-73.99587403","4","littleleaf linden","Good"
"244703","40.74501217","-73.97452914","9","honeylocust","Fair"
"276869","40.73439616","-74.00296154","3","Japanese zelkova","Good"
"264294","40.73776434","-74.00826255","6","Callery pear","Good"
"264086","40.73756268","-74.00270653","3","Callery pear","Good"
"271883","40.72679307","-74.00109338","8","Chinese elm","Good"
"268143","40.73858596","-74.00957723","10","Japanese zelkova","Fair"
"271441","40.75875631","-73.97759591","7","honeylocust","Good"
"271443","40.75881589","-73.97773614","8","honeylocust","Good"
"275176","40.72303978","-74.00814638","3",,
"268517","40.72320653","-73.99389728","5","pin oak","Good"
"268132","40.72301888","-73.99316552","3","London planetree","Good"
"262312","40.73266555","-74.00458538","4","golden raintree","Good"
"277213","40.72610035","-74.00260144","9","golden raintree","Good"
"271397","40.72548599","-74.00122993","3","pin oak","Fair"
"264178","40.73691174","-74.00859519","12","American elm","Poor"
"276815","40.73413433","-74.00288473","15","littleleaf linden","Poor"
"244830","40.73301766","-74.00692096","18","willow oak","Good"
"267733","40.72552836","-74.00320255","8","silver linden","Poor"
"271398","40.72542024","-74.00128496","4","pin oak","Good"
"277214","40.72603349","-74.00265687","9","golden raintree","Good"
"264184","40.73691589","-74.00931975","11","ash","Poor"
"271400","40.72494561","-74.0016822","4","pin oak","Good"
"220700","40.74719299","-73.97689146","5","swamp white oak","Fair"
"264087","40.73755736","-74.00277255","13","London planetree","Fair"
"264179","40.73691224","-74.00868179","6","ash","Good"
"195141","40.73872731","-73.98743008","3","European hornbeam","Poor"
"243063","40.73645031","-74.00612227","10","littleleaf linden","Good"
"244489","40.74468045","-73.97345202","3","littleleaf linden","Fair"
"262318","40.73250512","-74.00509439","18","Sophora","Good"
"271804","40.72429297","-74.003039","13","littleleaf linden","Fair"
"244373","40.74530862","-73.97333532","10","honeylocust","Good"
"244382","40.74559991","-73.97402544","7","honeylocust","Good"
"244712","40.7445224","-73.97337963","4","honeylocust","Good"
"252716","40.72529702","-73.98993616","4","Sophora","Good"
"270932","40.73594483","-74.00350887","5","Sophora","Good"
"244383","40.7456348","-73.97410811","7","honeylocust","Fair"
"277212","40.72634691","-74.00239705","16","London planetree","Good"
"264094","40.73749843","-74.00350459","3","ash","Good"
"241195","40.74104659","-73.97565379","7","Norway maple","Fair"
"268705","40.72347285","-74.00434748","5","white oak","Good"
"241196","40.74114255","-73.97558439","8","Norway maple","Good"
"267728","40.72581759","-74.00296266","12","Callery pear","Good"
"206730","40.74046587","-73.98102121","5","swamp white oak","Good"
"271401","40.72487755","-74.00173917","4","pin oak","Good"
"264095","40.73749237","-74.00357995","3","ash","Good"
"264096","40.73748688","-74.00364813","8","ash","Good"
"268520","40.72347268","-73.99378784","5","Japanese zelkova","Good"
"228157","40.7328918","-73.98603571","13","London planetree","Good"
"276685","40.74568057","-73.97388717","8","honeylocust","Good"
"244708","40.74473637","-73.97388181","10","honeylocust","Good"
"244683","40.72918701","-74.00691705","16","northern red oak","Good"
"264182","40.73691418","-74.00902062","11","Callery pear","Good"
"268669","40.72317435","-73.99583554","5","Callery pear","Good"
"241059","40.75483153","-73.96560495","8","Callery pear","Fair"
"244485","40.74483836","-73.97383001","19","London planetree","Fair"
"267722","40.72630319","-74.00255987","12","London planetree","Poor"
"276293","40.72394961","-74.01032717","4","swamp white oak","Good"
"244482","40.74493548","-73.97406251","4","littleleaf linden","Poor"
"268521","40.7235125","-73.99377147","5","hedge maple","Fair"
"244479","40.74506907","-73.9743823","9","Callery pear","Good"
"267735","40.72540069","-74.00330844","9","littleleaf linden","Good"
"241031","40.7412275","-73.97861882","11",,
"264293","40.73768814","-74.00826777","7",,
"277204","40.72698416","-74.0018781","3",,
"271938","40.7237367","-73.99673438","8","Sophora","Good"
"228154","40.7331635","-73.98667891","10","Sophora","Fair"
"244480","40.74502719","-73.97428203","7","Callery pear","Good"
"241061","40.75491319","-73.96554556","2","Callery pear","Good"
"243631","40.73640091","-74.00708364","5","golden raintree","Good"
"228159","40.73280972","-73.98584139","18","Sophora","Good"
"270933","40.73606988","-74.00354419","16","Sophora","Good"
"253884","40.72731885","-73.98872459","3","'Schubert' chokecherry","Good"
"48734","40.74215698","-73.98887482","3",,
"228161","40.73267114","-73.98551332","19","Sophora","Good"
"272352","40.73684033","-74.00402072","10","littleleaf linden","Fair"
"252695","40.72466532","-73.98784126","3","bald cypress","Good"
"241018","40.75462648","-73.96587574","3","littleleaf linden","Poor"
"246130","40.72332253","-74.00720424","13","littleleaf linden","Fair"
"252701","40.72503649","-73.98871881","11","honeylocust","Good"
"241063","40.75501647","-73.96547044","7","ginkgo","Good"
"276868","40.7457829","-73.97188165","11","honeylocust","Poor"
"268522","40.72357903","-73.99374411","6","littleleaf linden","Good"
"244707","40.74480424","-73.97404112","11","honeylocust","Good"
"275175","40.7231285","-74.00813105","12","London planetree","Good"
"228077","40.72621123","-74.00169343","12","swamp white oak","Fair"
"244710","40.74462341","-73.97361671","5","honeylocust","Good"
"267723","40.72623217","-74.00261879","10","honeylocust","Good"
"271367","40.72652207","-74.00034895","10","honeylocust","Good"
"162817","40.72554689","-73.97874137","2","Virginia pine","Poor"
"243066","40.73640484","-74.00644442","4","Japanese zelkova","Good"
"276681","40.74552382","-73.97351328","12","honeylocust","Fair"
"268518","40.72331131","-73.99385419","3",,
"271416","40.72314012","-73.99750591","2","ginkgo","Good"
"241049","40.74110251","-73.97704641","10","honeylocust","Good"
"271451","40.759153","-73.97852959","8","honeylocust","Fair"
"228160","40.73277694","-73.98576379","16","Sophora","Fair"
"271447","40.75893933","-73.97802667","9","honeylocust","Good"
"276867","40.74596462","-73.97175294","11","honeylocust","Fair"
"244711","40.7445495","-73.97344323","4","honeylocust","Good"
"271366","40.72673347","-74.00017004","12","honeylocust","Good"
"271402","40.72480161","-74.00180273","10","honeylocust","Good"
"276680","40.74547043","-73.97338591","7","honeylocust","Fair"
"276866","40.7460214","-73.97171272","6","honeylocust","Good"
"267724","40.72617181","-74.00266885","8","honeylocust","Fair"
"228205","40.73066748","-73.98040814","10","honeylocust","Good"
"271457","40.75950564","-73.9793596","7","honeylocust","Good"
"271459","40.75957767","-73.97952913","6","honeylocust","Good"
"271453","40.75922423","-73.97869723","6","honeylocust","Good"
"276683","40.74560041","-73.97369596","7",,
"276678","40.74531077","-73.97300506","7","honeylocust","Fair"
"244704","40.74493893","-73.97435723","11","honeylocust","Good"
"264183","40.73691469","-74.00911046","4",,
"296500","40.72662733","-73.9889709","26","Chinese elm","Good"
"241065","40.74190793","-73.9789599","2","Chinese elm","Good"
"241062","40.75498044","-73.96549665","6","ginkgo","Good"
"276682","40.74556384","-73.97360873","7","honeylocust","Fair"
"271415","40.72335684","-73.99732056","5","ginkgo","Good"
"262319","40.73243882","-74.00530473","9","green ash","Good"
"244705","40.74489573","-73.97425585","3","honeylocust","Fair"
"271445","40.75887306","-73.97787069","10","honeylocust","Good"
"247766","40.73039122","-74.00924145","3",,
"244832","40.72973287","-74.00827407","8","Japanese zelkova","Good"
"267729","40.72576559","-74.00300578","10","ginkgo","Poor"
"271369","40.72638545","-74.00046458","10","honeylocust","Good"
"244829","40.73298438","-74.00714292","15",,
"271454","40.75940818","-73.97913019","7","honeylocust","Good"
"244709","40.74465172","-73.97368314","5","honeylocust","Good"
"244713","40.74449409","-73.9733132","4","honeylocust","Good"
"271413","40.72371297","-73.99701597","10","Japanese zelkova","Good"
"271937","40.72376429","-73.9968009","8","Sophora","Good"
"271438","40.75866581","-73.9773829","9","honeylocust","Good"
"271458","40.75954018","-73.9794409","6","honeylocust","Good"
"271525","40.72346824","-74.00293323","6",,
"271726","40.72418657","-74.00130654","10","ginkgo","Good"
"271460","40.75960846","-73.97960161","5","honeylocust","Good"
"149524","40.74984616","-73.98133163","4","Japanese tree lilac","Poor"
"48768","40.74253881","-73.98686447","2",,
"244722","40.72959939","-74.00681727","5","ginkgo","Good"
"241064","40.74177793","-73.97865112","11","ginkgo","Good"
"271448","40.75897347","-73.97810702","8","honeylocust","Fair"
"270721","40.73729349","-74.00497007","6","Callery pear","Good"
"271368","40.72646299","-74.00039896","11","honeylocust","Good"
"243065","40.73642097","-74.00633018","9","ginkgo","Good"
"271444","40.75884481","-73.9778042","9","honeylocust","Good"
"291643","40.73198734","-74.00954036","10","honeylocust","Good"
"241066","40.74195127","-73.97906282","13","honeylocust","Fair"
"271449","40.75901363","-73.97820156","9","honeylocust","Good"
"271450","40.75904818","-73.97828285","9","honeylocust","Good"
"241050","40.741124","-73.97709758","6","honeylocust","Good"
"271452","40.75918902","-73.97861435","8","honeylocust","Good"
"271801","40.72459522","-74.00278301","9","Callery pear","Good"
"241124","40.75302165","-73.96817096","10","littleleaf linden","Good"
"271565","40.72387533","-74.004466","14","tree of heaven","Good"
"241054","40.74141456","-73.97778942","9","Callery pear","Good"
"276766","40.74630613","-73.97344978","3","littleleaf linden","Fair"
"271395","40.72559712","-74.00113691","8","Callery pear","Good"
"246131","40.72341314","-74.00732996","13","littleleaf linden","Fair"
"277215","40.7259643","-74.00271422","7","littleleaf linden","Good"
"271803","40.72433866","-74.00300031","13","littleleaf linden","Good"
"271396","40.72554341","-74.00118187","10","Callery pear","Good"
"291637","40.73193798","-74.00900703","8","Callery pear","Good"
"241052","40.74123518","-73.97736231","5","Callery pear","Good"
"271768","40.72476781","-74.00370972","10","Callery pear","Good"
"276794","40.74597199","-73.97206467","15","Callery pear","Good"
"272360","40.73667416","-74.00513913","9","Callery pear","Good"
"272359","40.73669047","-74.00502935","9","Callery pear","Good"
"48733","40.74208618","-73.98886562","9",,
"241055","40.7414687","-73.97791831","11","Callery pear","Good"
"271373","40.72588905","-74.0008847","5","pin oak","Good"
"264185","40.73691699","-74.00951316","11","Callery pear","Good"
"241053","40.74129608","-73.97750731","10","Callery pear","Fair"
"279328","40.748267","-73.97813626","0",,
"264180","40.73691276","-74.00877236","13","Callery pear","Good"
"271370","40.72614545","-74.00066771","5","pin oak","Good"
"271326","40.72357633","-74.00265579","2","pin oak","Good"
"271325","40.72351086","-74.00271141","3","pin oak","Good"
"241163","40.75725551","-73.96627675","5","cherry","Good"
"271788","40.72513051","-74.00328221","6","cherry","Poor"
"241130","40.75272767","-73.96747324","4","honeylocust","Good"
"267730","40.7257187","-74.00304467","10","ginkgo","Poor"
"271440","40.75872994","-73.97753384","8","honeylocust","Good"
"254950","40.73808367","-74.0029842","5","'Schubert' chokecherry","Good"
"271456","40.75946776","-73.97927042","3","honeylocust","Good"
"228155","40.73298974","-73.98626756","18","Sophora","Good"
"271516","40.72438984","-74.00214827","3","pin oak","Good"
"241014","40.75484694","-73.96639926","10","pin oak","Good"
"271455","40.75943911","-73.97920299","3","honeylocust","Fair"
"271417","40.72308169","-73.99755589","2","ginkgo","Good"
"244723","40.72966042","-74.0068075","7","ginkgo","Good"
"171676","40.75967273","-73.98588669","3","swamp white oak","Fair"
"225156","40.74779965","-73.97675546","3","swamp white oak","Good"
"302632","40.7326192","-74.00808201","7","dawn redwood","Good"
"48372","40.73255489","-73.98184388","18","London planetree","Good"
"270150","40.75919099","-73.97696728","4","honeylocust","Good"
"271789","40.72509175","-74.00320345","10","honeylocust","Poor"
"244754","40.73018981","-74.00713833","10","Sophora","Good"
"241148","40.74104943","-73.9766359","9","honeylocust","Good"
"271343","40.72563131","-74.00090074","11","honeylocust","Good"
"302601","40.73244723","-74.00874437","7","pin oak","Good"
"275097","40.7233084","-74.00890884","4","pin oak","Good"
"291639","40.73195933","-74.0092377","9","honeylocust","Good"
"291640","40.7319653","-74.00930217","9","honeylocust","Good"
"291641","40.73197551","-74.00941249","11","honeylocust","Good"
"271562","40.72371444","-74.00460005","11","American elm","Fair"
"300803","40.73551024","-74.00866203","10","London planetree","Good"
"271790","40.72505388","-74.0031265","13","honeylocust","Fair"
"232234","40.73110953","-73.98289488","9","flowering dogwood","Good"
"271338","40.72510291","-74.0013561","10","honeylocust","Good"
"291638","40.73195313","-74.00917072","14","honeylocust","Good"
"277207","40.72655964","-74.00222555","6","Callery pear","Good"
"241194","40.74094775","-73.97572528","7","Norway maple","Poor"
"291642","40.73198144","-74.0094766","3","honeylocust","Good"
"271563","40.7237673","-74.00455601","9","honeylocust","Good"
"300793","40.73537686","-74.00957926","3","pin oak","Good"
"244726","40.72987948","-74.00677242","11","ginkgo","Good"
"244729","40.73008982","-74.00673874","8","ginkgo","Good"
"268523","40.723633","-73.99372192","2","ginkgo","Good"
"292253","40.73507924","-74.00667655","13","ginkgo","Good"
"292252","40.73506632","-74.00676698","10","ginkgo","Poor"
"244728","40.73002171","-74.00674965","3","ginkgo","Poor"
"271792","40.72495073","-74.00291687","15","honeylocust","Fair"
"271341","40.72550598","-74.00100874","10","ginkgo","Good"
"271533","40.72392809","-74.00405451","4","Japanese zelkova","Good"
"271534","40.72395779","-74.00411518","4","Japanese zelkova","Poor"
"271535","40.72398809","-74.00417708","4",,
"271808","40.72565513","-74.00190719","6","American linden","Good"
"255108","40.73800243","-74.00382002","5","Schumard's oak","Good"
"292093","40.73406356","-74.00997181","8","Callery pear","Good"
"243064","40.73643749","-74.0062131","7","ginkgo","Fair"
"271802","40.72443279","-74.00292058","13","littleleaf linden","Good"
"271791","40.72499575","-74.00300836","15","honeylocust","Fair"
"291899","40.73392388","-74.00858173","5",,
"244725","40.72980319","-74.00678464","14","ginkgo","Good"
"48756","40.74282467","-73.98687177","3",,
"48755","40.74286618","-73.98697025","3",,
"271839","40.72646028","-74.00123937","10","honeylocust","Good"
"271342","40.72556429","-74.0009585","4","honeylocust","Good"
"244381","40.74556555","-73.97394402","2","littleleaf linden","Good"
"271337","40.72496335","-74.00147638","8","honeylocust","Good"
"271810","40.72582136","-74.00177076","6","Kentucky coffeetree","Good"
"271752","40.72335916","-74.00186847","7","kousa dogwood","Good"
"271372","40.72597952","-74.00080814","4","pin oak","Good"
"294023","40.73301533","-74.00584585","8","littleleaf linden","Poor"
"48749","40.74314481","-73.98763119","6","northern red oak","Good"
"292011","40.73407493","-74.00828842","11","Callery pear","Good"
"274847","40.72316043","-74.00951386","7","northern red oak","Good"
"292077","40.73331505","-74.01003189","10","Japanese zelkova","Good"
"302591","40.74788703","-73.97919325","4",,
"267732","40.72557153","-74.00316674","10","littleleaf linden","Poor"
"302599","40.74822743","-73.97999697","21","London planetree","Poor"
"228156","40.73292125","-73.98610542","22","Sophora","Good"
"244384","40.74566464","-73.9741788","2","littleleaf linden","Poor"
"244380","40.74553331","-73.97386766","4","littleleaf linden","Fair"
"302631","40.73260748","-74.00815325","9","dawn redwood","Good"
"228158","40.73284636","-73.98592814","21","Sophora","Good"
"271821","40.72379174","-74.0035915","3",,
"244724","40.72973126","-74.00679615","20","ginkgo","Good"
"271771","40.7249895","-74.00352117","21","honeylocust","Good"
"274846","40.7230544","-74.00953317","9","Chinese elm","Good"
"274848","40.72327897","-74.00949227","7","northern red oak","Good"
"294933","40.74828822","-73.97655191","13","honeylocust","Good"
"302597","40.74813849","-73.97978697","8","cherry","Fair"
"302594","40.74800575","-73.97947356","3",,
"268516","40.72302893","-73.99397031","8","littleleaf linden","Fair"
"293802","40.7316854","-74.0062647","9","Japanese zelkova","Good"
"292790","40.73176111","-74.00711413","21","Japanese zelkova","Good"
"271769","40.72483879","-74.00364935","4","Japanese zelkova","Good"
"272709","40.73614925","-74.00337436","12","Callery pear","Good"
"241272","40.75571857","-73.96677182","7","Callery pear","Poor"
"267731","40.7256681","-74.00308665","9","littleleaf linden","Poor"
"244727","40.7299525","-74.00676073","26","ginkgo","Good"
"271820","40.72394208","-74.00346522","3",,
"292008","40.73412356","-74.00797113","11","Callery pear","Good"
"272719","40.73634211","-74.00207163","9","Callery pear","Fair"
"264089","40.7375437","-74.00294229","16","sawtooth oak","Good"
"292078","40.73338349","-74.0100255","8","Japanese zelkova","Good"
"300791","40.7353581","-74.00970827","6","Japanese zelkova","Fair"
"48399","40.73268198","-73.98348045","2","Japanese zelkova","Good"
"293803","40.73167984","-74.00620198","9","Japanese zelkova","Good"
"294937","40.74850695","-73.97707046","18","London planetree","Good"
"271805","40.72378907","-74.00346579","11","Amur maple","Good"
"302596","40.7481027","-73.97970247","16","willow oak","Good"
"48747","40.7432265","-73.987825","4","northern red oak","Good"
"48396","40.73250881","-73.98306497","3","Japanese zelkova","Fair"
"302204","40.73457105","-74.00553346","13","Sophora","Good"
"48748","40.74319191","-73.98774293","4","northern red oak","Good"
"293805","40.7316522","-74.00589018","10","Japanese zelkova","Good"
"293871","40.73177432","-74.00536395","8","Japanese zelkova","Good"
"271838","40.72639752","-74.00129117","12","honeylocust","Good"
"292791","40.73174903","-74.00698594","22","London planetree","Good"
"294936","40.74844398","-73.97692117","13","London planetree","Good"
"300799","40.73544922","-74.00908166","6","honeylocust","Good"
"302598","40.74818176","-73.97988914","16","willow oak","Good"
"302588","40.74778393","-73.97894984","3","Amur maple","Fair"
"302593","40.7479741","-73.97939883","14","willow oak","Good"
"293739","40.73223485","-74.00663661","8","honeylocust","Good"
"293738","40.73232476","-74.00662221","13","London planetree","Good"
"293742","40.73200108","-74.00667406","13","London planetree","Good"
"300801","40.73547498","-74.00890445","11","honeylocust","Good"
"300796","40.73541572","-74.00931203","10","honeylocust","Good"
"297699","40.72639631","-73.98939724","8","ginkgo","Good"
"270469","40.73809023","-74.00499184","13","American elm","Good"
"271835","40.7262083","-74.00144734","6","Sophora","Good"
"304566","40.75813539","-73.99218396","3","honeylocust","Poor"
"293744","40.73186649","-74.00669562","11","London planetree","Good"
"293733","40.73284544","-74.0065388","16","honeylocust","Good"
"244756","40.73021263","-74.00737239","8","Sophora","Good"
"271836","40.72626828","-74.00139784","5","Sophora","Good"
"302600","40.74826082","-73.9800758","9","London planetree","Fair"
"244755","40.73020202","-74.00726359","7","Sophora","Good"
"271772","40.72510011","-74.00342709","14","honeylocust","Good"
"270463","40.73808878","-74.00437334","6","honeylocust","Good"
"304573","40.75782579","-73.99145135","8","honeylocust","Good"
"292789","40.73177028","-74.00721153","4","Japanese zelkova","Fair"
"294935","40.74836317","-73.9767296","13","honeylocust","Good"
"293554","40.7339276","-74.00477097","9","ginkgo","Poor"
"294939","40.74857312","-73.97722731","4","ginkgo","Good"
"271566","40.7239254","-74.00442427","12","American elm","Poor"
"302589","40.74781798","-73.97903024","3","Amur maple","Fair"
"304567","40.75810365","-73.99210887","4","honeylocust","Good"
"271344","40.7258487","-74.00073973","13","honeylocust","Fair"
"304568","40.75807059","-73.99203062","3","honeylocust","Good"
"294934","40.7483235","-73.97663555","10","honeylocust","Good"
"294942","40.74868268","-73.97748706","12","honeylocust","Good"
"300794","40.7353917","-74.00947719","13","honeylocust","Good"
"300797","40.73542798","-74.00922768","13","honeylocust","Good"
"271347","40.72667027","-74.00004044","13","honeylocust","Good"
"294943","40.7487402","-73.97762341","4","honeylocust","Fair"
"300795","40.73540592","-74.00937937","8","honeylocust","Good"
"300800","40.7354621","-74.00899305","8","honeylocust","Good"
"271812","40.72596478","-74.00165305","6","honeylocust","Good"
"294941","40.74865193","-73.97741416","10","ginkgo","Good"
"302595","40.7480573","-73.97959527","14","willow oak","Good"
"293732","40.73290619","-74.00652906","11","honeylocust","Good"
"270470","40.73809056","-74.00513329","5","London planetree","Fair"
"48753","40.74297077","-73.98721834","3",,
"295070","40.74887088","-73.97764238","0",,
"48392","40.73229753","-73.98255804","2","Japanese zelkova","Fair"
"268245","40.73871474","-74.00927808","10","littleleaf linden","Fair"
"244481","40.74496865","-73.9741419","5","littleleaf linden","Poor"
"302571","40.73236881","-74.00980116","15","Sophora","Good"
"271837","40.72633011","-74.00134681","5","Sophora","Good"
"48373","40.7323282","-73.98200959","18","pin oak","Good"
"269270","40.72426227","-73.99610108","4","honeylocust","Good"
"293734","40.73275879","-74.00655268","16","honeylocust","Good"
"271418","40.72302187","-73.99760705","2","ginkgo","Good"
"271345","40.72592288","-74.00067659","11","honeylocust","Good"
"271818","40.72421499","-74.00323599","4","honeylocust","Good"
"302602","40.73235923","-74.00876119","32","pin oak","Good"
"292007","40.73416681","-74.00768886","16","ginkgo","Good"
"48394","40.73241662","-73.98284378","2",,
"302572","40.73237921","-74.00973693","14","Sophora","Good"
"300798","40.73543994","-74.00914546","7","pin oak","Good"
"300802","40.73549436","-74.00877119","12","pin oak","Good"
"302904","40.73093092","-74.00812984","6","pin oak","Good"
"292006","40.73418638","-74.00756117","21","pin oak","Good"
"302592","40.74791507","-73.97925947","13","ginkgo","Good"
"271751","40.72329318","-74.00192437","2","kousa dogwood","Good"
"272717","40.73632701","-74.00217364","9","Callery pear","Good"
"292092","40.73400852","-74.00997668","7","Callery pear","Good"
"272710","40.73615785","-74.00331627","6","Callery pear","Good"
"292058","40.73422039","-74.00788673","10","Callery pear","Fair"
"271770","40.72488995","-74.00360584","14","Callery pear","Fair"
"271806","40.72518903","-74.00228974","4","Callery pear","Good"
"277187","40.72540225","-74.00228479","9","honeylocust","Good"
"295073","40.74861165","-73.97702831","11","Callery pear","Good"
"272454","40.73660415","-74.00499874","16","American elm","Poor"
"302759","40.74927393","-73.97952739","18","Callery pear","Good"
"293735","40.73269912","-74.00656224","11","honeylocust","Good"
"271756","40.72368535","-74.00159205","5","honeylocust","Good"
"291905","40.73350541","-74.00861258","7","Callery pear","Good"
"293736","40.73260022","-74.00657808","19","London planetree","Good"
"293743","40.7319188","-74.00668724","14","London planetree","Good"
"270466","40.73808944","-74.00465481","13","London planetree","Good"
"302570","40.73232756","-74.01005596","7","Callery pear","Poor"
"269268","40.72435529","-73.99602444","4","honeylocust","Good"
"269272","40.72416273","-73.99618309","3","honeylocust","Good"
"272455","40.73663022","-74.00482161","11","ginkgo","Good"
"48391","40.73220362","-73.98233273","14","London planetree","Fair"
"295071","40.74871556","-73.97727444","8","American elm","Good"
"291970","40.73340166","-74.00876329","13","London planetree","Good"
"293804","40.73166475","-74.00603174","11","London planetree","Fair"
"48414","40.73284631","-73.98347689","7","ginkgo","Fair"
"293869","40.73167848","-74.00565226","5","ginkgo","Good"
"269271","40.72421715","-73.99613825","4","honeylocust","Good"
"269269","40.72430878","-73.99606276","4","honeylocust","Good"
"228206","40.73062952","-73.9803174","12","honeylocust","Good"
"294018","40.73271058","-74.00566692","4","honeylocust","Fair"
"269273","40.72411156","-73.99622524","4","honeylocust","Good"
"271755","40.72361015","-74.00165578","7","honeylocust","Good"
"291808","40.73192707","-74.00995195","3","London planetree","Fair"
"244488","40.74471138","-73.97352604","9","Callery pear","Good"
"268670","40.72328109","-73.99579349","5","Callery pear","Good"
"272014","40.72337448","-73.9958581","9","ginkgo","Fair"
"272458","40.73669749","-74.0043646","15","honeylocust","Good"
"48397","40.73260245","-73.98328964","11","ginkgo","Good"
"295075","40.74852707","-73.97682793","11","ginkgo","Good"
"300026","40.75875499","-73.97786778","5","honeylocust","Good"
"295078","40.74838972","-73.9765026","5","Callery pear","Good"
"291902","40.73372465","-74.00859642","13","Callery pear","Good"
"48417","40.73307147","-73.98331202","7","ginkgo","Fair"
"272459","40.736716","-74.00423883","7","Callery pear","Good"
"302757","40.7490608","-73.97968362","11","English oak","Good"
"295076","40.74845087","-73.97664744","4","honeylocust","Good"
"48418","40.73312806","-73.98327059","8","ginkgo","Good"
"291941","40.73142292","-74.00894022","9","southern red oak","Good"
"48415","40.73290026","-73.98343739","8","ginkgo","Good"
"229358","40.7297478","-74.00487649","2","maple","Poor"
"294022","40.7329627","-74.00581495","9","Callery pear","Fair"
"270471","40.73809086","-74.00526176","7","Callery pear","Good"
"302590","40.7478503","-73.97910655","5",,
"270465","40.73808918","-74.0045415","9","littleleaf linden","Good"
"300030","40.75911405","-73.97872407","7","honeylocust","Good"
"270468","40.73809003","-74.00490524","10","Callery pear","Good"
"48416","40.73296021","-73.98339349","9","ginkgo","Good"
"302576","40.73242687","-74.00944259","9","honeylocust","Good"
"300024","40.75869986","-73.97773629","3","honeylocust","Fair"
"270908","40.73549778","-74.00382647","10","common hackberry","Good"
"292060","40.73425065","-74.00768273","12","Callery pear","Good"
"271767","40.72450834","-74.0039304","12","Japanese zelkova","Good"
"302634","40.73264856","-74.00790356","9","dawn redwood","Good"
"270464","40.73808897","-74.00445201","20","American elm","Good"
"292062","40.73430445","-74.00732007","12","Callery pear","Good"
"48746","40.74325844","-73.98790075","3",,
"241067","40.74230006","-73.9798913","8","sawtooth oak","Fair"
"292753","40.73139881","-74.00879828","6","Callery pear","Fair"
"292755","40.73150992","-74.00877716","9","Callery pear","Good"
"295072","40.74868132","-73.97719334","10","honeylocust","Good"
"294021","40.73285794","-74.00575344","10","littleleaf linden","Good"
"291938","40.73164888","-74.00889684","11","northern red oak","Good"
"293801","40.73169262","-74.00634605","15","London planetree","Good"
"291814","40.73185488","-74.00919001","13","London planetree","Fair"
"294134","40.73231807","-74.00589329","13","London planetree","Good"
"271576","40.72360609","-74.00011526","7","ginkgo","Good"
"48419","40.73318513","-73.9832288","7","ginkgo","Good"
"264177","40.73691107","-74.00847756","6","cherry","Good"
"292049","40.73124414","-74.00933454","3","American hophornbeam","Good"
"291809","40.7319174","-74.0098499","13","London planetree","Good"
"302906","40.73060319","-74.00821842","14","Callery pear","Good"
"302636","40.73271186","-74.0077691","9","dawn redwood","Good"
"48881","40.74057234","-74.00427138","14","Callery pear","Good"
"292756","40.73167345","-74.00874607","11","Callery pear","Good"
"302366","40.73396053","-74.00842389","8","Callery pear","Good"
"302292","40.73490761","-74.00731149","12","Callery pear","Good"
"292061","40.73429436","-74.00738807","16","Callery pear","Good"
"300023","40.75858454","-73.9774613","7","honeylocust","Good"
"300025","40.75872716","-73.9778014","4","honeylocust","Good"
"271520","40.72386489","-74.00259539","14","honeylocust","Good"
"291903","40.73363695","-74.00860288","11","London planetree","Good"
"291900","40.73385728","-74.00858664","7","Callery pear","Fair"
"302575","40.73241327","-74.00952659","8","Callery pear","Good"
"302294","40.73485848","-74.00764226","8","Sophora","Good"
"294136","40.73233546","-74.00611547","19","Sophora","Good"
"292047","40.73122249","-74.00910756","11","London planetree","Poor"
"48880","40.74052959","-74.00416968","13","Callery pear","Good"
"48882","40.74060154","-74.00434087","7","Callery pear","Good"
"292752","40.73134448","-74.00880861","8","Callery pear","Fair"
"292757","40.73173674","-74.00873404","8","Callery pear","Good"
"291813","40.73186516","-74.0092985","12","London planetree","Fair"
"292010","40.73409385","-74.00816497","12","Callery pear","Good"
"295077","40.74842183","-73.97657865","9","Callery pear","Fair"
"291901","40.73378","-74.00859234","6","Callery pear","Fair"
"48876","40.74031003","-74.00364726","10","Callery pear","Good"
"291812","40.7318788","-74.00944244","11","Callery pear","Good"
"292050","40.73125466","-74.0094448","15","London planetree","Fair"
"302293","40.73488941","-74.00743402","8","Callery pear","Good"
"264181","40.73691329","-74.00886474","8","cherry","Good"
"292048","40.73123284","-74.00921604","14","London planetree","Good"
"271324","40.72341543","-74.00279248","5","cherry","Good"
"292129","40.73146959","-74.01020847","9","American elm","Poor"
"294133","40.73232198","-74.0057669","13","London planetree","Good"
"291939","40.73155328","-74.00891519","10","London planetree","Fair"
"292079","40.73347494","-74.01001695","7","Japanese zelkova","Good"
"300792","40.73536748","-74.00964377","7","Japanese zelkova","Good"
"294016","40.73254618","-74.00557039","7","green ash","Good"
"271809","40.72571566","-74.00185751","5","cherry","Good"
"294132","40.73233899","-74.00568848","8","cherry","Good"
"48393","40.73236387","-73.9827172","2",,
"292754","40.73145368","-74.00878785","9","Callery pear","Good"
"302296","40.73481797","-74.00791495","6","willow oak","Good"
"271807","40.72526819","-74.00222477","7","Sophora","Good"
"302574","40.73240001","-74.00960846","16","pin oak","Good"
"291810","40.73190705","-74.0097407","11","Callery pear","Good"
"159070","40.72467556","-74.0044888","11","Siberian elm","Good"
"300249","40.75758444","-73.97287505","15","willow oak","Fair"
"271523","40.72364238","-74.00278491","10","Callery pear","Good"
"291807","40.73193697","-74.0100565","3","cherry","Good"
"268526","40.72402593","-73.99356034","3","cherry","Fair"
"295074","40.74857782","-73.97694816","5","ginkgo","Good"
"48413","40.73278924","-73.98351868","5","ginkgo","Good"
"302577","40.73244081","-74.00935648","14","honeylocust","Good"
"276871","40.7347497","-74.00306234","3","littleleaf linden","Good"
"48298","40.73308185","-73.98146072","10","ginkgo","Good"
"48878","40.74041729","-74.00390246","9","ginkgo","Good"
"300027","40.75878217","-73.97793258","5","honeylocust","Good"
"293920","40.73207405","-74.00530732","9","littleleaf linden","Fair"
"300220","40.75671165","-73.97274951","6","honeylocust","Poor"
"302151","40.73520447","-74.00528329","10","ginkgo","Poor"
"302152","40.73518678","-74.00539455","8","ginkgo","Fair"
"302110","40.73513362","-74.00494221","11","ginkgo","Good"
"300221","40.75668236","-73.97267925","4","honeylocust","Poor"
"271399","40.72533782","-74.00135394","15","littleleaf linden","Fair"
"300029","40.75908091","-73.97864505","5","honeylocust","Good"
"291811","40.7318923","-74.00958494","0",,
"302154","40.73513905","-74.00569477","15","ginkgo","Poor"
"300218","40.75694753","-73.97331547","4","honeylocust","Good"
"206731","40.74037907","-73.98081545","5","swamp white oak","Good"
"48875","40.74026224","-74.00353355","14","littleleaf linden","Good"
"302153","40.73515561","-74.00559058","8","ginkgo","Poor"
"300246","40.75770473","-73.97315714","9","ginkgo","Poor"
"276870","40.73456461","-74.00300957","8","littleleaf linden","Good"
"271521","40.72378059","-74.00266719","12","honeylocust","Good"
"302155","40.73512748","-74.00576753","8","ginkgo","Fair"
"48877","40.74033764","-74.00371295","7","ginkgo","Good"
"48297","40.73314098","-73.98141787","9","ginkgo","Good"
"302108","40.73492448","-74.00488202","13","honeylocust","Good"
"300231","40.75742531","-73.97277371","6","honeylocust","Fair"
"48300","40.73286287","-73.9816194","2","ginkgo","Good"
"302107","40.73485745","-74.00486273","10","honeylocust","Good"
"297588","40.72628861","-73.98983497","4","littleleaf linden","Fair"
"300028","40.75881398","-73.97800844","5","honeylocust","Good"
"300219","40.75690637","-73.97321671","4","honeylocust","Good"
"300230","40.75739177","-73.97269416","5","honeylocust","Fair"
"300223","40.75662458","-73.97254061","6","honeylocust","Poor"
"300232","40.75745886","-73.97285326","5","honeylocust","Fair"
"300234","40.75756641","-73.97310831","5","honeylocust","Fair"
"48879","40.74047517","-74.00404018","2","ginkgo","Good"
"244706","40.74485401","-73.97415793","11","honeylocust","Good"
"271439","40.75870129","-73.9774664","8","honeylocust","Good"
"271446","40.75890278","-73.97794064","7","honeylocust","Good"
"271761","40.72415023","-74.00423497","3","Japanese zelkova","Fair"
"48757","40.74278422","-73.98677581","2",,
"302150","40.73522947","-74.00512612","12","ginkgo","Good"
"292134","40.73445967","-74.0071966","0",,
"225183","40.747933","-73.97952508","2","swamp white oak","Good"
"300217","40.7569871","-73.97341042","4","honeylocust","Fair"
"300235","40.75760741","-73.97320554","6","honeylocust","Poor"
"48754","40.74290823","-73.98706999","4",,
"48884","40.74071809","-74.00461819","4","honeylocust","Good"
"302205","40.73458645","-74.00543227","5","Japanese zelkova","Good"
"302578","40.73246338","-74.00921708","13",,
"293870","40.7317386","-74.00547141","8","Japanese zelkova","Poor"
"291815","40.73183062","-74.00893401","10","northern red oak","Good"
"302106","40.73480436","-74.00484745","6","Japanese zelkova","Good"
"291937","40.7317252","-74.0088822","6","northern red oak","Good"
"48398","40.73264135","-73.98338299","5","Japanese zelkova","Fair"
"294138","40.73235207","-74.00632759","4","Japanese zelkova","Good"
"48874","40.74018471","-74.0033491","12","Japanese zelkova","Good"
"302169","40.73463428","-74.00604414","8",,
"268524","40.72368015","-73.99370253","1",,
"268527","40.72408409","-73.99353643","3",,
"291942","40.73134714","-74.00895476","8","northern red oak","Good"
"48773","40.7416784","-73.98748545","0",,
"48774","40.74143779","-73.9876591","0",,
"304569","40.75800072","-73.99186529","0",,
"48769","40.74241274","-73.98695547","2",,
"297481","40.72590568","-73.98890551","10",,
"48772","40.74177464","-73.98741599","0",,
"291940","40.73148267","-74.00892875","2",,
"268525","40.72391067","-73.99360774","3",,
"271517","40.72430577","-74.00221988","3","pin oak","Poor"
"302758","40.74913968","-73.97962581","9","English oak","Good"
"301357","40.73465937","-74.00961042","3","pin oak","Good"
"48883","40.74068491","-74.00453922","4","honeylocust","Good"
"300222","40.75665413","-73.97261151","4","honeylocust","Poor"
"300254","40.75729955","-73.97220698","10","ginkgo","Fair"
"302991","40.72980793","-74.00975637","3","pin oak","Poor"
"294137","40.73234504","-74.00623786","5","Japanese zelkova","Good"
"302905","40.73068546","-74.00819618","13","Callery pear","Good"
"227984","40.74566705","-73.97993352","11","Callery pear","Good"
"302955","40.73054457","-74.00980869","5","honeylocust","Good"
"227980","40.74548476","-73.97950149","5","Callery pear","Good"
"227983","40.74562924","-73.9798439","7","Callery pear","Poor"
"301356","40.73467352","-74.00951295","3","pin oak","Good"
"300567","40.73626634","-74.00673978","11","Callery pear","Poor"
"301360","40.73461254","-74.00993296","18","Callery pear","Good"
"302957","40.73055749","-74.00995346","5","honeylocust","Good"
"310209","40.75965882","-73.99333606","7","ginkgo","Good"
"304571","40.75793446","-73.99170848","4","tree of heaven","Fair"
"294940","40.74861798","-73.97733368","5","Callery pear","Good"
"279332","40.74805548","-73.97763474","13","Callery pear","Fair"
"301352","40.73473775","-74.00907062","4","Callery pear","Poor"
"301354","40.7347044","-74.00930029","9","Callery pear","Good"
"302956","40.730551","-74.00988072","4","honeylocust","Good"
"310212","40.75979772","-73.99366403","14","honeylocust","Good"
"310207","40.75953729","-73.99304908","9","honeylocust","Good"
"310793","40.75953576","-73.99333083","7","Callery pear","Good"
"301353","40.73472519","-74.0091571","5","Callery pear","Good"
"310795","40.75958235","-73.99344131","5","Callery pear","Fair"
"302958","40.73056383","-74.01002442","5","honeylocust","Good"
"297474","40.72562982","-73.98825138","2","American linden","Good"
"310203","40.75933162","-73.99256344","12","honeylocust","Good"
"302580","40.73249709","-74.00900886","15","honeylocust","Good"
"310213","40.75991925","-73.993951","13","honeylocust","Good"
"310797","40.75966887","-73.99364651","3","Callery pear","Good"
"279329","40.74822707","-73.97804157","9","ginkgo","Good"
"228074","40.72682834","-74.00294624","12","honeylocust","Good"
"301349","40.73477388","-74.00882181","16","Callery pear","Good"
"310788","40.75942527","-73.99306882","5","Callery pear","Good"
"310802","40.75992843","-73.99426208","6","Callery pear","Good"
"310204","40.75938504","-73.99268958","6","Callery pear","Fair"
"48750","40.74310888","-73.98754597","4","Callery pear","Good"
"310790","40.75947053","-73.99317615","5","Callery pear","Good"
"301481","40.73520956","-74.00832184","8","ginkgo","Poor"
"310785","40.75935473","-73.99290151","5","Callery pear","Good"
"48299","40.73296527","-73.9815452","9","Callery pear","Good"
"310784","40.75930281","-73.99277839","4","Callery pear","Fair"
"300305","40.75807206","-73.97237554","6","Callery pear","Poor"
"301358","40.73464321","-74.00972171","13","Callery pear","Good"
"293921","40.7322092","-74.00538641","11","Callery pear","Good"
"300224","40.75659582","-73.97247161","6","honeylocust","Poor"
"302952","40.73052523","-74.00959188","5","honeylocust","Good"
"304570","40.75796752","-73.99178673","4","tree of heaven","Good"
"310786","40.75938002","-73.99296149","5","Callery pear","Good"
"314983","40.72608932","-73.99123417","4","honeylocust","Good"
"302954","40.73053815","-74.00973666","4","honeylocust","Good"
"302719","40.74849964","-73.97869447","11","Callery pear","Good"
"310783","40.75928151","-73.99272789","5","Callery pear","Good"
"301359","40.73462788","-74.00982733","11","Callery pear","Good"
"302629","40.73256924","-74.00838566","10","Callery pear","Good"
"300566","40.73614668","-74.00677017","11","Callery pear","Poor"
"310787","40.75940265","-73.99301515","5","Callery pear","Good"
"310789","40.7594479","-73.99312248","6","Callery pear","Good"
"48751","40.74307056","-73.98745507","4","Callery pear","Good"
"300250","40.75754416","-73.9727806","12","willow oak","Fair"
"267734","40.72548054","-74.00324221","15","littleleaf linden","Good"
"297470","40.7254161","-73.98774462","8","ginkgo","Good"
"310206","40.75951191","-73.99298917","8","honeylocust","Good"
"292051","40.7313198","-74.01012753","3","London planetree","Poor"
"301483","40.73507651","-74.00833429","11","honeylocust","Good"
"310794","40.75956238","-73.99339396","4","Callery pear","Good"
"302297","40.73480714","-74.0079879","8","willow oak","Good"
"310782","40.75926022","-73.99267738","3","Callery pear","Fair"
"310799","40.7597514","-73.99384223","4","Callery pear","Good"
"302635","40.7326611","-74.00782953","9","dawn redwood","Good"
"302726","40.74880705","-73.97942445","4","American linden","Poor"
"271759","40.72465287","-74.00203281","12","honeylocust","Good"
"271760","40.72468198","-74.00209227","13","honeylocust","Good"
"301431","40.73498891","-74.00848744","9","English oak","Good"
"300253","40.75734144","-73.97230521","10","willow oak","Good"
"302573","40.73239076","-74.00966564","4","cherry","Poor"
"272456","40.73665849","-74.00462959","16","willow oak","Good"
"301430","40.73488917","-74.00849518","6","pin oak","Good"
"300252","40.75742253","-73.97249536","12","willow oak","Fair"
"302109","40.73503119","-74.00491273","9","London planetree","Fair"
"310211","40.75976166","-73.99357888","17","willow oak","Good"
"126193","40.75041346","-74.00460412","3","hardy rubber tree","Poor"
"149525","40.74981358","-73.9813556","7","Japanese tree lilac","Poor"
"300247","40.75765908","-73.97305009","14","willow oak","Fair"
"300306","40.75816294","-73.97259076","8","willow oak","Fair"
"272463","40.73676116","-74.00393203","11","American elm","Fair"
"302167","40.73495845","-74.00598594","23","willow oak","Good"
"272462","40.73675063","-74.00400359","12","American elm","Fair"
"310202","40.75925148","-73.99237423","20","willow oak","Good"
"48731","40.74180142","-73.98892884","2",,
"272464","40.73678066","-74.00379953","16","American elm","Good"
"300304","40.75804195","-73.97230422","9","willow oak","Fair"
"297592","40.72659485","-73.99055896","4","Japanese zelkova","Good"
"48730","40.74170564","-73.98895427","4",,
"301347","40.73481124","-74.00856449","9",,
"272712","40.73618931","-74.00310375","6","Japanese zelkova","Good"
"314979","40.72590464","-73.99079658","7","Japanese zelkova","Fair"
"276690","40.74549173","-73.97241471","0",,
"48735","40.74226854","-73.9888943","10",,
"314978","40.7257635","-73.99046216","11","Japanese zelkova","Good"
"276691","40.74557743","-73.97235225","0",,
"195052","40.73740618","-73.9883948","3","European hornbeam","Fair"
"247838","40.7309594","-74.01026247","5","scarlet oak","Good"
"271403","40.72473678","-74.00185699","13","honeylocust","Good"
"302951","40.73051595","-74.00948796","7","Japanese zelkova","Fair"
"279335","40.74777128","-73.97696089","11","honeylocust","Good"
"228072","40.72662497","-74.0025322","13","honeylocust","Good"
"279330","40.74818128","-73.977933","3","ginkgo","Good"
"228073","40.7266671","-74.00261798","9","honeylocust","Fair"
"302579","40.73247721","-74.00913168","13","honeylocust","Good"
"302582","40.7325316","-74.0087957","13","honeylocust","Good"
"310800","40.75980065","-73.99395903","8","honeylocust","Good"
"302953","40.73053172","-74.00966463","5","honeylocust","Good"
"301482","40.73513674","-74.00832866","14","honeylocust","Good"
"310205","40.75948921","-73.99293556","13","honeylocust","Good"
"232900","40.72906607","-73.98681531","2","'Schubert' chokecherry","Good"
"241175","40.75674963","-73.96507603","4","empress tree","Fair"
"268519","40.72340562","-73.99381542","4","'Schubert' chokecherry","Fair"
"272716","40.73630132","-74.00234719","9","honeylocust","Fair"
"297595","40.72680879","-73.99106475","12","ginkgo","Good"
"297594","40.72669221","-73.99078915","10","ginkgo","Good"
"300423","40.75888726","-73.97206735","5","honeylocust","Good"
"301484","40.73497411","-74.00834387","11","honeylocust","Good"
"302581","40.73251446","-74.00890157","10","honeylocust","Good"
"297591","40.726454","-73.99022598","3","ginkgo","Good"
"301485","40.73491224","-74.00834967","10","honeylocust","Good"
"310798","40.75971279","-73.99375068","7","honeylocust","Good"
"272713","40.73622277","-74.00287778","8","honeylocust","Good"
"300424","40.75884911","-73.97197713","6","honeylocust","Good"
"302633","40.73263393","-74.00799243","10","Callery pear","Good"
"270615","40.73795474","-74.00551773","5","Callery pear","Good"
"241048","40.74099092","-73.97678073","8","honeylocust","Good"
"270149","40.7592219","-73.97704091","4","honeylocust","Fair"
"301350","40.73476122","-74.008909","8","Callery pear","Good"
"310791","40.75949316","-73.99322981","5","Callery pear","Good"
"310796","40.75962494","-73.99354233","6","honeylocust","Good"
"300425","40.75881096","-73.97188691","7","honeylocust","Good"
"300302","40.7577901","-73.9717078","9","willow oak","Fair"
"310208","40.75961074","-73.99322253","14","willow oak","Good"
"279331","40.74814281","-73.97784179","12","pin oak","Good"
"310210","40.75970557","-73.99344643","17","willow oak","Good"
"300307","40.75820238","-73.97268417","11","willow oak","Poor"
"310792","40.75951579","-73.99328348","5","Callery pear","Good"
"300634","40.73607293","-74.00878795","11","pin oak","Good"
"271404","40.72467195","-74.00191125","10","honeylocust","Good"
"300429","40.75866395","-73.97153927","5","honeylocust","Good"
"301348","40.73479847","-74.00865239","18","London planetree","Good"
"297593","40.72665727","-73.99070653","9","ginkgo","Good"
"314984","40.7261226","-73.99131304","4","honeylocust","Fair"
"300421","40.75896277","-73.9722459","6","honeylocust","Good"
"302718","40.74846932","-73.97862249","4","Callery pear","Good"
"300527","40.73564479","-74.00766295","5","Callery pear","Good"
"300565","40.73606691","-74.00679043","10","Callery pear","Fair"
"300525","40.73569398","-74.00730429","8","Callery pear","Poor"
"301480","40.73527801","-74.00831544","18","willow oak","Good"
"302760","40.74938109","-73.97944884","14","American elm","Good"
"314982","40.72604072","-73.99111901","6","Callery pear","Fair"
"271515","40.72444697","-74.00209961","6","cherry","Fair"
"300635","40.7360462","-74.00898401","9","pin oak","Good"
"244831","40.7298733","-74.00823674","10","Japanese zelkova","Good"
"279252","40.74799708","-73.97776287","10","littleleaf linden","Fair"
"297590","40.72642652","-73.99016102","5","littleleaf linden","Fair"
"302949","40.73050156","-74.0093267","7","Japanese zelkova","Poor"
"302950","40.73050789","-74.00939766","2",,
"300523","40.73573148","-74.00703085","2","littleleaf linden","Good"
"314981","40.72600623","-73.9910373","2",,
"310719","40.72467374","-74.00947332","25","northern red oak","Poor"
"310866","40.75941995","-73.98890219","0",,
"300636","40.73602673","-74.00912679","11","pin oak","Good"
"272715","40.73628611","-74.00244991","11","honeylocust","Good"
"271758","40.72382146","-74.00147671","3","purple-leaf plum","Good"
"310801","40.7598459","-73.99406636","8","honeylocust","Good"
"300422","40.75892488","-73.97215631","6","honeylocust","Good"
"300426","40.758772","-73.97179479","5","honeylocust","Fair"
"276688","40.74534649","-73.97252057","10","honeylocust","Good"
"294223","40.73242379","-74.00609749","6","ginkgo","Poor"
"300524","40.73571092","-74.00718071","14","willow oak","Good"
"293923","40.73231853","-74.00545038","3","American linden","Poor"
"310869","40.75965224","-73.98945262","13","honeylocust","Good"
"300403","40.73630633","-74.00715891","12","honeylocust","Good"
"294938","40.74854529","-73.97716135","6","littleleaf linden","Fair"
"300428","40.75869543","-73.97161372","4","honeylocust","Good"
"302994","40.72985505","-74.01024642","3","northern red oak","Fair"
"252696","40.72472533","-73.98798316","2","bald cypress","Fair"
"302206","40.73462146","-74.00520228","7","cherry","Fair"
"221169","40.7439199","-73.9792758","8","'Schubert' chokecherry","Fair"
"297589","40.72633716","-73.98994975","6","littleleaf linden","Good"
"300495","40.75941521","-73.97168239","6","honeylocust","Fair"
"294224","40.73241352","-74.00598318","10","ginkgo","Fair"
"300427","40.75873438","-73.97170583","5","honeylocust","Good"
"300492","40.75907102","-73.97086768","4","honeylocust","Poor"
"304322","40.75796051","-73.99281318","17","honeylocust","Good"
"300496","40.75945307","-73.97177201","5","honeylocust","Fair"
"310874","40.75992795","-73.99010595","13","honeylocust","Good"
"276689","40.74542019","-73.97246685","10","honeylocust","Good"
"294226","40.73243167","-74.0056654","10","honeylocust","Good"
"300491","40.75903076","-73.97077239","7","honeylocust","Fair"
"310864","40.75929394","-73.98860362","11","honeylocust","Good"
"304324","40.75817627","-73.99265648","13","honeylocust","Good"
"300702","40.73548337","-74.00985039","8","Japanese zelkova","Good"
"294222","40.73243241","-74.00619352","9","ginkgo","Fair"
"302367","40.73386745","-74.00843258","7","Callery pear","Good"
"300396","40.73619658","-74.00792889","4","Callery pear","Good"
"297476","40.72568012","-73.98837066","10","littleleaf linden","Good"
"310867","40.75949587","-73.98908209","17","Japanese zelkova","Good"
"279247","40.7477583","-73.97719497","8","northern red oak","Good"
"297652","40.72601664","-73.98941821","5","Callery pear","Good"
"297483","40.72597195","-73.98906265","10","littleleaf linden","Good"
"300700","40.73569863","-74.00983149","8","Japanese zelkova","Good"
"271564","40.72382015","-74.00451197","11","American elm","Poor"
"302630","40.73259564","-74.00822519","6","dawn redwood","Fair"
"297478","40.72576861","-73.9885805","10","littleleaf linden","Good"
"159079","40.72539904","-74.00419722","13","Siberian elm","Good"
"300698","40.73583146","-74.00981983","10","Japanese zelkova","Good"
"314513","40.72538688","-73.99132385","14","London planetree","Good"
"300526","40.73566262","-74.00753298","9","London planetree","Fair"
"300404","40.73631513","-74.0070972","9","pin oak","Good"
"279246","40.74771674","-73.97709611","8","pin oak","Fair"
"276291","40.72381163","-74.01035096","4","swamp white oak","Good"
"279255","40.74813359","-73.97808757","9","pin oak","Good"
"271336","40.72430617","-74.00203582","4","cherry","Fair"
"304572","40.75787366","-73.99156461","6","littleleaf linden","Poor"
"297477","40.72571033","-73.98844229","2","littleleaf linden","Fair"
"300398","40.73622752","-74.00771184","17","willow oak","Good"
"297479","40.72581705","-73.98869535","4","littleleaf linden","Good"
"300493","40.75933016","-73.97148108","4","honeylocust","Fair"
"228991","40.7295402","-74.00290677","4","swamp white oak","Good"
"300494","40.75937789","-73.97159404","5","honeylocust","Fair"
"276292","40.72388103","-74.01033899","4","swamp white oak","Good"
"315651","40.72787228","-73.9895258","10","honeylocust","Good"
"302677","40.73289172","-74.00713549","9","Callery pear","Good"
"279249","40.74786561","-73.97745018","11","ginkgo","Good"
"300406","40.73634591","-74.0068812","20","willow oak","Good"
"244733","40.74401766","-73.97348505","11","Callery pear","Fair"
"293559","40.73376819","-74.00583555","1","mulberry","Good"
"300407","40.73635982","-74.00678367","24","willow oak","Good"
"271727","40.72421934","-74.00137663","8","ginkgo","Fair"
"314511","40.72546977","-73.99152168","14","Callery pear","Good"
"279253","40.74803293","-73.97784815","12","ginkgo","Good"
"300639","40.73598281","-74.00944894","6","honeylocust","Good"
"292139","40.73489846","-74.00712248","16","Callery pear","Good"
"315653","40.72778674","-73.98932329","9","honeylocust","Good"
"315654","40.7277517","-73.98924033","9","honeylocust","Good"
"279254","40.74805856","-73.97790911","11","ginkgo","Good"
"315650","40.72791398","-73.98962453","13","honeylocust","Good"
"279248","40.7478255","-73.97735479","8","ginkgo","Good"
"292137","40.73467435","-74.00714327","11","Callery pear","Good"
"292138","40.73478358","-74.00711613","12","Callery pear","Good"
"295679","40.74754865","-73.97479531","7","Callery pear","Fair"
"315501","40.72812122","-73.98860498","12","Callery pear","Poor"
"310868","40.7595337","-73.98917172","7","Callery pear","Good"
"292136","40.73459749","-74.00716236","7","Callery pear","Good"
"297480","40.72585484","-73.98878497","6","littleleaf linden","Good"
"300402","40.73629662","-74.00722701","12","willow oak","Good"
"300641","40.73595424","-74.0096585","11","honeylocust","Good"
"315649","40.72795395","-73.98971916","14","honeylocust","Fair"
"271729","40.72439379","-74.00174979","4","ginkgo","Good"
"300638","40.73599501","-74.00935944","6","honeylocust","Fair"
"300640","40.73596789","-74.00955833","10","honeylocust","Good"
"302723","40.74868353","-73.97913113","12","willow oak","Good"
"292030","40.73409754","-74.0087282","16","London planetree","Good"
"301434","40.73537853","-74.00845723","10","London planetree","Good"
"310865","40.75933604","-73.98870335","5","honeylocust","Good"
"292009","40.73410447","-74.00809564","9","Callery pear","Good"
"272718","40.73633509","-74.00211909","11","Callery pear","Good"
"270467","40.73808978","-74.00479843","3","Callery pear","Good"
"315648","40.72806614","-73.98998476","7","Chinese elm","Good"
"292788","40.73178121","-74.00732755","17","London planetree","Fair"
"271728","40.72430297","-74.00155552","11","Japanese zelkova","Good"
"300701","40.73555184","-74.00984438","10","Japanese zelkova","Good"
"292178","40.73399867","-74.00873403","7","pin oak","Good"
"300430","40.75861299","-73.97141876","6","honeylocust","Fair"
"302603","40.73227014","-74.00877822","6","Callery pear","Poor"
"244757","40.73024522","-74.00770665","4","Sophora","Good"
"300400","40.73627069","-74.00740895","0",,
"48374","40.73221833","-73.9820899","19","pin oak","Good"
"300699","40.73575067","-74.00982692","9","Japanese zelkova","Good"
"302727","40.74888882","-73.97961863","2","English oak","Fair"
"302992","40.72982249","-74.00990779","3",,
"297485","40.72602691","-73.98919297","10","Sophora","Good"
"300248","40.75762525","-73.97297076","17","white oak","Good"
"302605","40.73203708","-74.00882276","6","pin oak","Fair"
"296502","40.72634743","-73.98917711","8","Sophora","Good"
"292318","40.73112497","-74.00929287","8","northern red oak","Good"
"302295","40.73484217","-74.00775204","9","Sophora","Good"
"245032","40.73271836","-74.00989582","23","Japanese tree lilac","Good"
"244730","40.74437192","-73.97322738","3","Sophora","Good"
"296501","40.7265227","-73.98904799","11","Sophora","Good"
"302676","40.73287485","-74.00724144","8",,
"270618","40.73769876","-74.00556018","2","Sophora","Good"
"279333","40.74800863","-73.97752364","11","Sophora","Good"
"272460","40.73672758","-74.00416018","5","Sophora","Good"
"227982","40.74557984","-73.97972682","4","littleleaf linden","Good"
"271757","40.72376378","-74.00152558","5","London planetree","Poor"
"301432","40.73506672","-74.00848141","11","London planetree","Good"
"302722","40.74864217","-73.97903294","20","willow oak","Good"
"302724","40.74872528","-73.97923027","16","willow oak","Good"
"302678","40.73290589","-74.00704649","10","ash","Fair"
"302725","40.74876742","-73.97933036","12","willow oak","Good"
"293741","40.73207601","-74.00666205","13","Sophora","Good"
"302679","40.7329367","-74.00685295","13","willow oak","Good"
"297473","40.7255859","-73.98814725","11","Sophora","Good"
"302681","40.73296594","-74.0066693","8","ash","Good"
"292311","40.7311744","-74.00980618","6","northern red oak","Good"
"300827","40.73570101","-74.00842327","10","London planetree","Good"
"302720","40.74852277","-73.97874941","10","willow oak","Good"
"301433","40.73515495","-74.00847457","10","London planetree","Good"
"293560","40.73374052","-74.00602036","6","American linden","Good"
"300642","40.73594174","-74.00975013","11","honeylocust","Good"
"302207","40.73463061","-74.00514214","5","cherry","Poor"
"297484","40.72599776","-73.98912387","11","Sophora","Good"
"293557","40.73378261","-74.00573925","8","ginkgo","Fair"
"292277","40.73453601","-74.00852657","3","London planetree","Good"
"293555","40.73383832","-74.00536716","18","ginkgo","Good"
"197580","40.74386485","-73.97976635","3","serviceberry","Poor"
"314985","40.72615589","-73.99139192","4","honeylocust","Good"
"300431","40.75857163","-73.97132097","4","honeylocust","Fair"
"292316","40.73113879","-74.00943641","7","northern red oak","Good"
"271327","40.72364272","-74.0025994","8","honeylocust","Good"
"300432","40.75853695","-73.97123895","4","honeylocust","Fair"
"295677","40.74770857","-73.97517309","9","ginkgo","Poor"
"292319","40.73111783","-74.00921877","5","northern red oak","Good"
"297698","40.7263394","-73.98943865","10","ginkgo","Good"
"314986","40.72618931","-73.99147111","5","honeylocust","Good"
"297650","40.72574824","-73.98961374","7","ginkgo","Good"
"297651","40.72589517","-73.98950671","8","honeylocust","Good"
"279340","40.74648547","-73.97579572","0",,
"271333","40.72413927","-74.00217759","4",,
"293558","40.73376819","-74.00583555","14","ginkgo","Good"
"48779","40.74110912","-73.9878963","3","English oak","Good"
"302168","40.7348464","-74.00600606","12","pin oak","Good"
"271414","40.72343966","-73.99724972","4","dawn redwood","Good"
"292059","40.7342424","-74.00773833","8","honeylocust","Good"
"300433","40.75849799","-73.97114684","5","honeylocust","Fair"
"271328","40.72374185","-74.00251519","9","honeylocust","Good"
"292399","40.73325579","-74.00916463","3",,
"292317","40.73113183","-74.0093641","7","northern red oak","Good"
"271986","40.72302081","-73.99693232","4","Turkish hazelnut","Fair"
"48395","40.73245632","-73.98293903","2","Japanese zelkova","Good"
"48745","40.7432925","-73.98798155","3",,
"292310","40.73118171","-74.00988207","4","northern red oak","Good"
"292312","40.73116778","-74.00973745","5","northern red oak","Fair"
"300418","40.73596932","-74.00825687","11","honeylocust","Good"
"271811","40.72587631","-74.00172566","6","Kentucky coffeetree","Good"
"315504","40.7282844","-73.98899266","4","honeylocust","Good"
"302335","40.73458573","-74.00837802","9","ginkgo","Good"
"310723","40.72489222","-74.00978269","6","honeylocust","Good"
"310724","40.72493694","-74.00984423","6","honeylocust","Good"
"302604","40.73219354","-74.00879286","9","ginkgo","Good"
"300251","40.75746334","-73.97259107","12","willow oak","Good"
"271764","40.7243544","-74.00406132","10","golden raintree","Good"
"240980","40.74141868","-73.9794178","6","golden raintree","Fair"
"310721","40.72477831","-74.00962139","10","honeylocust","Good"
"271339","40.72518876","-74.00128212","4","pin oak","Good"
"310720","40.72473032","-74.00955344","12","honeylocust","Fair"
"301225","40.75867753","-73.97963628","8","honeylocust","Fair"
"302336","40.73450953","-74.00838325","3","ginkgo","Good"
"310743","40.72502176","-74.01049511","8","honeylocust","Good"
"300830","40.73598535","-74.00839973","4","Amur maple","Fair"
"310742","40.72501353","-74.01041066","8","honeylocust","Good"
"295676","40.74774248","-73.97525318","9","ginkgo","Poor"
"302338","40.73427709","-74.0083992","7","American linden","Good"
"304232","40.75768038","-73.99273634","6","honeylocust","Poor"
"292256","40.73513051","-74.00631766","12","ginkgo","Good"
"301224","40.75897138","-73.98033415","7","honeylocust","Fair"
"305449","40.74880425","-73.97070081","10","ginkgo","Good"
"301223","40.75900728","-73.98041941","5","honeylocust","Fair"
"305450","40.74886404","-73.97065727","10","ginkgo","Good"
"292251","40.73420249","-74.00855501","16","London planetree","Good"
"305448","40.74866667","-73.97080101","10","ginkgo","Good"
"310722","40.72482555","-74.00968829","6","honeylocust","Good"
"292254","40.7350991","-74.00653753","8","ginkgo","Fair"
"277192","40.72577733","-74.00193426","11","golden raintree","Good"
"268253","40.73871105","-74.00851597","10","golden raintree","Good"
"268255","40.73871034","-74.00836875","9","golden raintree","Good"
"268254","40.7387107","-74.00844308","9","golden raintree","Fair"
"268252","40.73871149","-74.00860618","10","golden raintree","Poor"
"300233","40.75752941","-73.97302056","5","honeylocust","Fair"
"294135","40.73232628","-74.0059981","11","ginkgo","Good"
"270617","40.73777882","-74.00554691","2","Sophora","Good"
"276388","40.72354185","-74.01013506","4","golden raintree","Good"
"300831","40.73607739","-74.00839211","13","honeylocust","Good"
"293737","40.73243075","-74.00660523","8","Sophora","Fair"
"267644","40.72673535","-74.00221171","14","black locust","Fair"
"253538","40.72742064","-73.98693008","10","golden raintree","Good"
"48732","40.74189289","-73.98890455","8","Sophora","Good"
"302721","40.74860495","-73.97894453","4","Sophora","Good"
"279334","40.74782453","-73.97708714","11","honeylocust","Good"
"301351","40.73475463","-74.00895436","18","Callery pear","Good"
"301355","40.7346903","-74.00939741","15","Callery pear","Good"
"182287","40.74627292","-73.99287694","3","European hornbeam","Fair"
"177107","40.73672312","-73.9800921","9","Amur maackia","Good"
"182288","40.74620025","-73.99270337","6","European hornbeam","Poor"
"176422","40.73939143","-73.9784381","2","European hornbeam","Good"
"314514","40.72535298","-73.99124295","18","Sophora","Good"
"297472","40.72546959","-73.98787147","10","littleleaf linden","Good"
"305451","40.74892742","-73.9706111","10","ginkgo","Good"
"292400","40.73324481","-74.00923312","5","Callery pear","Fair"
"176295","40.73746499","-73.98133623","3","European hornbeam","Good"
"300829","40.7359207","-74.00840508","14","honeylocust","Good"
"292315","40.73114534","-74.00950442","6","northern red oak","Good"
"292398","40.73326939","-74.00907989","3","Japanese zelkova","Fair"
"302334","40.73464219","-74.00837414","12","Japanese zelkova","Good"
"195138","40.73854822","-73.98755983","3","European hornbeam","Good"
"195050","40.73731825","-73.98845794","4","European hornbeam","Fair"
"301232","40.75844537","-73.97908493","9","honeylocust","Fair"
"314510","40.72558232","-73.9917903","18","Sophora","Good"
"253536","40.72749623","-73.98710972","4","golden raintree","Good"
"310873","40.75986002","-73.98994499","14","Schumard's oak","Good"
"301290","40.7348679","-74.00814537","8","ginkgo","Fair"
"297700","40.726483","-73.98933417","3","Sophora","Good"
"292424","40.7308933","-74.00906316","8","Sophora","Good"
"314515","40.72527711","-73.99106186","17","Sophora","Good"
"300828","40.73585496","-74.00841053","10","honeylocust","Good"
"301235","40.75827171","-73.97867252","8","honeylocust","Fair"
"305446","40.74857159","-73.97087026","6","ginkgo","Good"
"301227","40.75862142","-73.97950302","8","honeylocust","Fair"
"301229","40.7585294","-73.9792845","6","honeylocust","Fair"
"301233","40.75832783","-73.97880578","8","honeylocust","Fair"
"195139","40.73856529","-73.98754746","3","European hornbeam","Fair"
"195140","40.73865183","-73.98748477","3","European hornbeam","Poor"
"292549","40.73101309","-74.00887113","7","Callery pear","Fair"
"301231","40.75847329","-73.97915124","7","honeylocust","Fair"
"302486","40.7321665","-74.01014612","5","bur oak","Good"
"292792","40.73173885","-74.00687779","17","green ash","Good"
"292425","40.73084116","-74.00907318","8","Sophora","Fair"
"305447","40.74862033","-73.97083476","4","ginkgo","Good"
"297611","40.7259923","-73.98969203","6","honeylocust","Good"
"271766","40.72446225","-74.0039696","3","golden raintree","Good"
"292404","40.73318929","-74.00957911","4","silver linden","Good"
"271519","40.72391879","-74.00254948","9","golden raintree","Good"
"292402","40.73322056","-74.00938423","8","Callery pear","Good"
"161701","40.73861343","-74.00982479","12","Siberian elm","Good"
"159076","40.72513689","-74.00430288","11","Siberian elm","Good"
"292403","40.7331996","-74.00951486","3",,
"302298","40.73479619","-74.00806157","8","willow oak","Good"
"301236","40.75824246","-73.97860305","8","honeylocust","Fair"
"292380","40.7346172","-74.0093311","4","honeylocust","Good"
"297649","40.72567454","-73.98966743","8","ginkgo","Good"
"272457","40.7366782","-74.00449568","14","willow oak","Good"
"300308","40.75824316","-73.97278073","13","willow oak","Fair"
"301234","40.75829964","-73.97873884","7","honeylocust","Poor"
"301226","40.75864668","-73.97956302","8","honeylocust","Fair"
"292314","40.73115251","-74.00957888","4","southern red oak","Good"
"314980","40.72596655","-73.99094328","6","Japanese zelkova","Poor"
"302948","40.7304951","-74.00925432","8","Japanese zelkova","Good"
"300394","40.73616883","-74.00812361","6","pin oak","Good"
"301230","40.75850015","-73.97921503","8","honeylocust","Fair"
"292381","40.73460319","-74.00943484","4","honeylocust","Good"
"293740","40.73216374","-74.006648","18","Sophora","Good"
"292135","40.7345368","-74.00717744","0",,
"301228","40.75855786","-73.97935208","8","honeylocust","Fair"
"302874","40.73153193","-74.00796725","9","ginkgo","Fair"
"301283","40.7350079","-74.00717103","5","ginkgo","Poor"
"310827","40.72456357","-74.01105484","9","honeylocust","Good"
"300031","40.75915063","-73.97881131","5","honeylocust","Good"
"300405","40.73632696","-74.00701421","5","sawtooth oak","Good"
"292382","40.73458734","-74.00955208","4","honeylocust","Good"
"310805","40.75994822","-73.99437973","16","Sophora","Good"
"300036","40.75930027","-73.97916818","7","honeylocust","Good"
"279341","40.74631982","-73.97540314","18","sawtooth oak","Good"
"292556","40.73431457","-74.00672783","23","American elm","Good"
"292545","40.73211533","-74.00762299","4","Japanese zelkova","Poor"
"292542","40.73253759","-74.00750461","5","Japanese zelkova","Good"
"279338","40.74660772","-73.97608542","9","sawtooth oak","Good"
"315449","40.72751635","-73.98831685","14","honeylocust","Good"
"315505","40.72842286","-73.98932161","8","Japanese zelkova","Poor"
"315506","40.72847017","-73.989434","12","Japanese zelkova","Good"
"297610","40.72608818","-73.98962172","2",,
"292132","40.73178274","-74.01017823","3","Chinese elm","Good"
"300035","40.7592674","-73.97908979","4","honeylocust","Good"
"279337","40.74690707","-73.97679484","11","sawtooth oak","Good"
"292255","40.73511192","-74.00644781","13","littleleaf linden","Good"
"293872","40.73181267","-74.00524856","11","Japanese zelkova","Good"
"279250","40.74790969","-73.97755504","8","Norway maple","Fair"
"292475","40.73441199","-74.00660055","5","littleleaf linden","Good"
"292133","40.73440141","-74.00721107","0",,
"330953","40.75673888","-73.9940073","5","Amur maple","Good"
"276390","40.72351603","-74.00988044","4","golden raintree","Good"
"292278","40.73461764","-74.00851983","9","Callery pear","Good"
"292401","40.73323223","-74.0093115","10","Callery pear","Good"
"292684","40.73526531","-74.00971126","10","Callery pear","Good"
"292651","40.73104384","-74.00844692","4","northern red oak","Good"
"292652","40.7310323","-74.00831355","4","northern red oak","Good"
"310348","40.72517904","-74.01075898","8",,
"300637","40.73600421","-74.00929195","11","Sophora","Good"
"302209","40.73466152","-74.00493904","21","Sophora","Good"
"315503","40.72823417","-73.98887332","8","common hackberry","Poor"
"292687","40.73531225","-74.00937297","5","silver linden","Good"
"292476","40.73442837","-74.00649005","11","green ash","Good"
"310870","40.75971644","-73.98960475","2","white oak","Fair"
"300804","40.73552632","-74.00855145","10","London planetree","Good"
"292423","40.73094789","-74.00905268","7","Sophora","Good"
"302872","40.73163919","-74.00793818","9","ginkgo","Good"
"301291","40.73484731","-74.00828861","11","honeylocust","Good"
"292682","40.73370123","-74.006805","4","ginkgo","Good"
"292714","40.73353609","-74.00788538","11","ginkgo","Good"
"300032","40.75918045","-73.97888243","4","honeylocust","Good"
"279336","40.74695367","-73.9769053","10","sawtooth oak","Good"
"350117","40.74718222","-73.97201077","5",,
"292422","40.73100276","-74.00904215","7","honeylocust","Fair"
"310826","40.72462563","-74.01104176","11","honeylocust","Good"
"292692","40.73541313","-74.00864597","3","honeylocust","Good"
"310282","40.75979418","-73.99521288","3","ginkgo","Good"
"310829","40.72443511","-74.01108192","9","honeylocust","Good"
"292194","40.7344525","-74.00875962","16","London planetree","Good"
"292555","40.73434835","-74.00650489","15","London planetree","Good"
"279342","40.74627374","-73.97529395","18","sawtooth oak","Good"
"302875","40.73147763","-74.00798197","9","ginkgo","Fair"
"292711","40.73358385","-74.0075697","11","ginkgo","Good"
"300040","40.75961677","-73.97992301","5","honeylocust","Good"
"292377","40.73471533","-74.00860493","14","Japanese zelkova","Good"
"292397","40.7332848","-74.00898386","2",,
"279339","40.74653847","-73.97592132","14","sawtooth oak","Fair"
"292541","40.73260469","-74.00748579","5","Japanese zelkova","Fair"
"297471","40.72544471","-73.98781246","9","littleleaf linden","Poor"
"292648","40.73107463","-74.00880255","10","honeylocust","Good"
"279251","40.74794648","-73.97764253","4","Norway maple","Fair"
"292548","40.73094817","-74.00888359","10","honeylocust","Good"
"292539","40.73274052","-74.00744771","5","Japanese zelkova","Good"
"292544","40.73239934","-74.00754337","5","Japanese zelkova","Fair"
"292179","40.73399367","-74.00859775","9","cherry","Good"
"301288","40.73492832","-74.00772486","8","Japanese zelkova","Good"
"292713","40.73354862","-74.00780257","10","London planetree","Good"
"271340","40.72545135","-74.00105582","7","golden raintree","Good"
"245253","40.73346198","-74.00782153","11","black locust","Fair"
"315450","40.72759244","-73.98826364","7","English oak","Good"
"292540","40.73267288","-74.00746668","5","Japanese zelkova","Fair"
"292543","40.73246645","-74.00752455","5","Japanese zelkova","Fair"
"304321","40.75789491","-73.99286082","0",,
"315451","40.72771117","-73.98818061","9","English oak","Good"
"276290","40.72374305","-74.01036279","4","swamp white oak","Good"
"300999","40.73553116","-74.00692927","2",,
"279272","40.74742374","-73.978036","6","northern red oak","Good"
"292378","40.73470323","-74.00869446","3",,
"276294","40.72401873","-74.01031524","4","swamp white oak","Good"
"271371","40.72606375","-74.00073685","3","swamp white oak","Good"
"310780","40.75921762","-73.99257636","3","cherry","Poor"
"310803","40.75994973","-73.99431259","3","cherry","Good"
"292131","40.7316935","-74.01018685","9","northern red oak","Good"
"159067","40.7244756","-74.00456939","5","magnolia","Good"
"246339","40.72603674","-74.00761937","10","shingle oak","Good"
"292685","40.73528521","-74.00956785","5","littleleaf linden","Poor"
"302208","40.73464375","-74.0050558","18","Sophora","Good"
"292550","40.73310627","-74.00975208","15","Sophora","Good"
"310467","40.75957327","-73.99513426","9","Sophora","Good"
"292426","40.73078575","-74.00908381","6","Sophora","Good"
"302339","40.73419595","-74.00840476","11","sweetgum","Good"
"162820","40.72543259","-73.97846989","4","serviceberry","Good"
"310828","40.72450097","-74.01106803","9","honeylocust","Good"
"310137","40.75977047","-73.99194839","11","ginkgo","Good"
"300041","40.75972677","-73.98018537","7","honeylocust","Good"
"300037","40.75947866","-73.97959364","6","honeylocust","Good"
"300039","40.75956906","-73.97980922","5","honeylocust","Good"
"310135","40.75994734","-73.99236836","10","honeylocust","Good"
"300038","40.75953566","-73.97972956","5","honeylocust","Good"
"300033","40.75921094","-73.97895513","3","honeylocust","Fair"
"292405","40.73317955","-74.00963984","4","honeylocust","Good"
"295655","40.74847957","-73.97333576","7","littleleaf linden","Poor"
"292038","40.73392334","-74.00977954","4","ginkgo","Fair"
"300034","40.75923877","-73.97902151","7","honeylocust","Good"
"172387","40.72410914","-73.98277874","2","serviceberry","Good"
"302840","40.73174165","-74.00803098","10","ginkgo","Good"
"292036","40.73394705","-74.0096364","7","ginkgo","Good"
"302432","40.73315593","-74.0075383","4","honeylocust","Good"
"301238","40.75816614","-73.9784218","7","honeylocust","Fair"
"292035","40.7339765","-74.00945871","7","ginkgo","Good"
"292037","40.73393537","-74.00970691","6","ginkgo","Good"
"302839","40.73174801","-74.00810338","12","ginkgo","Good"
"292034","40.73403112","-74.00912906","11","ginkgo","Good"
"302430","40.73339958","-74.00748268","11","honeylocust","Good"
"302431","40.73333062","-74.00749842","16","honeylocust","Good"
"302837","40.73176031","-74.00824353","11","ginkgo","Good"
"302838","40.73175424","-74.00817435","11","ginkgo","Fair"
"310473","40.7592018","-73.99424946","5","honeylocust","Good"
"314722","40.72427091","-73.98867687","12","honeylocust","Good"
"292033","40.73404701","-74.00903317","12","ginkgo","Good"
"310424","40.72567737","-74.01079238","4","cherry","Good"
"300401","40.73628262","-74.00732525","2","Chinese elm","Good"
"295652","40.74829704","-73.97346704","11","honeylocust","Good"
"276389","40.72352713","-74.00998987","5","golden raintree","Good"
"245031","40.7327978","-74.00988929","6","Japanese tree lilac","Fair"
"246042","40.72370222","-74.00753538","7","Japanese tree lilac","Good"
"300633","40.73611477","-74.00848107","10","London planetree","Fair"
"48767","40.742598","-73.98682175","3","swamp white oak","Good"
"48776","40.74132567","-73.98774002","3","swamp white oak","Good"
"292712","40.73356414","-74.00769994","12","Japanese zelkova","Good"
"292691","40.73539402","-74.0087837","3","pin oak","Good"
"271335","40.72424116","-74.00209104","4","pin oak","Good"
"292250","40.73427642","-74.00854828","3",,
"322987","40.74876996","-73.97810786","8","Chinese elm","Good"
"301284","40.73499109","-74.00728803","8","white ash","Good"
"301239","40.75813289","-73.97834285","8","honeylocust","Fair"
"314715","40.72483321","-73.99000999","11","honeylocust","Good"
"314724","40.72416976","-73.98843707","12","honeylocust","Fair"
"314723","40.7242246","-73.98856707","11","honeylocust","Good"
"310472","40.75926946","-73.99441062","6","honeylocust","Good"
"292032","40.73406336","-74.00893445","15","ginkgo","Good"
"279271","40.74719183","-73.97748539","8","ginkgo","Fair"
"304593","40.7495339","-73.97225448","9","ginkgo","Good"
"310159","40.75930577","-73.99213746","6","ginkgo","Good"
"310337","40.75996502","-73.98853643","4","ginkgo","Good"
"304596","40.74927543","-73.97244236","7","ginkgo","Good"
"314721","40.72430924","-73.98876774","13","honeylocust","Good"
"310157","40.75951398","-73.99198369","12","honeylocust","Good"
"310340","40.75988094","-73.98826747","12","ginkgo","Good"
"310158","40.7594015","-73.99206676","17","honeylocust","Good"
"310574","40.72433474","-74.00931074","5","honeylocust","Good"
"292039","40.73391171","-74.0098497","5","ginkgo","Good"
"314840","40.72514303","-73.99031329","4","honeylocust","Good"
"294225","40.73239621","-74.00579665","7","green ash","Good"
"310521","40.75866329","-73.99260459","14","honeylocust","Good"
"314518","40.72511265","-73.99066936","12","honeylocust","Good"
"331329","40.75865796","-73.99230547","12","honeylocust","Good"
"310575","40.72421857","-74.00933115","8","honeylocust","Good"
"330963","40.75876103","-73.99148913","4","ginkgo","Good"
"293556","40.73381198","-74.00554312","13","ginkgo","Poor"
"315652","40.72782698","-73.98941855","10","honeylocust","Good"
"314842","40.72530386","-73.99019608","7","ginkgo","Fair"
"310338","40.75994105","-73.98840937","12","ginkgo","Fair"
"310342","40.75982858","-73.98814386","8","ginkgo","Good"
"310523","40.75897016","-73.99237965","9","honeylocust","Good"
"310339","40.75991433","-73.98834631","10","ginkgo","Fair"
"330968","40.75891516","-73.99185552","4","ginkgo","Good"
"330957","40.75838979","-73.99060665","2","ginkgo","Good"
"304594","40.74944862","-73.97231647","8","ginkgo","Good"
"310617","40.72443625","-74.009132","6","honeylocust","Good"
"310522","40.75888385","-73.99244291","13","honeylocust","Good"
"315502","40.72819298","-73.98877546","12","Callery pear","Poor"
"314512","40.72542369","-73.9914117","9","Callery pear","Good"
"292686","40.73530018","-74.00945993","4","littleleaf linden","Good"
"28288","40.73677718","-73.99148904","2","American hornbeam","Good"
"292690","40.73538239","-74.00886748","5","Callery pear","Fair"
"292693","40.73542963","-74.00852705","6","Callery pear","Good"
"292474","40.73438721","-74.00676772","7","Callery pear","Good"
"332588","40.7560146","-73.99266948","6",,
"292689","40.73534062","-74.0091685","12","Callery pear","Good"
"271331","40.7240383","-74.00226336","3","Callery pear","Good"
"332173","40.7564383","-73.99176192","3",,
"291904","40.73357118","-74.00860773","6","green ash","Fair"
"304592","40.74958458","-73.97221763","4","Japanese zelkova","Good"
"332332","40.75604196","-73.99111799","4",,
"332586","40.75627682","-73.99329134","7","Japanese zelkova","Fair"
"332168","40.75661765","-73.99218997","2",,
"310345","40.72513098","-74.01029533","7","cherry","Good"
"332335","40.75660677","-73.99246269","4","Japanese zelkova","Good"
"301000","40.7354643","-74.00694606","4","American hornbeam","Fair"
"301002","40.73535322","-74.00697394","5","American hornbeam","Good"
"332170","40.75652943","-73.99197942","3",,
"332166","40.75668653","-73.99235436","3",,
"332334","40.75639045","-73.99194768","3",,
"310430","40.72543087","-74.01043943","7","cherry","Good"
"310347","40.72515703","-74.01054664","8","cherry","Good"
"301286","40.73495176","-74.00756176","17","Callery pear","Good"
"195053","40.73758564","-73.98826594","3","European hornbeam","Poor"
"332169","40.75659646","-73.99213939","3",,
"292551","40.7329916","-74.00976356","6","Callery pear","Good"
"292683","40.73525664","-74.00977373","9","Callery pear","Fair"
"332163","40.75685608","-73.99275902","2",,
"292031","40.73407785","-74.00884702","4","silver linden","Good"
"332590","40.75591211","-73.99242641","4","northern red oak","Fair"
"48771","40.74229484","-73.98704056","3","swamp white oak","Fair"
"304323","40.75808449","-73.99272314","4","tree of heaven","Good"
"310344","40.72512387","-74.0102267","7","cherry","Good"
"310346","40.72514947","-74.01047371","7","cherry","Good"
"276170","40.72411453","-74.01042133","4","swamp white oak","Good"
"332164","40.75679382","-73.99261043","3",,
"295654","40.74841913","-73.97337923","6","Callery pear","Good"
"271330","40.72393457","-74.00235149","5","Callery pear","Good"
"292547","40.73196447","-74.00766529","7","flowering dogwood","Fair"
"297486","40.72605498","-73.98925955","10","Sophora","Good"
"295678","40.74766065","-73.97505988","15","Sophora","Good"
"331466","40.75921063","-73.99190198","18","honeylocust","Good"
"310341","40.75985422","-73.9882044","10","ginkgo","Good"
"310383","40.75993362","-73.99168254","14","honeylocust","Good"
"331330","40.75874647","-73.99224147","14","honeylocust","Good"
"330699","40.75872216","-73.99111209","2",,
"310493","40.72462699","-74.01020626","8","honeylocust","Good"
"330931","40.75641595","-73.9942401","2","ginkgo","Good"
"310525","40.72430462","-74.01013151","10","honeylocust","Good"
"295659","40.74760234","-73.9746345","7","honeylocust","Good"
"331006","40.75821362","-73.99293707","3","ginkgo","Poor"
"304834","40.74907354","-73.9723916","7","ginkgo","Fair"
"332072","40.75926596","-73.99072791","2","ginkgo","Poor"
"330958","40.7584262","-73.99069319","7","ginkgo","Poor"
"295656","40.74747208","-73.97432588","8","honeylocust","Good"
"304835","40.74889953","-73.9719758","13","ginkgo","Good"
"295663","40.74777363","-73.97504032","8","honeylocust","Good"
"292313","40.73116082","-74.00966514","5","northern red oak","Good"
"295687","40.74596595","-73.97516691","4","honeylocust","Good"
"295688","40.74578441","-73.9752983","8","ginkgo","Poor"
"314265","40.72615991","-73.99171856","3","honeylocust","Good"
"331118","40.75904537","-73.99436177","3","ginkgo","Good"
"330928","40.75611693","-73.99445614","4","honeylocust","Good"
"314266","40.72609197","-73.99174213","4","honeylocust","Good"
"295661","40.7476752","-73.97480712","5","honeylocust","Good"
"330952","40.75669853","-73.99403666","2","Callery pear","Good"
"295662","40.74771036","-73.97489042","8","honeylocust","Good"
"276253","40.72363738","-74.01105872","4","swamp white oak","Good"
"276257","40.7235868","-74.0105726","5","swamp white oak","Good"
"302993","40.72983158","-74.01000229","3","swamp white oak","Fair"
"276172","40.72413169","-74.01059666","4","swamp white oak","Good"
"48765","40.74270243","-73.98674639","2","swamp white oak","Fair"
"332589","40.75594805","-73.99251164","4","American elm","Good"
"295657","40.74750085","-73.97439404","16","London planetree","Poor"
"292427","40.7306744","-74.00910519","6",,
"295658","40.74755972","-73.97453352","7","honeylocust","Good"
"295660","40.74763871","-73.97472065","8","honeylocust","Good"
"330956","40.75835763","-73.99053021","7","littleleaf linden","Good"
"302836","40.73179148","-74.00859875","8","Callery pear","Good"
"295651","40.74818916","-73.97354463","9","Callery pear","Good"
"292653","40.7310233","-74.00820959","5","Callery pear","Poor"
"295650","40.74810561","-73.97360473","6","Callery pear","Good"
"300930","40.73549241","-74.00801101","6","Callery pear","Good"
"331004","40.75800832","-73.99308659","7","Callery pear","Fair"
"310616","40.72447681","-74.00918833","2","cherry","Good"
"310429","40.72546317","-74.01048568","4","cherry","Good"
"292649","40.73106501","-74.00869141","7","Callery pear","Good"
"292650","40.73105471","-74.00857239","8","Callery pear","Good"
"330954","40.7569603","-73.99384615","8","Callery pear","Good"
"300826","40.7356139","-74.00843048","11","honeylocust","Good"
"295665","40.74784795","-73.9752164","7","honeylocust","Fair"
"330930","40.7563967","-73.99425401","2","ginkgo","Good"
"295664","40.74781119","-73.97512931","8","honeylocust","Good"
"331117","40.75901817","-73.99429741","2","ginkgo","Good"
"332587","40.75604788","-73.99274839","6","Japanese zelkova","Fair"
"330961","40.7586449","-73.99121308","6","Callery pear","Good"
"330966","40.75886121","-73.99172728","4","Callery pear","Good"
"331324","40.75825504","-73.99385552","5",,
"331020","40.75860023","-73.99330355","0",,
"330929","40.75622061","-73.99438123","2","ginkgo","Good"
"314267","40.72600041","-73.9917739","4","honeylocust","Good"
"330959","40.75859069","-73.99108421","4","Callery pear","Good"
"301001","40.73540714","-74.0069604","12","Callery pear","Good"
"332071","40.75918083","-73.99052583","2","ginkgo","Fair"
"300929","40.73547579","-74.00812733","10","Chinese elm","Good"
"330696","40.75903619","-73.99185799","11","honeylocust","Good"
"310428","40.72555783","-74.01062122","4",,
"322545","40.75532648","-73.96493897","12","American linden","Good"
"322544","40.75526833","-73.96498119","6","American linden","Good"
"322546","40.75547595","-73.96483047","6","American linden","Fair"
"332074","40.759524","-73.99134047","11","honeylocust","Good"
"330955","40.7583098","-73.99041651","4","Japanese zelkova","Good"
"332070","40.75914279","-73.99043553","2","ginkgo","Fair"
"330700","40.75865541","-73.99095357","2","ginkgo","Fair"
"322543","40.75519432","-73.96503491","6","American linden","Good"
"331005","40.75810941","-73.99301297","3","ginkgo","Poor"
"310425","40.72565138","-74.01075517","4",,
"331018","40.75850359","-73.99306696","3","ginkgo","Good"
"314268","40.72584516","-73.99182777","17","London planetree","Good"
"332073","40.75942025","-73.99109418","11","honeylocust","Good"
"332075","40.75957853","-73.99146993","11","honeylocust","Good"
"322547","40.75555332","-73.9647743","12","American linden","Good"
"310426","40.7256228","-74.01071424","5","northern red oak","Good"
"332477","40.7566292","-73.99378164","13","Japanese zelkova","Good"
"330698","40.7588684","-73.99145946","11","honeylocust","Good"
"332069","40.7590816","-73.99029029","2","ginkgo","Poor"
"311086","40.75974086","-73.98992053","10","honeylocust","Good"
"333945","40.75509207","-73.99239253","3","ginkgo","Good"
"333949","40.75534677","-73.99299717","3","ginkgo","Good"
"301287","40.73494299","-74.00762274","8","ginkgo","Good"
"330969","40.758942","-73.99191932","5","Callery pear","Good"
"333951","40.75548535","-73.99332617","3","ginkgo","Good"
"330965","40.75882826","-73.99164895","5","Callery pear","Good"
"330962","40.75867334","-73.99128067","6","Callery pear","Good"
"330964","40.75879451","-73.99156872","5","Callery pear","Good"
"332167","40.75666534","-73.99230378","2","Callery pear","Poor"
"297475","40.7256559","-73.98831323","5","littleleaf linden","Fair"
"333946","40.75511894","-73.99245631","3","ginkgo","Good"
"332584","40.75641791","-73.99362595","4","American elm","Fair"
"332592","40.75747808","-73.9942072","18","Callery pear","Good"
"331322","40.75836637","-73.99413375","9","Callery pear","Good"
"335477","40.74929492","-73.98057886","11","London planetree","Good"
"332594","40.75740484","-73.99403609","7","Callery pear","Fair"
"271762","40.72421291","-74.00418166","12","silver maple","Fair"
"332591","40.7575042","-73.99426822","5","Callery pear","Fair"
"302873","40.73158489","-74.0079529","9","ginkgo","Good"
"271763","40.72429356","-74.00411307","11","golden raintree","Good"
"271765","40.72441247","-74.00401194","9","golden raintree","Good"
"267726","40.72602604","-74.00278976","13","black locust","Good"
"310136","40.75982765","-73.99208417","6","ginkgo","Fair"
"302680","40.73295143","-74.00676042","5","cherry","Poor"
"292552","40.732898","-74.00977293","4","Sophora","Good"
"310468","40.75954143","-73.99505842","11","Sophora","Good"
"314725","40.72410029","-73.98827237","2","Sophora","Good"
"244732","40.74413991","-73.97339613","4","Sophora","Good"
"314719","40.72438444","-73.98894602","4","Sophora","Good"
"332162","40.75687595","-73.99280644","2","Sophora","Poor"
"244731","40.74429698","-73.97328189","3","Sophora","Good"
"332161","40.75704814","-73.99321742","2","Sophora","Fair"
"332165","40.75677396","-73.99256301","4","Sophora","Fair"
"310343","40.7251175","-74.01016521","8","cherry","Good"
"267645","40.72664462","-74.00228636","12","black locust","Good"
"332160","40.75706854","-73.99326611","2","Sophora","Fair"
"300399","40.73625401","-74.00752599","2","Sophora","Fair"
"310477","40.75880246","-73.99329831","18","Sophora","Good"
"314717","40.7244784","-73.98916878","7","common hackberry","Good"
"310469","40.75941274","-73.9947519","8","Sophora","Good"
"310478","40.75875602","-73.99318772","10","Sophora","Good"
"304073","40.75493441","-73.98819811","10","Ohio buckeye","Fair"
"304074","40.75498905","-73.98832748","8","Ohio buckeye","Good"
"310475","40.7589338","-73.99361115","13","Sophora","Good"
"331132","40.75832968","-73.99217747","14","Sophora","Good"
"271518","40.72396302","-74.00251181","7","golden raintree","Good"
"271532","40.7236462","-74.00347663","12","golden raintree","Good"
"300397","40.73621053","-74.00783101","4","golden raintree","Good"
"331323","40.75832764","-73.99403696","2",,
"267727","40.725968","-74.00283789","8","black locust","Poor"
"333953","40.75559614","-73.99358918","9","littleleaf linden","Good"
"335476","40.74925361","-73.98048104","6","littleleaf linden","Good"
"333958","40.75586626","-73.99423046","7","pin oak","Good"
"241264","40.75527133","-73.96572028","2","Japanese hornbeam","Good"
"304901","40.74837922","-73.97074279","11","ginkgo","Poor"
"48752","40.74303517","-73.98737111","4","swamp white oak","Good"
"332172","40.75645923","-73.99181187","2","Callery pear","Poor"
"311088","40.75961531","-73.98962328","12","ginkgo","Good"
"241263","40.75523248","-73.96562893","2","Japanese hornbeam","Good"
"310470","40.75936498","-73.99463814","10","Sophora","Good"
"315507","40.72852783","-73.98957102","10","Sophora","Good"
"314720","40.72434677","-73.98885672","4","golden raintree","Good"
"292195","40.73446899","-74.00865947","6","green ash","Good"
"13160","40.7334719","-74.00340302","4","pagoda dogwood","Good"
"331210","40.75928942","-73.99555836","4","Kentucky coffeetree","Good"
"333950","40.7554533","-73.99325008","3","ginkgo","Good"
"300933","40.73556646","-74.00749252","7","American linden","Good"
"330697","40.75900024","-73.9917018","11","honeylocust","Good"
"197582","40.74391767","-73.9798929","2","pagoda dogwood","Fair"
"333947","40.7551603","-73.9925545","3","ginkgo","Good"
"300934","40.73557913","-74.00740386","2","American linden","Good"
"333948","40.75520433","-73.99265901","3","ginkgo","Good"
"331906","40.75886946","-73.98953231","2","honeylocust","Poor"
"315143","40.72590422","-73.99051064","7","honeylocust","Good"
"48775","40.74138823","-73.98769487","3","swamp white oak","Good"
"300932","40.73555461","-74.00757551","6","ginkgo","Fair"
"322988","40.74884346","-73.97805443","6","littleleaf linden","Good"
"349746","40.75915471","-73.96470805","7","littleleaf linden","Good"
"295680","40.7475078","-73.97469882","11","ginkgo","Poor"
"315142","40.72593238","-73.99057757","4","ginkgo","Fair"
"331645","40.75993743","-73.99137309","8","ginkgo","Good"
"347325","40.75904464","-73.96532066","9","honeylocust","Good"
"295683","40.74682648","-73.97468618","9","ginkgo","Good"
"315658","40.72756782","-73.98880504","11","honeylocust","Good"
"295682","40.74735627","-73.97434091","11","ginkgo","Poor"
"333956","40.7557971","-73.99406627","3","American hophornbeam","Good"
"315656","40.72766429","-73.98903341","13","honeylocust","Good"
"331903","40.75930673","-73.99057096","10","honeylocust","Good"
"315144","40.7257645","-73.99017848","12","honeylocust","Good"
"310524","40.72474361","-74.01005336","4","cherry","Good"
"314239","40.72675686","-73.99150697","10","Callery pear","Good"
"276258","40.72357787","-74.01048681","4","swamp white oak","Good"
"247839","40.73108401","-74.01025148","5","scarlet oak","Good"
"332595","40.75738733","-73.9939952","8","Callery pear","Fair"
"331325","40.75822462","-73.99377949","6","Callery pear","Poor"
"332475","40.75682025","-73.9936393","5","northern red oak","Good"
"310375","40.72556949","-74.01088302","8","cherry","Good"
"295686","40.74709595","-73.97532537","0",,
"315138","40.72617915","-73.99116421","10","Callery pear","Good"
"332593","40.75744227","-73.99412353","13","Callery pear","Fair"
"311087","40.75966675","-73.98974508","0",,
"310427","40.7255931","-74.01067172","3","northern red oak","Good"
"332597","40.75733496","-73.99387284","4","Callery pear","Fair"
"295685","40.74693307","-73.97493902","12","Callery pear","Fair"
"333954","40.75572461","-73.99389419","4","Japanese zelkova","Good"
"333955","40.75574869","-73.99395134","5",,
"332599","40.75727706","-73.99373759","10","Callery pear","Good"
"295681","40.74746361","-73.97459444","9","Callery pear","Fair"
"333547","40.75626099","-73.99405106","4","Callery pear","Good"
"332598","40.75730668","-73.99380679","2","Callery pear","Good"
"311091","40.75921946","-73.98868609","8","Callery pear","Fair"
"331901","40.75953233","-73.99110687","16","tree of heaven","Good"
"292373","40.73443111","-74.0070363","6","Callery pear","Good"
"332596","40.75735475","-73.99391908","18","Callery pear","Good"
"310372","40.72527864","-74.01094387","6",,
"311089","40.75937433","-73.98905276","6","Callery pear","Good"
"315139","40.72615072","-73.99109664","7","Callery pear","Good"
"350210","40.74842942","-73.97274044","9","Callery pear","Good"
"292688","40.73532851","-74.00925582","10","Callery pear","Good"
"333544","40.75601143","-73.99423478","13","Callery pear","Good"
"350209","40.74845613","-73.97280391","8","Callery pear","Good"
"350208","40.74848948","-73.97288318","6","Callery pear","Good"
"331327","40.75813797","-73.99356291","8","Callery pear","Poor"
"292516","40.73515871","-74.00987585","10","Callery pear","Good"
"292681","40.73371485","-74.00671328","9","green ash","Good"
"315140","40.72610464","-73.99098708","8","honeylocust","Good"
"315141","40.72607011","-73.99090499","6","honeylocust","Poor"
"315655","40.72771839","-73.98916147","11","London planetree","Poor"
"331646","40.75990331","-73.99139787","7","American linden","Poor"
"331467","40.75927878","-73.99185223","12","honeylocust","Good"
"349785","40.74515867","-73.97105611","10","honeylocust","Good"
"349786","40.74480161","-73.97181433","15","honeylocust","Good"
"349913","40.7467916","-73.97301881","5","honeylocust","Good"
"310548","40.72410661","-74.00918479","3","honeylocust","Good"
"304836","40.74886023","-73.97188189","14","ginkgo","Good"
"333548","40.75631176","-73.99401368","6","American linden","Poor"
"310547","40.72411466","-74.00926745","4","honeylocust","Fair"
"333952","40.75555996","-73.9935033","3","ginkgo","Good"
"315657","40.72760327","-73.98888894","11","honeylocust","Good"
"331469","40.75951973","-73.99167636","6","ginkgo","Fair"
"310549","40.72408922","-74.00900622","5","honeylocust","Good"
"293922","40.73227791","-74.00542661","8","green ash","Good"
"301237","40.758193","-73.97848558","8","honeylocust","Good"
"314841","40.72521264","-73.99026256","5","honeylocust","Good"
"349784","40.74532415","-73.97145375","16","honeylocust","Good"
"349909","40.74668456","-73.97276506","4","honeylocust","Good"
"349911","40.74673808","-73.97289194","4","honeylocust","Good"
"349794","40.74499967","-73.97229138","0",,
"349907","40.74656994","-73.97249333","5","honeylocust","Good"
"347323","40.75882645","-73.96547606","4","ginkgo","Good"
"347324","40.75896137","-73.96537997","9","honeylocust","Good"
"295684","40.74685895","-73.9747632","7","ginkgo","Good"
"310872","40.75980595","-73.98981685","12","Schumard's oak","Good"
"349780","40.74549081","-73.97185424","13","honeylocust","Good"
"349783","40.74534417","-73.97150187","12","honeylocust","Good"
"300395","40.73618819","-74.00798777","5","Sophora","Fair"
"310474","40.75915934","-73.99414834","11","Sophora","Fair"
"314517","40.72515052","-73.99075975","17","Sophora","Good"
"349720","40.7594971","-73.96499059","10","honeylocust","Fair"
"349781","40.74540676","-73.97165226","14","honeylocust","Good"
"349782","40.74536407","-73.97154968","13","honeylocust","Good"
"332583","40.75644985","-73.99370171","5","Sophora","Good"
"349775","40.74536192","-73.97219856","9","honeylocust","Good"
"349776","40.74540431","-73.97216736","9","honeylocust","Good"
"349772","40.74517869","-73.97233339","11","honeylocust","Good"
"331007","40.75832431","-73.99285646","9","Sophora","Poor"
"349773","40.74522396","-73.97230008","9","honeylocust","Fair"
"292370","40.73470501","-74.00696364","20","Callery pear","Good"
"331138","40.75791392","-73.99118877","17","Sophora","Good"
"310480","40.75866846","-73.99297916","6","Sophora","Good"
"310481","40.75862998","-73.99288752","11","Sophora","Good"
"335474","40.74916487","-73.9802709","12","Sophora","Good"
"310492","40.72475217","-74.01018467","6","Sophora","Poor"
"310479","40.75870693","-73.9930708","11","Sophora","Good"
"333546","40.75621644","-73.99408386","3","Japanese zelkova","Good"
"349910","40.74671039","-73.97282629","4","honeylocust","Good"
"349777","40.74543114","-73.97214762","8","honeylocust","Good"
"349792","40.74496206","-73.97220079","13","honeylocust","Good"
"331133","40.75826884","-73.9920328","9","Sophora","Poor"
"349779","40.74550706","-73.97209175","4","honeylocust","Good"
"349918","40.7474363","-73.97378246","6","honeylocust","Good"
"331137","40.75801833","-73.99143705","17","Sophora","Good"
"331139","40.75746442","-73.99011986","11","Sophora","Good"
"292554","40.73263307","-74.00979945","18","Sophora","Good"
"292546","40.73204822","-74.00764181","3","Kentucky coffeetree","Good"
"311090","40.75927863","-73.98882619","8","Callery pear","Good"
"292371","40.73461622","-74.00698719","3","Japanese zelkova","Good"
"292512","40.73473259","-74.00991353","8","Japanese zelkova","Good"
"294019","40.73275644","-74.00569385","8","green ash","Good"
"310471","40.75931722","-73.99452438","7","Sophora","Good"
"310476","40.75886614","-73.99344999","8","Sophora","Good"
"315508","40.7285859","-73.98970898","6","Sophora","Good"
"276254","40.72361469","-74.01084068","4","swamp white oak","Good"
"276256","40.7235961","-74.01066196","4","swamp white oak","Good"
"331326","40.75816685","-73.9936351","7","Callery pear","Poor"
"276171","40.72412335","-74.0105115","3","swamp white oak","Good"
"48766","40.74264805","-73.98678563","2","swamp white oak","Good"
"314519","40.72505068","-73.99052147","24","Sophora","Good"
"271524","40.72357834","-74.00283945","3","dawn redwood","Good"
"349789","40.74488078","-73.97200503","11","honeylocust","Fair"
"349791","40.74491695","-73.97209214","11","honeylocust","Fair"
"331131","40.75837643","-73.99228866","13","Sophora","Good"
"331902","40.75943834","-73.9908836","3","cherry","Fair"
"292514","40.734855","-74.0099027","3","pin oak","Good"
"241266","40.75537503","-73.96596411","3","swamp white oak","Good"
"331019","40.75857841","-73.99325012","17","Sophora","Fair"
"241267","40.75543131","-73.96609642","3","swamp white oak","Good"
"349721","40.75958505","-73.96492676","8","honeylocust","Fair"
"295689","40.7456863","-73.9753693","5","Sophora","Good"
"314516","40.72519025","-73.99085455","19","Sophora","Good"
"349908","40.74659976","-73.97256402","2",,
"48778","40.74115676","-73.98786192","4","swamp white oak","Good"
"349919","40.74737691","-73.97382545","6","honeylocust","Good"
"349787","40.74483725","-73.97190018","11","honeylocust","Good"
"331211","40.7591419","-73.99566553","4","Kentucky coffeetree","Good"
"335475","40.74921604","-73.98039206","13","littleleaf linden","Good"
"310261","40.75995247","-73.99207801","15","London planetree","Good"
"292130","40.73157142","-74.01019863","7","swamp white oak","Good"
"304595","40.74940442","-73.9723486","4","honeylocust","Good"
"331900","40.75956184","-73.99117698","14","tree of heaven","Fair"
"333545","40.75609621","-73.99417237","11","Callery pear","Good"
"349906","40.74633523","-73.97193692","12","Callery pear","Good"
"332473","40.75695159","-73.99354145","9","Callery pear","Good"
"332474","40.75688473","-73.99359126","6","Callery pear","Good"
"350211","40.74834319","-73.97253549","8","Callery pear","Good"
"292372","40.73453281","-74.00700932","15","silver linden","Good"
"352757","40.73817199","-74.00615809","2","Callery pear","Good"
"350213","40.74826971","-73.97236085","10","Callery pear","Good"
"331136","40.75806189","-73.99154066","6","Callery pear","Good"
"292369","40.73479379","-74.00694008","14","Callery pear","Good"
"332476","40.75676532","-73.99368022","10","Callery pear","Good"
"349722","40.75967349","-73.96486258","9","honeylocust","Good"
"349790","40.74489972","-73.97205064","13","honeylocust","Good"
"349774","40.74526443","-73.97227029","9","honeylocust","Good"
"331135","40.75810918","-73.99165311","5","Callery pear","Good"
"349917","40.74751035","-73.97372884","6","honeylocust","Good"
"349723","40.75979773","-73.96477242","3","honeylocust","Good"
"349719","40.75939785","-73.96506261","15","honeylocust","Good"
"304575","40.75772846","-73.99122102","6","honeylocust","Good"
"304840","40.74858128","-73.97121536","6","ginkgo","Good"
"349793","40.74498073","-73.97224577","13","honeylocust","Good"
"310619","40.72426758","-74.00889773","4","honeylocust","Good"
"349788","40.7448558","-73.97194484","12","honeylocust","Good"
"292704","40.73117919","-74.00865326","10","Callery pear","Good"
"331468","40.75942758","-73.99174363","3","English oak","Good"
"310620","40.72419476","-74.00879658","4","honeylocust","Good"
"304574","40.75777592","-73.99133335","8","honeylocust","Good"
"292513","40.73480269","-74.00990733","3","pin oak","Good"
"349778","40.74546443","-73.97212312","7","honeylocust","Good"
"331021","40.75862153","-73.9933557","6","honeylocust","Fair"
"351489","40.7385244","-74.00562651","5","ginkgo","Good"
"352910","40.73870922","-74.00573944","5","mulberry","Fair"
"271329","40.72387694","-74.00240044","8","maple","Fair"
"292647","40.73382879","-74.00638014","7","Callery pear","Good"
"300931","40.73550304","-74.00793653","7","pin oak","Good"
"295653","40.74835821","-73.97342305","5","sawtooth oak","Good"
"314269","40.72571141","-73.99187419","14","Sophora","Fair"
"271522","40.72370273","-74.00273351","7","dawn redwood","Fair"
"304841","40.74855508","-73.97115275","8","ginkgo","Good"
"304842","40.74850069","-73.97102279","11","ginkgo","Good"
"331134","40.7581578","-73.99176872","5","Callery pear","Good"
"350065","40.74690612","-73.97297253","13","honeylocust","Fair"
"300528","40.73563223","-74.00775457","8","green ash","Fair"
"355627","40.74788584","-73.97119412","8","Callery pear","Good"
"292644","40.73406147","-74.00634285","4","pin oak","Good"
"279273","40.74750645","-73.97823238","14","sawtooth oak","Fair"
"178448","40.72865648","-73.97819832","4","weeping willow","Good"
"161702","40.7385511","-74.00981748","10","Siberian elm","Good"
"292553","40.73274583","-74.00978816","20","Sophora","Good"
"178447","40.72868504","-73.97826538","5","weeping willow","Good"
"311084","40.75990453","-73.99030803","13","Sophora","Good"
"271753","40.72348511","-74.00176173","7","Siberian elm","Poor"
"292643","40.73417754","-74.00632424","16","pin oak","Good"
"310374","40.72544236","-74.01090962","6","cherry","Good"
"304839","40.74865459","-73.97139053","9","ginkgo","Poor"
"304837","40.74872764","-73.97156507","11","ginkgo","Good"
"333616","40.75664772","-73.99417385","8","sawtooth oak","Fair"
"279274","40.74756709","-73.97837635","13","sawtooth oak","Good"
"331022","40.75861869","-73.99342121","13","honeylocust","Fair"
"350027","40.74716153","-73.9735723","2","American elm","Fair"
"294020","40.73279679","-74.00571754","7","green ash","Fair"
"330960","40.75861806","-73.99114928","6","Callery pear","Good"
"330967","40.75888805","-73.99179108","5","Callery pear","Good"
"314718","40.72444087","-73.9890798","10","common hackberry","Good"
"332171","40.75650824","-73.99192884","4","Sophora","Poor"
"314716","40.72464023","-73.98955247","6","Sophora","Good"
"330703","40.75843205","-73.99042304","8","northern red oak","Good"
"332464","40.7586799","-73.99600675","0",,
"292515","40.73501466","-74.00988859","3","pin oak","Fair"
"292705","40.73118645","-74.00872552","9","Callery pear","Good"
"350028","40.7470876","-73.9733947","10","Callery pear","Good"
"350025","40.74722663","-73.97372869","3",,
"350029","40.74704807","-73.97329972","11","Callery pear","Fair"
"350067","40.74682387","-73.97277912","10","honeylocust","Good"
"350118","40.74720541","-73.97206607","11","honeylocust","Good"
"355616","40.74827882","-73.9708744","8","ginkgo","Fair"
"333804","40.75611477","-73.99320476","4","littleleaf linden","Good"
"304838","40.7486882","-73.97147084","9","ginkgo","Fair"
"355628","40.74786736","-73.9711683","14","ginkgo","Poor"
"333807","40.75591614","-73.99273382","3","ginkgo","Good"
"350119","40.74725871","-73.97219311","13","honeylocust","Fair"
"350066","40.74687839","-73.97290733","8","honeylocust","Good"
"352907","40.73870673","-74.00613853","12","ginkgo","Poor"
"352908","40.73870721","-74.00606203","9","ginkgo","Poor"
"355619","40.74816812","-73.97095347","7","ginkgo","Good"
"355624","40.74798217","-73.9710863","7","ginkgo","Good"
"355617","40.74822431","-73.97091333","7","ginkgo","Fair"
"350214","40.74810547","-73.97197053","9","honeylocust","Good"
"350218","40.74786869","-73.97140778","10","honeylocust","Good"
"355625","40.74794372","-73.97115278","6","ginkgo","Good"
"349745","40.75920861","-73.96483673","7","littleleaf linden","Good"
"355626","40.74790185","-73.97114367","2","ginkgo","Good"
"330701","40.75861553","-73.99085883","2","ginkgo","Good"
"350217","40.74796556","-73.97163799","11","honeylocust","Good"
"355618","40.74820903","-73.97096327","7","ginkgo","Good"
"355620","40.74809456","-73.97100602","8","ginkgo","Good"
"333805","40.75601812","-73.99297561","3","ginkgo","Good"
"333806","40.75595129","-73.99281715","3","ginkgo","Good"
"292645","40.73400562","-74.0063518","9","London planetree","Fair"
"352758","40.73817272","-74.00624541","22","American elm","Fair"
"350215","40.74807066","-73.97188779","13","honeylocust","Good"
"355622","40.74804077","-73.97104444","9","ginkgo","Good"
"355623","40.74801608","-73.97110109","11","ginkgo","Good"
"332394","40.75840957","-73.99481823","4","London planetree","Fair"
"332393","40.75838354","-73.99475673","3","London planetree","Fair"
"300563","40.73582383","-74.00685218","8","golden raintree","Good"
"333957","40.75583141","-73.99414774","7","pin oak","Good"
"350485","40.74841976","-73.96985293","0",,
"332465","40.75861849","-73.99605239","5","Japanese zelkova","Fair"
"332466","40.75855397","-73.99610035","4","Chinese elm","Fair"
"352853","40.7383668","-74.00639269","11","pin oak","Good"
"350481","40.7482874","-73.96994989","0",,
"352854","40.73850235","-74.00638828","11","pin oak","Good"
"332467","40.75849376","-73.99614511","6","Japanese zelkova","Good"
"347322","40.75870553","-73.96556218","7","ginkgo","Fair"
"352906","40.73870601","-74.00625545","13","honeylocust","Good"
"350120","40.7473747","-73.97246962","10","honeylocust","Good"
"350122","40.74743237","-73.97260709","9","honeylocust","Fair"
"331331","40.7588927","-73.99213572","3","honeylocust","Good"
"350216","40.74800555","-73.97173305","10","honeylocust","Good"
"330702","40.75850252","-73.99059041","2","ginkgo","Poor"
"333808","40.75588259","-73.99265428","3","ginkgo","Good"
"355621","40.74807999","-73.97105544","10","ginkgo","Good"
"350121","40.74740135","-73.97253314","10","honeylocust","Good"
"332392","40.75835657","-73.99469303","6","American linden","Poor"
"332174","40.75620649","-73.99120869","2","Callery pear","Poor"
"310871","40.75974574","-73.98967419","9","Schumard's oak","Good"
"335451","40.74888999","-73.98153661","13","London planetree","Fair"
"335453","40.74879991","-73.98132208","16","London planetree","Good"
"335454","40.74875852","-73.9812235","21","London planetree","Good"
"354531","40.75019494","-73.97334965","6",,
"354635","40.74984273","-73.97420037","12",,
"332175","40.75618662","-73.99116127","2",,
"267725","40.72608546","-74.00274047","16","black locust","Good"
"271819","40.72414515","-74.00329466","8","golden raintree","Good"
"332177","40.75611854","-73.99099877","2",,
"300564","40.73592193","-74.00682726","3","golden raintree","Good"
"294017","40.73266071","-74.00563763","7","green ash","Good"
"335455","40.74869643","-73.98107563","8","honeylocust","Fair"
"352852","40.73829436","-74.00639505","6","ginkgo","Good"
"335458","40.74855554","-73.98074009","7","honeylocust","Good"
"354525","40.74990128","-73.97265338","8","honeylocust","Good"
"366051","40.7556551","-73.97023286","9","ginkgo","Fair"
"354527","40.75000206","-73.97289231","9","ginkgo","Fair"
"366050","40.75562529","-73.97016214","8","ginkgo","Fair"
"350479","40.74821667","-73.97000171","0",,
"354526","40.74994801","-73.97276416","2","honeylocust","Fair"
"335456","40.74863806","-73.98093661","4","honeylocust","Good"
"354532","40.7502394","-73.97345507","5",,
"362005","40.74934507","-73.97078923","6","ginkgo","Good"
"332068","40.75903638","-73.99018293","8","swamp white oak","Good"
"362009","40.7494057","-73.9709332","10","ginkgo","Good"
"350480","40.74823011","-73.96995261","12","London planetree","Good"
"335450","40.74891201","-73.98158906","15","London planetree","Good"
"335452","40.7488279","-73.98138874","17","London planetree","Good"
"332535","40.75819207","-73.99592155","5","London planetree","Poor"
"362002","40.74925563","-73.97064766","5","honeylocust","Fair"
"332534","40.75825327","-73.99606389","4","London planetree","Fair"
"333802","40.75634083","-73.99374074","4","swamp white oak","Good"
"350478","40.74818","-73.96998932","12","London planetree","Good"
"354533","40.75056447","-73.97422585","5","ginkgo","Good"
"358966","40.75894232","-73.9646838","8","ginkgo","Fair"
"362001","40.74920125","-73.97051853","6","honeylocust","Good"
"362007","40.74934779","-73.97086646","12","honeylocust","Good"
"362003","40.74928715","-73.97072249","14","honeylocust","Fair"
"362004","40.74931827","-73.97079637","14","honeylocust","Good"
"350026","40.74719342","-73.97364891","2","honeylocust","Good"
"349912","40.74676311","-73.97295127","4","honeylocust","Good"
"350484","40.74840347","-73.96982561","12","London planetree","Good"
"350482","40.74828838","-73.96990992","13","London planetree","Good"
"331905","40.75923108","-73.99039128","4","swamp white oak","Good"
"292379","40.73468845","-74.00880388","4","Japanese tree lilac","Fair"
"331208","40.75939921","-73.99547859","4","Kentucky coffeetree","Good"
"350488","40.7485212","-73.96973936","11","London planetree","Good"
"354530","40.75015008","-73.97324329","5","Callery pear","Poor"
"331121","40.75916109","-73.99463565","4","Kentucky coffeetree","Good"
"310618","40.72438248","-74.00905731","5","honeylocust","Good"
"350486","40.74846101","-73.96978345","12","London planetree","Good"
"350477","40.74812389","-73.97003042","13","London planetree","Fair"
"350483","40.74834592","-73.96986777","11","London planetree","Good"
"335449","40.74893589","-73.98164593","4","northern red oak","Good"
"371024","40.75649484","-73.96835849","5","Callery pear","Good"
"279275","40.74760459","-73.97846538","13","sawtooth oak","Good"
"362013","40.74953156","-73.9713028","11","honeylocust","Good"
"333617","40.75669375","-73.99428226","7","sawtooth oak","Good"
"279276","40.74763916","-73.97854747","7","sawtooth oak","Fair"
"354528","40.75004971","-73.9730053","4","Callery pear","Fair"
"371023","40.75644253","-73.96823485","10","Callery pear","Fair"
"292368","40.73485379","-74.00692416","7","littleleaf linden","Good"
"362016","40.74964459","-73.97157117","6","honeylocust","Good"
"371021","40.75631977","-73.96794466","13","London planetree","Good"
"335457","40.74860994","-73.98086963","7","littleleaf linden","Good"
"362011","40.74944858","-73.97110578","11","honeylocust","Good"
"346785","40.74007979","-73.97944894","13","Callery pear","Good"
"362015","40.74961228","-73.97149445","10","honeylocust","Good"
"346781","40.74030051","-73.97928991","2","pin oak","Good"
"362010","40.74941201","-73.97101896","11","honeylocust","Good"
"260230","40.73758612","-74.00438647","4","Chinese chestnut","Good"
"354529","40.75009537","-73.97311356","6","Callery pear","Poor"
"297468","40.7252753","-73.98741078","9","'Schubert' chokecherry","Good"
"331120","40.7591339","-73.99457128","3","Kentucky coffeetree","Good"
"331209","40.75933771","-73.99552327","4","Kentucky coffeetree","Good"
"272714","40.73623619","-74.0027871","5","'Schubert' chokecherry","Good"
"331119","40.75907364","-73.99442866","3","Kentucky coffeetree","Good"
"271332","40.72409778","-74.00221284","5","'Schubert' chokecherry","Good"
"227981","40.74553856","-73.97962899","4","hardy rubber tree","Fair"
"346439","40.74198905","-73.97680216","8","littleleaf linden","Poor"
"366260","40.75157881","-73.97416682","6","littleleaf linden","Good"
"271334","40.72419506","-74.0021302","6","'Schubert' chokecherry","Fair"
"352909","40.73870854","-74.00584769","5","mulberry","Fair"
"362006","40.74936568","-73.97083817","9","ginkgo","Fair"
"362008","40.74938602","-73.97088647","11","ginkgo","Good"
"346784","40.74019364","-73.97936691","2","pin oak","Good"
"362014","40.74957624","-73.97140888","10","honeylocust","Fair"
"362012","40.74948581","-73.97119419","9","honeylocust","Good"
"346786","40.74002684","-73.97948709","6","honeylocust","Good"
"350271","40.74804545","-73.96987343","13","London planetree","Good"
"346435","40.74170296","-73.97613347","11","ginkgo","Fair"
"346436","40.74180362","-73.97636874","14","London planetree","Fair"
"358967","40.75899614","-73.96481171","8","ginkgo","Good"
"366251","40.7520669","-73.97532058","7","honeylocust","Good"
"366254","40.75195989","-73.97506763","6","honeylocust","Good"
"366259","40.75160844","-73.97423684","3","honeylocust","Fair"
"346782","40.74028657","-73.97933905","2","pin oak","Good"
"350268","40.74795552","-73.96965798","16","London planetree","Good"
"366253","40.75200019","-73.97516288","7","honeylocust","Fair"
"366252","40.75203408","-73.97524299","6","honeylocust","Good"
"350270","40.74801481","-73.96980003","16","London planetree","Good"
"346440","40.74203507","-73.97690972","6","ginkgo","Fair"
"350272","40.74807781","-73.96995095","18","London planetree","Good"
"366256","40.75188624","-73.97489352","8","honeylocust","Good"
"346787","40.74000784","-73.97953987","2","pin oak","Good"
"252694","40.72463197","-73.98776243","2","bald cypress","Good"
"346441","40.74219332","-73.97727961","2",,
"366049","40.75555636","-73.96999862","16","Callery pear","Good"
"351491","40.73831514","-74.00565991","2","honeylocust","Good"
"350219","40.74777342","-73.97118136","5","American hophornbeam","Good"
"375277","40.75898651","-73.96678246","2","American linden","Good"
"346788","40.73997172","-73.9795268","2","pin oak","Good"
"366255","40.75191986","-73.974973","8","honeylocust","Fair"
"366257","40.75185221","-73.97481309","9","honeylocust","Good"
"355668","40.74852026","-73.97074186","12","ginkgo","Good"
"355670","40.7486152","-73.97067376","12","ginkgo","Good"
"375280","40.7590704","-73.96698131","2","American linden","Good"
"355671","40.74866604","-73.97063728","11","ginkgo","Good"
"355673","40.74879687","-73.97054342","12","ginkgo","Good"
"375278","40.75900968","-73.96683738","2","American linden","Good"
"366052","40.75568544","-73.97030483","1","ginkgo","Fair"
"349744","40.75927654","-73.96499893","0",,
"355672","40.74872073","-73.97059804","11","ginkgo","Good"
"355674","40.74885012","-73.97050522","11","ginkgo","Poor"
"373591","40.75763397","-73.96717432","11","ginkgo","Good"
"371020","40.75628881","-73.96787148","6","ginkgo","Good"
"333702","40.75738587","-73.9943195","12","honeylocust","Good"
"375279","40.75904456","-73.96692008","2","London planetree","Fair"
"333705","40.75722411","-73.99393063","12","Callery pear","Good"
"365370","40.75485458","-73.97029815","4","pin oak","Fair"
"346789","40.7399544","-73.97957837","2","pin oak","Good"
"330974","40.75738737","-73.99353952","4","common hackberry","Good"
"355669","40.74857014","-73.97070608","13","ginkgo","Good"
"366053","40.75571578","-73.97037681","9","ginkgo","Fair"
"355153","40.74827961","-73.97078645","5","ginkgo","Fair"
"371022","40.75634672","-73.96800837","9","ginkgo","Good"
"333703","40.75733239","-73.99419093","11","honeylocust","Good"
"373593","40.75769347","-73.96731377","5","ginkgo","Good"
"375921","40.73825856","-74.0054693","7","honeylocust","Good"
"365367","40.75477619","-73.97011139","6","honeylocust","Good"
"373592","40.75766701","-73.96725175","9","ginkgo","Fair"
"365369","40.75482672","-73.97023178","8","pin oak","Good"
"333704","40.75728023","-73.99406553","18","Callery pear","Good"
"365366","40.7547478","-73.97004376","4","pin oak","Good"
"369166","40.755903","-73.96889992","9","honeylocust","Good"
"369169","40.75607405","-73.96930677","11","honeylocust","Good"
"369165","40.75588015","-73.96884559","10","honeylocust","Good"
"346780","40.74033952","-73.97930089","3","littleleaf linden","Good"
"354713","40.74938016","-73.97267494","9","Callery pear","Poor"
"365371","40.75489861","-73.97040306","11","ginkgo","Good"
"375925","40.73857884","-74.00542266","7","honeylocust","Good"
"365361","40.7543987","-73.96921206","11","honeylocust","Good"
"365372","40.75493814","-73.97049723","7","ginkgo","Good"
"369162","40.75573021","-73.96848896","14","ginkgo","Good"
"373686","40.75837069","-73.96874229","8","ginkgo","Good"
"369179","40.75634006","-73.96993949","2","honeylocust","Fair"
"369164","40.75584403","-73.96875967","12","ginkgo","Good"
"369161","40.7556901","-73.96839356","11","ginkgo","Good"
"369176","40.7562038","-73.96961539","9","honeylocust","Good"
"369171","40.75610114","-73.96937121","10","honeylocust","Good"
"371025","40.75654315","-73.96847268","4","Japanese zelkova","Good"
"373688","40.75850733","-73.96864208","7","ginkgo","Fair"
"375922","40.73831367","-74.00546127","9","honeylocust","Good"
"375924","40.73846971","-74.00543855","8","honeylocust","Good"
"369167","40.75593832","-73.96898394","2","ginkgo","Good"
"369163","40.75577085","-73.96858562","14","ginkgo","Fair"
"369172","40.75611442","-73.9694028","8","honeylocust","Fair"
"292646","40.73389936","-74.00636883","13","green ash","Good"
"375923","40.73840369","-74.00544816","9","willow oak","Good"
"373687","40.75843542","-73.96869482","8","ginkgo","Fair"
"369174","40.75614099","-73.96946598","11","honeylocust","Good"
"369173","40.7561277","-73.96943439","7","honeylocust","Good"
"369180","40.75637393","-73.97002004","8","honeylocust","Good"
"373779","40.75919307","-73.96810328","15","willow oak","Good"
"375485","40.75866433","-73.96766925","13","willow oak","Good"
"375486","40.75870155","-73.96775768","12","willow oak","Good"
"373595","40.75785478","-73.96769182","13","willow oak","Good"
"350487","40.74850416","-73.9697911","0",,
"365365","40.75459116","-73.96967057","14","London planetree","Fair"
"375487","40.75873863","-73.96784579","7","willow oak","Good"
"365363","40.75450932","-73.9694756","17","London planetree","Fair"
"373778","40.75910272","-73.96816888","10","willow oak","Good"
"373689","40.75878828","-73.96843604","8","ginkgo","Fair"
"369175","40.75616502","-73.96952315","11","honeylocust","Fair"
"375827","40.73748691","-74.0042875","3","American linden","Good"
"373780","40.7592839","-73.96803733","7","willow oak","Fair"
"375484","40.75862711","-73.96758082","1","willow oak","Good"
"365364","40.75453612","-73.96953943","19","London planetree","Fair"
"375885","40.7381683","-74.0045541","15","honeylocust","Good"
"366462","40.75041379","-73.97192147","7","honeylocust","Good"
"369168","40.75597816","-73.96907871","8","pin oak","Good"
"366463","40.75027607","-73.97202282","6","honeylocust","Good"
"365846","40.75513691","-73.96929458","6","honeylocust","Good"
"369177","40.75625653","-73.9697408","11","honeylocust","Good"
"12804","40.73127645","-74.00383844","16","pagoda dogwood","Good"
"365850","40.75534068","-73.96977952","10","honeylocust","Good"
"369170","40.75608733","-73.96933836","10","honeylocust","Good"
"375893","40.73816923","-74.00539921","8","Callery pear","Good"
"252707","40.72540993","-73.98960172","3","pagoda dogwood","Fair"
"48770","40.74235258","-73.98699888","3","swamp white oak","Poor"
"48777","40.74120488","-73.98782719","4","swamp white oak","Good"
"354524","40.74984817","-73.97252744","10","Callery pear","Fair"
"311085","40.75987441","-73.99023671","9","Sophora","Good"
"322985","40.74861046","-73.9782238","6","swamp white oak","Good"
"366258","40.75165941","-73.97435733","7","littleleaf linden","Fair"
"365843","40.75501372","-73.96900141","5","pin oak","Good"
"365844","40.75504717","-73.96908102","10","pin oak","Good"
"331023","40.75865739","-73.99351597","8","Sophora","Good"
"354634","40.74989251","-73.97431883","14","Sophora","Good"
"241416","40.75417335","-73.96672966","18","'Schubert' chokecherry","Good"
"354636","40.74978286","-73.9740579","14","Sophora","Good"
"365847","40.7551616","-73.96935334","6","pin oak","Good"
"354633","40.74992649","-73.9743997","11","Sophora","Good"
"346434","40.74159316","-73.97587682","8","Sophora","Good"
"333803","40.75627892","-73.99359396","5","Sophora","Good"
"351488","40.73861649","-74.00561181","7","Sophora","Good"
"300935","40.73561144","-74.0071776","18","Sophora","Good"
"371026","40.75679801","-73.96907514","9","Japanese zelkova","Good"
"351490","40.73842195","-74.00564286","17","Ohio buckeye","Good"
"352753","40.73816962","-74.00587232","10","Sophora","Good"
"375889","40.73816874","-74.0049532","11","London planetree","Good"
"350212","40.74830758","-73.97245085","4","Sophora","Good"
"365848","40.75519838","-73.96944085","10","pin oak","Good"
"297469","40.72531017","-73.98749345","9","'Schubert' chokecherry","Good"
"375482","40.75840061","-73.96704268","6","Callery pear","Good"
"375886","40.7381684","-74.00464648","7","Callery pear","Good"
"366419","40.75077191","-73.97253015","3",,
"375891","40.73816895","-74.0051459","7","Callery pear","Good"
"375892","40.73816907","-74.00525559","7","Callery pear","Good"
"369178","40.75630726","-73.96986147","11","Callery pear","Good"
"365849","40.75526847","-73.96960766","9","honeylocust","Good"
"366465","40.75004182","-73.97219519","11","honeylocust","Good"
"365853","40.75566671","-73.97055542","4","honeylocust","Good"
"375578","40.75823301","-73.96622044","7","ginkgo","Good"
"365852","40.75563618","-73.97048276","4","honeylocust","Good"
"366464","40.7501623","-73.97210653","9","honeylocust","Fair"
"350269","40.74798404","-73.96972632","16","London planetree","Good"
"387174","40.7514413","-73.97117937","7","ginkgo","Poor"
"375824","40.73747971","-74.00466194","10","American elm","Fair"
"400955","40.72412078","-73.98441331","4",,
"271346","40.72605697","-74.00056246","18","golden raintree","Good"
"366660","40.75020481","-73.97118605","7","honeylocust","Fair"
"352756","40.73817131","-74.00607655","8","Sophora","Good"
"346437","40.74184977","-73.97647662","7","Sophora","Good"
"275094","40.72334426","-74.00927016","4","shingle oak","Good"
"366670","40.74986312","-73.97037706","7","Callery pear","Good"
"333619","40.75678527","-73.99449783","4","sawtooth oak","Good"
"366663","40.75011673","-73.97097749","9","honeylocust","Fair"
"375825","40.73748073","-74.00460855","9","littleleaf linden","Fair"
"366664","40.75007701","-73.97088347","6","honeylocust","Fair"
"346783","40.74024708","-73.97932841","7","Norway maple","Fair"
"13161","40.73348823","-74.00330208","4","pagoda dogwood","Good"
"375624","40.75883601","-73.96578608","11","honeylocust","Good"
"335478","40.74933009","-73.98066216","13","Sophora","Good"
"332176","40.75613894","-73.99104746","4","Sophora","Fair"
"346433","40.74150071","-73.97566074","5","Sophora","Good"
"366368","40.75091324","-73.9741822","8","ginkgo","Good"
"365368","40.75480205","-73.97017301","18","Sophora","Good"
"354919","40.74881456","-73.97203122","7","ginkgo","Good"
"354921","40.74866436","-73.97167441","2","ginkgo","Good"
"354923","40.74860454","-73.97153232","3","Callery pear","Good"
"331904","40.75926963","-73.99048286","4","swamp white oak","Good"
"354924","40.74847148","-73.97121624","2","ginkgo","Good"
"386515","40.75325852","-73.96984514","7","Callery pear","Good"
"386516","40.75331045","-73.96980751","8","Callery pear","Good"
"365851","40.75544662","-73.97003162","10","London planetree","Good"
"310373","40.72538977","-74.01092062","5","swamp white oak","Good"
"12993","40.73119864","-74.00468677","3","pagoda dogwood","Fair"
"197583","40.74394474","-73.97995775","5","pagoda dogwood","Fair"
"332333","40.75613618","-73.99134231","3","Kentucky coffeetree","Good"
"331248","40.75893189","-73.99555829","4","Kentucky coffeetree","Good"
"48967","40.74078534","-74.00725495","4","Japanese hornbeam","Poor"
"352754","40.73817028","-74.00595242","4","Sophora","Good"
"366661","40.75018203","-73.9711321","11","honeylocust","Good"
"366662","40.75014018","-73.97103303","3","honeylocust","Fair"
"335480","40.7494159","-73.98086537","11","black locust","Good"
"366367","40.75100826","-73.97411281","6","ginkgo","Fair"
"366672","40.74980089","-73.97022971","3","London planetree","Good"
"346432","40.74145482","-73.97555349","5","Sophora","Good"
"335479","40.7493706","-73.98075808","12","Sophora","Good"
"366366","40.75114984","-73.97400943","7","ginkgo","Fair"
"375826","40.73748245","-74.00451909","7","littleleaf linden","Good"
"375828","40.73748921","-74.00416773","13","littleleaf linden","Good"
"375890","40.73816884","-74.00504847","14","American elm","Fair"
"159078","40.7252702","-74.00424915","12","Siberian elm","Good"
"354916","40.7489221","-73.97228667","7","Callery pear","Good"
"373594","40.75773645","-73.9674145","12","ginkgo","Good"
"354714","40.74965253","-73.97247538","7","Callery pear","Good"
"365362","40.75447802","-73.96940102","0",,
"366666","40.74998546","-73.97066671","0",,
"331247","40.75895884","-73.99562243","4","Kentucky coffeetree","Good"
"366668","40.74993162","-73.97053924","0",,
"375483","40.75842773","-73.96710711","4","Japanese zelkova","Good"
"366396","40.75065389","-73.97196311","7","littleleaf linden","Fair"
"386518","40.7534518","-73.96970509","8","Callery pear","Good"
"386935","40.75197796","-73.97047485","5","Callery pear","Fair"
"386519","40.75350036","-73.96966991","9","Callery pear","Good"
"386933","40.75213218","-73.97036277","5","Callery pear","Good"
"390001","40.73870313","-74.00433895","10","pin oak","Good"
"386517","40.75340276","-73.96974063","7","Callery pear","Good"
"366665","40.75005356","-73.97082794","7","honeylocust","Fair"
"366365","40.7512451","-73.97393986","5","ginkgo","Poor"
"372267","40.75623691","-73.96800451","7","Callery pear","Good"
"354917","40.74888461","-73.97219763","10","ginkgo","Good"
"366667","40.74996121","-73.97060928","8","ginkgo","Good"
"372282","40.75099219","-73.97084446","7","pin oak","Good"
"376094","40.73878826","-74.00662303","12","honeylocust","Good"
"376087","40.73878808","-74.00726138","11","ginkgo","Fair"
"366669","40.74990257","-73.97047045","10","ginkgo","Good"
"374302","40.75633726","-73.9705345","11","honeylocust","Good"
"372198","40.74934474","-73.97030716","7","ginkgo","Good"
"374327","40.75689711","-73.97012649","5","honeylocust","Good"
"372195","40.74949985","-73.97019419","7","ginkgo","Good"
"354918","40.74885683","-73.97213163","8","ginkgo","Good"
"354920","40.74871221","-73.97178808","11","ginkgo","Good"
"354922","40.74863391","-73.9716021","2","ginkgo","Good"
"376086","40.73878805","-74.00736675","5","ginkgo","Good"
"374281","40.75610929","-73.971303","8","honeylocust","Good"
"372277","40.75080625","-73.97039938","3","honeylocust","Good"
"374282","40.75608072","-73.97123469","6","honeylocust","Good"
"372527","40.75748622","-73.96903469","8","Callery pear","Good"
"372528","40.75753377","-73.96914777","11","Callery pear","Good"
"372193","40.74961318","-73.97011165","5","ginkgo","Good"
"372246","40.74924298","-73.97022336","13","ginkgo","Good"
"374328","40.7569333","-73.97009994","7","honeylocust","Good"
"376089","40.73878813","-74.00710044","9","Japanese zelkova","Good"
"372271","40.75643022","-73.96846407","5","Japanese zelkova","Good"
"372273","40.75650701","-73.96864663","11","Japanese zelkova","Good"
"386934","40.75204858","-73.97042353","7","Callery pear","Fair"
"374303","40.75637996","-73.97050403","3","honeylocust","Poor"
"372196","40.74945183","-73.97022917","11","ginkgo","Good"
"366039","40.75513836","-73.96900706","4","honeylocust","Fair"
"372199","40.749296","-73.97034266","10","ginkgo","Good"
"387176","40.75157702","-73.9710785","4","Japanese zelkova","Fair"
"366674","40.74974278","-73.97009215","12","ginkgo","Good"
"372197","40.74940237","-73.97026519","7","ginkgo","Good"
"374329","40.75701839","-73.9700375","5","honeylocust","Good"
"366673","40.74977223","-73.97016188","4","Japanese zelkova","Fair"
"374280","40.75613548","-73.97136562","4","honeylocust","Fair"
"372276","40.7507781","-73.970332","3","honeylocust","Good"
"372272","40.75645945","-73.96853355","5","Japanese zelkova","Good"
"366395","40.75070527","-73.97208535","5",,
"371754","40.7556827","-73.96807988","8","Callery pear","Good"
"374297","40.75596356","-73.97080115","11","katsura tree","Good"
"376091","40.73878817","-74.00694094","8","Japanese zelkova","Good"
"372435","40.75373304","-73.97178284","4","Chinese elm","Good"
"386938","40.75177857","-73.97061976","6",,
"392818","40.73404439","-73.99890638","12","Callery pear","Fair"
"366047","40.75547957","-73.96981647","8","Callery pear","Good"
"387435","40.75465102","-73.97006869","4","Callery pear","Good"
"374298","40.7560123","-73.97076637","10","katsura tree","Good"
"386936","40.7519006","-73.97053107","5","Callery pear","Poor"
"392819","40.73398982","-73.99877658","15","Callery pear","Good"
"374284","40.75598601","-73.97100824","8","katsura tree","Good"
"366048","40.75551244","-73.96989444","1","Callery pear","Good"
"102826","40.7248902","-73.97902999","4","Japanese hornbeam","Fair"
"103261","40.73001528","-73.98675893","2","Japanese hornbeam","Good"
"333618","40.75673015","-73.99436798","11","sawtooth oak","Good"
"366038","40.75509139","-73.96889562","16","Callery pear","Good"
"372245","40.74920322","-73.97025189","11","ginkgo","Good"
"372200","40.74925086","-73.97037554","8","ginkgo","Good"
"387432","40.75449302","-73.96969359","7","Callery pear","Good"
"372248","40.74935839","-73.97014056","8","ginkgo","Good"
"387434","40.75457149","-73.96987987","12","Callery pear","Good"
"375101","40.75762439","-73.9666659","11","honeylocust","Good"
"375102","40.7576652","-73.96663615","7","honeylocust","Good"
"367814","40.75594608","-73.96925434","10","ginkgo","Good"
"376090","40.73878815","-74.00702322","3","American linden","Good"
"372280","40.7508973","-73.97061733","9","ginkgo","Good"
"367811","40.75576665","-73.96882924","10","Callery pear","Fair"
"374301","40.75625451","-73.97059354","10","honeylocust","Good"
"367817","40.75609754","-73.96961317","11","ginkgo","Good"
"366418","40.75068579","-73.97232553","5",,
"372439","40.75359051","-73.97144311","2","honeylocust","Good"
"372341","40.75138338","-73.97008816","14","ginkgo","Fair"
"372437","40.75365853","-73.97160523","4","honeylocust","Good"
"371935","40.75283154","-73.97354658","8","ginkgo","Good"
"372269","40.75633762","-73.96824392","6","honeylocust","Fair"
"374384","40.75539062","-73.97091408","4","honeylocust","Good"
"372250","40.74951211","-73.97003027","10","ginkgo","Good"
"372247","40.74930153","-73.97018136","11","ginkgo","Good"
"366045","40.75536726","-73.96955003","10","pin oak","Good"
"372438","40.75361636","-73.97150473","2","honeylocust","Fair"
"371931","40.75296267","-73.97385624","6","ginkgo","Good"
"372338","40.75155269","-73.97048883","6","ginkgo","Good"
"372125","40.75263742","-73.97113373","15","honeylocust","Good"
"372126","40.7526884","-73.97125503","7","honeylocust","Good"
"374325","40.75670128","-73.97078865","5","honeylocust","Good"
"372436","40.7536877","-73.97167476","5","honeylocust","Fair"
"376085","40.73878803","-74.00745985","11","ginkgo","Good"
"372278","40.75084774","-73.97049871","6","ginkgo","Good"
"375100","40.75757638","-73.9667009","13","honeylocust","Good"
"372340","40.7514527","-73.97025221","12","ginkgo","Good"
"392828","40.73340591","-73.99738767","11","ginkgo","Fair"
"372209","40.75375633","-73.97210586","4","Chinese elm","Good"
"387428","40.75434155","-73.96933396","14",,
"376093","40.73878823","-74.00671794","15","honeylocust","Good"
"375103","40.75781164","-73.9665294","8","honeylocust","Good"
"372249","40.74945357","-73.97007228","8","ginkgo","Good"
"371933","40.75288923","-73.97368281","5","ginkgo","Good"
"372337","40.75159508","-73.97058916","16","ginkgo","Good"
"374326","40.75659582","-73.97034756","7","honeylocust","Good"
"372194","40.74955603","-73.97015327","6","ginkgo","Good"
"375104","40.75785485","-73.9664979","9","honeylocust","Good"
"367818","40.75617267","-73.96979116","9","honeylocust","Good"
"372281","40.75093668","-73.9707116","6","pin oak","Good"
"372121","40.75244943","-73.97068641","10","honeylocust","Good"
"372123","40.75252112","-73.970857","9","honeylocust","Good"
"367815","40.7559927","-73.9693648","2","ginkgo","Good"
"367816","40.75603999","-73.96947683","8","ginkgo","Good"
"374382","40.75562559","-73.97074338","4","honeylocust","Good"
"374383","40.75551579","-73.97082315","4","honeylocust","Fair"
"371929","40.7530233","-73.9739994","5","ginkgo","Poor"
"372122","40.7524866","-73.97077487","14","honeylocust","Good"
"372440","40.75354914","-73.97134451","2","blackgum","Good"
"376028","40.73818682","-74.00939368","3",,
"372251","40.74956994","-73.96998879","10","ginkgo","Good"
"387444","40.7550452","-73.97100455","5","ginkgo","Poor"
"371928","40.75305615","-73.97407697","5","ginkgo","Fair"
"371930","40.75299339","-73.97392877","7","ginkgo","Good"
"372130","40.7528663","-73.97167834","11","honeylocust","Good"
"366037","40.75504441","-73.96878419","4","pin oak","Good"
"366046","40.75545336","-73.96975428","13","pin oak","Good"
"372283","40.75102602","-73.97092544","8","pin oak","Fair"
"374300","40.75610373","-73.97070113","12","katsura tree","Good"
"372124","40.75257608","-73.97098778","15","honeylocust","Good"
"386932","40.75217398","-73.97033239","2","American linden","Fair"
"372339","40.75150283","-73.97037084","6","ginkgo","Good"
"374283","40.75603892","-73.97113475","10","katsura tree","Good"
"387440","40.75483189","-73.9704981","4","ginkgo","Good"
"374285","40.7559659","-73.97096017","9","katsura tree","Fair"
"387443","40.7550327","-73.97097487","4","ginkgo","Good"
"371932","40.75293009","-73.9737793","7","ginkgo","Fair"
"371934","40.75286065","-73.97361533","7","ginkgo","Good"
"372002","40.75246141","-73.97431512","6","ginkgo","Poor"
"372268","40.75630467","-73.96816559","8","honeylocust","Good"
"372000","40.7521936","-73.97368251","4","ginkgo","Good"
"372270","40.7563792","-73.96834278","3","honeylocust","Good"
"375888","40.73816865","-74.00486948","4","sweetgum","Good"
"392825","40.73357001","-73.997778","12","ginkgo","Good"
"374286","40.75594461","-73.97090925","12","katsura tree","Good"
"366041","40.75519638","-73.96914469","15","Sophora","Good"
"366042","40.75522407","-73.96921036","7","Sophora","Good"
"392836","40.73306203","-73.99656975","16","ginkgo","Fair"
"372128","40.75278558","-73.97148627","3","honeylocust","Good"
"387099","40.75249878","-73.964996","15","honeylocust","Good"
"375579","40.75849797","-73.96602857","9","Sophora","Good"
"372523","40.75681675","-73.9674427","5","honeylocust","Good"
"366393","40.75120633","-73.97327752","5","littleleaf linden","Poor"
"366040","40.7551703","-73.96908282","4","Sophora","Fair"
"371755","40.75576404","-73.9680212","4","Japanese zelkova","Good"
"346438","40.74189553","-73.97658356","7","Sophora","Fair"
"376024","40.73818091","-74.00877162","5","cherry","Poor"
"392829","40.73335426","-73.99726483","11","silver linden","Good"
"392824","40.73363321","-73.99792833","21","ginkgo","Fair"
"372127","40.75274841","-73.97139782","10","honeylocust","Good"
"372342","40.75124527","-73.96976131","12","ginkgo","Good"
"387173","40.75135957","-73.9712401","5","Sophora","Good"
"387172","40.75131083","-73.97127633","5","Sophora","Fair"
"374299","40.75605596","-73.97073522","9","katsura tree","Fair"
"376027","40.73818501","-74.00920316","8","cherry","Fair"
"372266","40.7561855","-73.96788227","7","Sophora","Fair"
"387447","40.75507313","-73.97107086","4","ginkgo","Good"
"375884","40.73816817","-74.00443574","16","honeylocust","Good"
"272461","40.73674009","-74.00407516","5","serviceberry","Fair"
"372447","40.75324086","-73.97060975","4","ginkgo","Good"
"387429","40.75438291","-73.96943215","14","Sophora","Good"
"366044","40.75532361","-73.96944649","14","London planetree","Good"
"371756","40.75588243","-73.96793578","4","Japanese zelkova","Good"
"372274","40.75665049","-73.96898774","3","Japanese zelkova","Poor"
"376084","40.73878798","-74.00761358","12","London planetree","Good"
"387431","40.75447015","-73.96963928","11","London planetree","Good"
"387175","40.75152971","-73.97111366","6","littleleaf linden","Fair"
"159072","40.72480782","-74.0044355","13","Siberian elm","Fair"
"386937","40.75184007","-73.97057507","5",,
"367813","40.75590998","-73.96916882","12","Callery pear","Good"
"376092","40.7387882","-74.00683485","9",,
"372443","40.75338552","-73.97095453","9","willow oak","Good"
"372433","40.75379086","-73.97192063","4","Chinese elm","Good"
"372054","40.7526087","-73.97495069","2","Japanese zelkova","Good"
"389997","40.73870097","-74.00468824","4","Japanese zelkova","Good"
"371913","40.7565234","-73.96747143","7","Callery pear","Good"
"386714","40.75370862","-73.97146368","6","Callery pear","Fair"
"322986","40.74869141","-73.97816496","5","swamp white oak","Good"
"387433","40.75452308","-73.96976494","2",,
"386715","40.75374499","-73.97155025","7","Callery pear","Fair"
"372524","40.75685687","-73.96753809","6","honeylocust","Good"
"392632","40.7321113","-74.00022377","15","London planetree","Poor"
"392835","40.73310611","-73.9966746","11","silver linden","Poor"
"376023","40.73818022","-74.00869945","6","cherry","Good"
"389999","40.73870198","-74.00452514","7","green ash","Good"
"297482","40.72593868","-73.98898376","4","Japanese tree lilac","Good"
"386713","40.75367252","-73.97137775","6","Callery pear","Fair"
"392633","40.73215041","-74.00030353","9","American elm","Fair"
"376088","40.73878811","-74.0071755","8","Japanese zelkova","Good"
"372208","40.75366761","-73.97217085","4","Chinese elm","Good"
"392630","40.7318888","-73.9997701","16","Callery pear","Good"
"376021","40.73817858","-74.00852626","4","cherry","Good"
"376022","40.73817944","-74.00861646","6","cherry","Poor"
"386902","40.75234312","-73.9731362","7","American elm","Fair"
"159074","40.72500306","-74.00435681","12","Siberian elm","Good"
"387399","40.75185498","-73.97120889","5","silver linden","Good"
"392643","40.73402878","-73.99910513","14","Callery pear","Good"
"366394","40.75082927","-73.97238039","7","littleleaf linden","Fair"
"375829","40.73749061","-74.00409487","7","common hackberry","Good"
"376025","40.73818177","-74.00886182","5","cherry","Fair"
"386712","40.75363722","-73.97129371","4","Callery pear","Poor"
"387401","40.75210251","-73.9717952","11","Sophora","Good"
"389992","40.73869724","-74.00529013","8","Sophora","Good"
"352752","40.73816906","-74.00580592","2","Sophora","Good"
"392837","40.73300122","-73.99642512","13","ginkgo","Good"
"372449","40.75316952","-73.97043973","10","honeylocust","Good"
"372001","40.75222057","-73.97374622","6","American linden","Poor"
"387446","40.75506515","-73.97105191","4","ginkgo","Good"
"392830","40.73332239","-73.99718903","13","ginkgo","Good"
"372450","40.75309447","-73.97026086","10","honeylocust","Good"
"386442","40.75115623","-73.96826709","17","honeylocust","Fair"
"392840","40.73285755","-73.99608342","13","ginkgo","Good"
"386901","40.75240703","-73.97308979","5","Chinese elm","Fair"
"387445","40.75505345","-73.97102413","4","ginkgo","Good"
"376026","40.73818344","-74.00903718","12","honeylocust","Good"
"389994","40.73869857","-74.00507507","5","ginkgo","Good"
"389996","40.7387001","-74.00482897","4","ginkgo","Good"
"392641","40.73383717","-73.99924976","3","honeylocust","Good"
"392629","40.73167344","-73.99933098","10","ginkgo","Fair"
"387013","40.75218347","-73.97066799","7","honeylocust","Good"
"389995","40.73869976","-74.0048831","7","ginkgo","Fair"
"387441","40.75488854","-73.9706326","5","ginkgo","Good"
"392831","40.73327712","-73.99708135","14","ginkgo","Fair"
"392832","40.73324273","-73.99699955","11","ginkgo","Fair"
"372343","40.75120821","-73.9696736","15","ginkgo","Good"
"372344","40.75116128","-73.96956255","3","honeylocust","Good"
"372345","40.75111528","-73.96945371","3","honeylocust","Good"
"386331","40.75286197","-73.96506137","14","ginkgo","Good"
"386332","40.75297904","-73.9649758","14","ginkgo","Good"
"386900","40.75247383","-73.97304129","8","ginkgo","Good"
"372028","40.75310761","-73.97471281","2","honeylocust","Fair"
"372055","40.75241734","-73.97449758","3","honeylocust","Good"
"386333","40.75300112","-73.96495966","14","ginkgo","Good"
"386347","40.75187773","-73.96934765","5","honeylocust","Good"
"386348","40.75179695","-73.96915481","11","honeylocust","Good"
"387442","40.75502472","-73.97095593","4","ginkgo","Good"
"372451","40.75304939","-73.97015342","11","honeylocust","Good"
"389998","40.73870148","-74.00460669","4","ginkgo","Good"
"386346","40.75191998","-73.96944849","6","honeylocust","Good"
"372056","40.7523659","-73.97437578","4","honeylocust","Good"
"371912","40.7564301","-73.96753822","10","honeylocust","Good"
"387068","40.75140535","-73.97181704","12","honeylocust","Good"
"386349","40.7517649","-73.9690783","11","honeylocust","Good"
"371965","40.75072852","-73.97138806","2","honeylocust","Good"
"386345","40.7519454","-73.96950919","8","honeylocust","Good"
"386765","40.75138776","-73.96982749","6","honeylocust","Fair"
"371962","40.75058749","-73.97148825","8","honeylocust","Good"
"371964","40.7506836","-73.97141997","7","honeylocust","Good"
"386351","40.75166597","-73.96884215","10","honeylocust","Good"
"367810","40.75566035","-73.96857741","9","pin oak","Good"
"392703","40.73303499","-73.99805619","6","pin oak","Good"
"392699","40.73336402","-73.99884037","9","pin oak","Good"
"392700","40.73331352","-73.99871999","11","pin oak","Good"
"392707","40.73273233","-73.99733489","9","pin oak","Good"
"392709","40.73261911","-73.99706507","9","pin oak","Good"
"392702","40.7331144","-73.99824544","8","pin oak","Good"
"392698","40.73342527","-73.99898634","11","pin oak","Good"
"392834","40.73313996","-73.99675512","15","pin oak","Good"
"390002","40.73870361","-74.00426245","5","pin oak","Good"
"392697","40.73347962","-73.99911588","11","pin oak","Good"
"392711","40.73244915","-73.99666003","6","pin oak","Good"
"392631","40.73205672","-74.00011247","5","Callery pear","Good"
"386756","40.75094938","-73.968784","12","ginkgo","Good"
"386773","40.75166541","-73.9704884","11","honeylocust","Good"
"386771","40.75157038","-73.9702622","5","Callery pear","Fair"
"372525","40.75698306","-73.96783817","0",,
"392710","40.73249635","-73.99677251","8","pin oak","Good"
"371961","40.75243802","-73.97337781","5",,
"372526","40.75700883","-73.96789945","3","Japanese zelkova","Good"
"372132","40.75293241","-73.97183566","3","Chinese elm","Fair"
"392823","40.73367198","-73.99802054","3","cherry","Poor"
"386774","40.75169939","-73.97056928","6",,
"371915","40.75664103","-73.9673872","2","Callery pear","Fair"
"122743","40.75950577","-73.96529636","1","American hornbeam","Good"
"372120","40.75242155","-73.97062007","3","Chinese elm","Good"
"400880","40.72590978","-73.98865795","5","mulberry","Poor"
"371914","40.7565692","-73.96743864","4","Callery pear","Good"
"386440","40.7512658","-73.96818678","16","Sophora","Good"
"389993","40.73869759","-74.00523456","10","Sophora","Good"
"392642","40.73396808","-73.99915095","6","Sophora","Good"
"376020","40.73817768","-74.00843172","8","Sophora","Good"
"387402","40.75227064","-73.97219344","9","Sophora","Good"
"302337","40.73446705","-74.00835184","7","shingle oak","Good"
"387398","40.75181955","-73.97112496","2","Sophora","Good"
"372275","40.75070753","-73.97016308","5","Sophora","Good"
"386759","40.75110971","-73.96916563","10","ginkgo","Fair"
"372184","40.75048544","-73.96990831","6","honeylocust","Good"
"372186","40.75041777","-73.96974966","6","honeylocust","Good"
"387404","40.75249366","-73.97272169","9","Sophora","Good"
"386350","40.75173311","-73.96900243","11","London planetree","Fair"
"386760","40.75117103","-73.96931158","8","Callery pear","Good"
"400963","40.72371263","-73.98344433","4","Chinese elm","Good"
"386769","40.75149447","-73.97008149","5","Callery pear","Fair"
"386770","40.7515303","-73.97016679","6","Callery pear","Fair"
"301289","40.73489154","-74.00798085","12","catalpa","Poor"
"372131","40.75290347","-73.97176679","5","Chinese elm","Good"
"386768","40.75145372","-73.9699845","5","Callery pear","Fair"
"400884","40.72578066","-73.98835189","0",,
"367812","40.75580714","-73.96892518","5","pin oak","Good"
"392705","40.73288452","-73.99769759","7","pin oak","Good"
"387400","40.75205962","-73.97169359","9","Sophora","Good"
"387403","40.75246248","-73.97264785","11","Sophora","Good"
"386441","40.75121185","-73.96822632","10","Sophora","Poor"
"372206","40.75341105","-73.9723588","3","Chinese fringetree","Good"
"386514","40.75321236","-73.96987858","4","Sophora","Good"
"400650","40.759439","-73.97146453","10","Callery pear","Good"
"392706","40.73280445","-73.99750676","8","pin oak","Good"
"392708","40.7326801","-73.9972104","11","pin oak","Good"
"133994","40.74994653","-73.97829043","3","American hornbeam","Good"
"400647","40.75922503","-73.97095852","10","Callery pear","Good"
"366420","40.751231","-73.97362086","6",,
"371658","40.7545741","-73.96888907","3","purple-leaf plum","Good"
"390000","40.73870247","-74.00444648","7","green ash","Fair"
"400885","40.72575404","-73.98828879","11","littleleaf linden","Good"
"400883","40.72580795","-73.98841657","7","mulberry","Poor"
"400965","40.72365347","-73.98330388","10","littleleaf linden","Good"
"400649","40.75940859","-73.9713926","3","Callery pear","Good"
"366397","40.75061379","-73.97186771","8","littleleaf linden","Poor"
"400964","40.72368139","-73.98337016","9","littleleaf linden","Poor"
"400646","40.75919115","-73.97087839","4","Callery pear","Good"
"387014","40.7522704","-73.9706047","6","littleleaf linden","Poor"
"387065","40.75199524","-73.97321188","9","ginkgo","Good"
"371684","40.75515164","-73.96846612","10","honeylocust","Good"
"386758","40.75106578","-73.96906106","5","ginkgo","Fair"
"371963","40.75063627","-73.9714536","4","honeylocust","Fair"
"372188","40.75035011","-73.969591","7","honeylocust","Good"
"386767","40.75141709","-73.96989731","3","honeylocust","Fair"
"386762","40.75131914","-73.96966415","8","honeylocust","Good"
"386763","40.75135697","-73.96975419","6","honeylocust","Fair"
"386772","40.75163196","-73.97040879","10","honeylocust","Good"
"386903","40.75212302","-73.973296","10","ginkgo","Good"
"372187","40.75038394","-73.96967033","7","honeylocust","Good"
"386761","40.75127667","-73.96956306","8","honeylocust","Good"
"400598","40.75554051","-73.97192915","5","ginkgo","Fair"
"400734","40.75469235","-73.97142402","4","ginkgo","Good"
"372183","40.75051913","-73.96998733","7","honeylocust","Good"
"372185","40.7504516","-73.96982898","6","honeylocust","Good"
"400958","40.7239752","-73.9840677","11","littleleaf linden","Poor"
"386766","40.75140316","-73.96986414","3","honeylocust","Fair"
"371685","40.75543164","-73.96826304","8","honeylocust","Good"
"386757","40.7509827","-73.96886329","13","ginkgo","Good"
"386306","40.75183978","-73.96895536","18","Sophora","Good"
"392826","40.73350097","-73.99761379","20","Sophora","Good"
"366223","40.75036251","-73.97327114","8","honeylocust","Good"
"400733","40.75465351","-73.97145248","5","ginkgo","Good"
"386764","40.75137197","-73.96978989","6","honeylocust","Good"
"400892","40.72546785","-73.98761042","4","Japanese zelkova","Good"
"400602","40.75539034","-73.97121599","6","Japanese zelkova","Good"
"358968","40.7590299","-73.96489193","6","Callery pear","Good"
"372133","40.75298525","-73.97196139","5","Chinese elm","Good"
"386429","40.75336477","-73.96469589","14",,
"400606","40.75570762","-73.97099047","5","Japanese zelkova","Good"
"400595","40.75565775","-73.97220686","6","ginkgo","Poor"
"400605","40.75565595","-73.9710272","5","Japanese zelkova","Good"
"372058","40.75211536","-73.97378258","7","littleleaf linden","Poor"
"400957","40.72401043","-73.98415134","6","littleleaf linden","Poor"
"400967","40.72357171","-73.98310976","11","littleleaf linden","Good"
"372057","40.75213975","-73.97384033","9","littleleaf linden","Fair"
"392821","40.73389941","-73.99856152","17","littleleaf linden","Good"
"375105","40.75790118","-73.96646413","9","Callery pear","Fair"
"400594","40.75569452","-73.97229396","8","ginkgo","Good"
"400596","40.75561699","-73.97211029","8","ginkgo","Fair"
"400593","40.75582868","-73.97261174","5","ginkgo","Fair"
"400732","40.75461611","-73.97147989","4","ginkgo","Good"
"366054","40.75574652","-73.97044973","11","ginkgo","Fair"
"400956","40.72405165","-73.98424918","14","American linden","Fair"
"400660","40.75990998","-73.97088632","15","honeylocust","Good"
"366221","40.75026555","-73.97304058","6","honeylocust","Good"
"366217","40.74999126","-73.97238837","11","honeylocust","Good"
"400735","40.75472928","-73.97139696","4","ginkgo","Good"
"400894","40.72537334","-73.98738641","8","Japanese zelkova","Good"
"400599","40.75550055","-73.97183448","9","ginkgo","Good"
"386334","40.75308124","-73.9649011","10","ginkgo","Good"
"366218","40.75011359","-73.97267926","10","honeylocust","Good"
"366220","40.75022981","-73.97295561","8","honeylocust","Fair"
"406181","40.75250283","-73.97052599","11","honeylocust","Fair"
"400597","40.75558235","-73.97202824","8","ginkgo","Fair"
"406182","40.75253287","-73.97059737","10","honeylocust","Fair"
"372190","40.75020833","-73.96925858","8","honeylocust","Good"
"400648","40.75937443","-73.97131184","11","ginkgo","Good"
"387437","40.75471858","-73.97022908","10","pin oak","Good"
"400736","40.7547662","-73.9713699","5","ginkgo","Fair"
"386430","40.75342487","-73.96465235","13","ginkgo","Good"
"366222","40.75032067","-73.97317165","8","honeylocust","Good"
"366224","40.75040647","-73.97337568","8","honeylocust","Good"
"387071","40.75132478","-73.97162653","5","honeylocust","Fair"
"366219","40.75017443","-73.97282391","8","honeylocust","Fair"
"400664","40.75968338","-73.97035403","13","American linden","Good"
"387069","40.75138748","-73.97177478","3","honeylocust","Good"
"387436","40.75469623","-73.97017604","7","pin oak","Good"
"400603","40.75549465","-73.97114185","6","Japanese zelkova","Good"
"400604","40.7556009","-73.97106634","5","Japanese zelkova","Good"
"371966","40.75085071","-73.97130125","4","pin oak","Good"
"372134","40.75301127","-73.9720233","5","Chinese elm","Good"
"400663","40.75971717","-73.9704334","13","American linden","Good"
"386335","40.75312875","-73.96486638","10",,
"371959","40.75261089","-73.97325188","7","American linden","Poor"
"372295","40.75125951","-73.97099941","6","ginkgo","Good"
"372279","40.75087814","-73.97057147","3","honeylocust","Good"
"372444","40.75335011","-73.97087016","4","Callery pear","Good"
"406183","40.7525633","-73.97066969","11","honeylocust","Good"
"372189","40.75025613","-73.96937064","6","honeylocust","Good"
"372296","40.7513455","-73.97093687","5","ginkgo","Good"
"372298","40.75153332","-73.97080027","2","ginkgo","Good"
"387070","40.75136907","-73.97173125","9","honeylocust","Fair"
"372027","40.75293842","-73.9748348","7","Sophora","Good"
"392827","40.73345397","-73.99750199","18","Sophora","Good"
"392838","40.73296563","-73.99634048","12","Sophora","Good"
"400893","40.72541128","-73.98747633","6","Amur maple","Good"
"400659","40.75996335","-73.97101168","3","American elm","Fair"
"292473","40.73436253","-74.00693418","9","serviceberry","Good"
"386336","40.75317673","-73.96483131","13",,
"386308","40.75193991","-73.96919271","11","Sophora","Good"
"400968","40.72354512","-73.98304664","5","Callery pear","Good"
"386710","40.75350848","-73.97098726","10","sawtooth oak","Good"
"386443","40.75094741","-73.96842014","21","London planetree","Fair"
"386711","40.75355175","-73.97109025","11","sawtooth oak","Good"
"172389","40.72421875","-73.98303877","2","black walnut","Fair"
"372006","40.75262856","-73.97470995","8","ginkgo","Good"
"400966","40.72362356","-73.98323286","9","American linden","Good"
"372004","40.7525343","-73.97448731","8","ginkgo","Good"
"371960","40.75249853","-73.97333374","8","American linden","Poor"
"372003","40.75248651","-73.97437441","6","ginkgo","Good"
"400651","40.75947662","-73.97155349","11","ginkgo","Good"
"372129","40.75283178","-73.9715962","8","pin oak","Good"
"371936","40.7527677","-73.97339586","13","honeylocust","Good"
"392839","40.73291624","-73.99622301","11","ginkgo","Good"
"387439","40.75477523","-73.97036359","7","English oak","Good"
"387438","40.7547489","-73.97030107","11","pin oak","Good"
"372446","40.75328567","-73.97071657","10","littleleaf linden","Good"
"372112","40.75184204","-73.97313462","6","willow oak","Good"
"400661","40.75987016","-73.97079278","21","London planetree","Good"
"372135","40.75090182","-73.97156361","10","willow oak","Good"
"372113","40.75181742","-73.97307581","3","Japanese zelkova","Good"
"372115","40.75129259","-73.97182215","4","Japanese zelkova","Good"
"372005","40.75259491","-73.97463048","7","ginkgo","Good"
"386385","40.75276181","-73.97020741","11","honeylocust","Good"
"386383","40.75265021","-73.97028809","14","honeylocust","Good"
"386382","40.75259393","-73.97032878","11","honeylocust","Good"
"400970","40.72343411","-73.98278309","3","honeylocust","Good"
"392820","40.73394415","-73.99866794","4","common hackberry","Good"
"387405","40.75253069","-73.97280942","11","Sophora","Good"
"387430","40.75444355","-73.96957613","18","Callery pear","Fair"
"198341","40.74400213","-73.97980192","2","American hornbeam","Poor"
"195099","40.73794597","-73.98799945","4","American hornbeam","Good"
"221885","40.74589928","-73.97664189","3","American hornbeam","Good"
"372114","40.75179346","-73.97301858","8","willow oak","Good"
"372136","40.75080515","-73.97163504","11","willow oak","Good"
"195100","40.7379666","-73.98798438","4","American hornbeam","Poor"
"372137","40.75070896","-73.97170612","13","willow oak","Good"
"372442","40.7534664","-73.97114731","4","littleleaf linden","Good"
"195097","40.73786751","-73.98805676","3","American hornbeam","Fair"
"372445","40.75331617","-73.97078925","7","littleleaf linden","Good"
"372077","40.75175641","-73.97387599","6","littleleaf linden","Good"
"371911","40.7563197","-73.96761727","13","Japanese zelkova","Good"
"386384","40.75270505","-73.97024845","12","honeylocust","Good"
"386386","40.75281665","-73.97016777","11","honeylocust","Good"
"400662","40.75982216","-73.97068002","14","littleleaf linden","Good"
"406192","40.75306492","-73.97186189","3","London planetree","Fair"
"372029","40.75316393","-73.9746722","9","Sophora","Good"
"386307","40.7518965","-73.96908982","12","Sophora","Good"
"400882","40.72583524","-73.98848125","12","Sophora","Good"
"406187","40.75273524","-73.97107835","5","Callery pear","Good"
"392833","40.73318046","-73.99685144","16","Sophora","Good"
"406195","40.75317042","-73.97211265","10","honeylocust","Good"
"400881","40.7258765","-73.98857907","10","Sophora","Good"
"392822","40.73379944","-73.99832372","6","Sophora","Good"
"375830","40.73749198","-74.00402344","8","common hackberry","Poor"
"387519","40.75210269","-73.97153176","5","northern red oak","Fair"
"387067","40.75150887","-73.97206182","11","Sophora","Fair"
"400962","40.7237605","-73.98355795","9","Sophora","Good"
"387517","40.75216253","-73.97167384","7","northern red oak","Good"
"387518","40.75212476","-73.97158417","6","northern red oak","Good"
"406184","40.752592","-73.9707379","13","Sophora","Fair"
"400886","40.72569414","-73.98814681","16","Sophora","Good"
"387514","40.7525225","-73.97252855","4","honeylocust","Fair"
"387513","40.75255588","-73.9726078","4","honeylocust","Fair"
"387515","40.7522983","-73.97199621","2","ginkgo","Good"
"374377","40.75678063","-73.96990714","5","ginkgo","Good"
"406193","40.75309176","-73.97192568","10","honeylocust","Good"
"406194","40.75316564","-73.97210128","10","honeylocust","Fair"
"400877","40.72608348","-73.9890697","0",,
"333620","40.75686569","-73.99468724","2","Kentucky coffeetree","Good"
"400889","40.7255577","-73.9878234","9","littleleaf linden","Good"
"372076","40.7519817","-73.97371063","8","littleleaf linden","Good"
"400887","40.72565487","-73.98805373","4","littleleaf linden","Poor"
"400888","40.72558433","-73.9878865","11","littleleaf linden","Good"
"417929","40.7246223","-73.97403852","2","London planetree","Good"
"372441","40.75349902","-73.97122505","3","littleleaf linden","Good"
"406196","40.75325732","-73.97231919","3","Japanese zelkova","Good"
"417970","40.72502218","-73.9753255","2","honeylocust","Fair"
"417971","40.72506827","-73.97543465","2","honeylocust","Fair"
"387066","40.75193414","-73.97306741","9","Sophora","Good"
"417925","40.72474753","-73.9742419","2","London planetree","Good"
"400959","40.72388214","-73.98384675","8","Sophora","Good"
"400961","40.72378708","-73.98362108","4","Sophora","Good"
"417920","40.72470447","-73.97447556","13","London planetree","Fair"
"417922","40.72473191","-73.97436219","11","London planetree","Poor"
"232894","40.72861884","-73.98575428","9","American hornbeam","Good"
"417928","40.72461644","-73.97407192","3","London planetree","Good"
"400969","40.72348995","-73.98291565","9","littleleaf linden","Poor"
"400960","40.72382232","-73.98370472","7","Sophora","Good"
"417973","40.72528873","-73.97595671","3","honeylocust","Good"
"399878","40.7324548","-73.989466","3","ginkgo","Good"
"417926","40.72470319","-73.9741035","2","London planetree","Good"
"406191","40.75294426","-73.97157513","7","Japanese zelkova","Good"
"409011","40.75280262","-73.96961366","16","sycamore maple","Good"
"409014","40.7525424","-73.96899862","16","sycamore maple","Good"
"398480","40.72478636","-74.00763827","4","Japanese zelkova","Good"
"399880","40.73224908","-73.98897647","0",,
"398481","40.72472977","-74.00764821","4","Japanese zelkova","Good"
"409016","40.75240976","-73.96868511","15","sycamore maple","Fair"
"418785","40.72360686","-73.9850707","9","honeylocust","Good"
"417972","40.72525529","-73.97587753","2","honeylocust","Good"
"399879","40.73229739","-73.98909143","12","ginkgo","Good"
"400890","40.72552642","-73.98774925","9","littleleaf linden","Good"
"400771","40.75435132","-73.97167568","3","honeylocust","Poor"
"398479","40.72493926","-74.00761143","5","Japanese zelkova","Good"
"409015","40.75249863","-73.96889517","19","sycamore maple","Good"
"409013","40.75258537","-73.96910018","16","sycamore maple","Good"
"409017","40.75237079","-73.96859302","16","sycamore maple","Good"
"409019","40.75228672","-73.96839431","17","sycamore maple","Good"
"398478","40.72500292","-74.00760026","0",,
"417935","40.72429745","-73.97359328","2","ginkgo","Fair"
"409012","40.75262781","-73.96920048","14","sycamore maple","Good"
"352755","40.73817076","-74.00600943","3","swamp white oak","Good"
"400879","40.72595703","-73.98876996","5","golden raintree","Fair"
"409020","40.75223961","-73.96828298","16","sycamore maple","Good"
"371967","40.75092388","-73.97124927","6","green ash","Good"
"400775","40.75404306","-73.97190103","3","cherry","Good"
"400770","40.75439283","-73.97164534","4","honeylocust","Poor"
"400773","40.75426376","-73.97173969","6","honeylocust","Fair"
"417934","40.72431271","-73.97370642","2","ginkgo","Fair"
"417933","40.72439407","-73.97391269","2","ginkgo","Fair"
"372178","40.75074576","-73.9705187","3","honeylocust","Good"
"400772","40.75430766","-73.9717076","5","honeylocust","Poor"
"417931","40.72445515","-73.97398661","2","ginkgo","Good"
"392704","40.7329353","-73.9978186","7","scarlet oak","Good"
"372176","40.75079812","-73.97064147","3","honeylocust","Good"
"372180","40.75062668","-73.97023948","5","ginkgo","Good"
"372182","40.75055297","-73.97006665","6","honeylocust","Good"
"386387","40.75287149","-73.97012812","11","honeylocust","Good"
"372179","40.75066266","-73.97032384","2","ginkgo","Good"
"372181","40.75059419","-73.9701633","6","ginkgo","Good"
"392701","40.73317458","-73.99838888","9","scarlet oak","Good"
"387012","40.75206005","-73.97075784","4","littleleaf linden","Poor"
"400774","40.75412654","-73.97184","3","cherry","Poor"
"400891","40.72549847","-73.98768299","15","Sophora","Good"
"430227","40.73088991","-74.00166966","5","honeylocust","Good"
"430229","40.73097694","-74.00158491","4","American linden","Fair"
"372175","40.75088176","-73.97083759","6","Callery pear","Fair"
"372177","40.75077315","-73.97058292","4","American linden","Fair"
"430835","40.73561993","-73.99870558","11","ginkgo","Good"
"308588","40.7392682","-73.97973348","13","honeylocust","Good"
"308591","40.73955964","-73.97951448","12","honeylocust","Good"
"430225","40.73077903","-74.0016932","10","honeylocust","Good"
"433035","40.72636787","-74.00442655","12","honeylocust","Good"
"417917","40.72483236","-73.97486259","2",,
"417924","40.72472256","-73.97425176","3",,
"372174","40.7509415","-73.97097768","4","pin oak","Fair"
"432041","40.74243818","-74.00843557","4","Callery pear","Good"
"430231","40.73125381","-74.0014088","16","American elm","Good"
"430839","40.7358118","-73.99916027","14","London planetree","Good"
"430230","40.73103877","-74.00155108","13","American elm","Good"
"430228","40.7309108","-74.0016211","10","American elm","Good"
"430234","40.7314962","-74.00123195","10","American elm","Good"
"430224","40.73062612","-74.001814","16","London planetree","Fair"
"430837","40.73573524","-73.99897884","4","London planetree","Good"
"430834","40.73557227","-73.99859262","15","ginkgo","Good"
"433031","40.7264085","-74.004866","9","honeylocust","Good"
"430833","40.73553805","-73.99851153","8","ginkgo","Fair"
"430842","40.73598156","-73.99956258","18","London planetree","Good"
"430836","40.73568864","-73.9988684","15","London planetree","Good"
"433034","40.7263783","-74.00453936","11","honeylocust","Good"
"367819","40.75629162","-73.97007298","2","Kentucky coffeetree","Good"
"387516","40.75224524","-73.97187023","2","ginkgo","Good"
"437986","40.72405899","-73.98613334","5","Japanese zelkova","Good"
"430844","40.73622349","-74.00013592","3",,
"430840","40.7358588","-73.99927166","21","London planetree","Good"
"430838","40.73577559","-73.99907444","12","London planetree","Good"
"430841","40.73594668","-73.99947991","22","London planetree","Good"
"417936","40.72424209","-73.97352738","2","ginkgo","Fair"
"355641","40.74838211","-73.97109124","12","ginkgo","Good"
"417921","40.72472569","-73.97449547","3","Sophora","Fair"
"422474","40.7267054","-73.99911983","13","American linden","Fair"
"433036","40.72635581","-74.00429618","9","ginkgo","Fair"
"400878","40.72605087","-73.9889924","6","golden raintree","Poor"
"434380","40.75996474","-73.98825271","5","Chinese elm","Good"
"418792","40.72327988","-73.98429422","12","honeylocust","Good"
"355638","40.74816079","-73.97125408","12","ginkgo","Good"
"430396","40.73122633","-74.00276674","6","ginkgo","Poor"
"432184","40.72424509","-74.0042866","12","honeylocust","Good"
"387427","40.75430883","-73.96925629","11","black locust","Good"
"355640","40.74832175","-73.97113565","10","ginkgo","Good"
"418787","40.72354638","-73.98492708","9","honeylocust","Good"
"418795","40.72312409","-73.98392428","5","ginkgo","Good"
"355639","40.7482451","-73.97119205","11","ginkgo","Poor"
"437985","40.72420745","-73.98648593","4","Japanese zelkova","Fair"
"433039","40.72631433","-74.00392388","0",,
"418796","40.72306401","-73.98378161","7","ginkgo","Good"
"430395","40.73119745","-74.00284896","8","ginkgo","Good"
"418791","40.72332347","-73.98439775","11","ginkgo","Good"
"438074","40.72475884","-73.9861861","3","Japanese zelkova","Fair"
"418797","40.72301536","-73.98366609","11","ginkgo","Good"
"433038","40.72632071","-74.00398973","0",,
"430235","40.731561","-74.00118467","4","London planetree","Good"
"438072","40.72463905","-73.98590172","3","Japanese zelkova","Fair"
"430843","40.73617236","-74.00001475","2",,
"374376","40.75685103","-73.969856","5","ginkgo","Good"
"418794","40.72315466","-73.98399688","21","pin oak","Good"
"308590","40.73947528","-73.97957787","3","swamp white oak","Good"
"355637","40.74798425","-73.97138396","9","Callery pear","Good"
"433033","40.72639628","-74.00473384","8","Callery pear","Good"
"438075","40.72480271","-73.98629026","3","Kentucky yellowwood","Poor"
"418790","40.72339419","-73.98456567","16","pin oak","Good"
"438076","40.72486919","-73.98644807","4","Kentucky yellowwood","Fair"
"418793","40.72322618","-73.9841667","10","ginkgo","Good"
"418786","40.72357284","-73.9849899","8","honeylocust","Good"
"418788","40.72351887","-73.98486175","7","honeylocust","Good"
"418789","40.72343858","-73.9846711","11","ginkgo","Good"
"430404","40.73165527","-74.00154511","8","ginkgo","Good"
"406188","40.75278773","-73.9712031","13","Sophora","Fair"
"417919","40.7247092","-73.97459452","3","Sophora","Good"
"433037","40.72633915","-74.00418013","4","Callery pear","Good"
"417918","40.72475134","-73.97468624","3","Sophora","Fair"
"406186","40.7526991","-73.97099245","17","Sophora","Fair"
"438073","40.72471855","-73.98609047","4","Japanese zelkova","Fair"
"433326","40.72480272","-74.01128163","7","Japanese zelkova","Good"
"406185","40.75266083","-73.97090149","12","Sophora","Fair"
"438067","40.72429083","-73.98507511","0",,
"430397","40.73129443","-74.0025728","12","London planetree","Good"
"417923","40.72475798","-73.97436218","2","Sophora","Fair"
"438070","40.72440796","-73.98535317","3","London planetree","Fair"
"431061","40.73643463","-73.99892321","10","Callery pear","Good"
"437704","40.7234207","-73.99126486","8","Callery pear","Good"
"409022","40.75206453","-73.96786918","0",,
"417932","40.72441721","-73.97389691","2","London planetree","Good"
"433327","40.72486242","-74.01126968","6","Japanese zelkova","Fair"
"430272","40.73164628","-74.00136541","7","littleleaf linden","Good"
"417927","40.72468755","-73.97413093","3","Sophora","Good"
"433328","40.72492048","-74.01125804","6","Japanese zelkova","Good"
"372448","40.75320559","-73.97052569","4","'Schubert' chokecherry","Good"
"406189","40.75282002","-73.97127984","1","Sophora","Good"
"433324","40.7246817","-74.01130588","5","Japanese zelkova","Good"
"430271","40.73168621","-74.00125214","6","littleleaf linden","Good"
"433106","40.72458472","-74.0075136","7","Sophora","Poor"
"433484","40.72494747","-74.01118912","7","Japanese zelkova","Fair"
"431068","40.73609611","-73.99811743","8","littleleaf linden","Poor"
"433032","40.72640234","-74.00479938","17","Sophora","Good"
"366671","40.74983767","-73.9703168","5","paperbark maple","Good"
"417930","40.72452355","-73.97404125","2","Sophora","Good"
"438071","40.72459783","-73.98580388","7","Japanese zelkova","Good"
"433321","40.72449719","-74.01134284","6","Japanese zelkova","Good"
"433323","40.72462147","-74.01131795","6","Japanese zelkova","Poor"
"304231","40.75738168","-73.99204122","3","paperbark maple","Fair"
"433325","40.72474004","-74.01129419","7","Japanese zelkova","Fair"
"433488","40.72469238","-74.01124231","6","Japanese zelkova","Good"
"433322","40.72455851","-74.01133056","6","Japanese zelkova","Good"
"433486","40.72482359","-74.01121495","6","Japanese zelkova","Poor"
"430274","40.73159065","-74.0015232","8","littleleaf linden","Good"
"400876","40.72610877","-73.98912965","4","Kentucky coffeetree","Good"
"430398","40.73135631","-74.00239655","5","ginkgo","Poor"
"430403","40.73158809","-74.00173643","8","ginkgo","Good"
"430276","40.7311432","-74.00279241","9","Callery pear","Good"
"430275","40.73116778","-74.00272268","14","Callery pear","Good"
"437987","40.72400663","-73.98600897","4","Callery pear","Good"
"447386","40.73253355","-73.99940673","13","Callery pear","Good"
"437988","40.72393061","-73.98582841","4","Callery pear","Fair"
"437705","40.7233685","-73.99129148","6","Callery pear","Poor"
"372297","40.75145886","-73.97085442","6","littleleaf linden","Fair"
"432711","40.74636053","-74.0084056","8","Chinese elm","Fair"
"437991","40.72378042","-73.98547172","7","Japanese zelkova","Fair"
"432709","40.74606657","-74.00845856","6","Chinese elm","Good"
"432710","40.74627759","-74.00842054","6","Chinese elm","Good"
"432851","40.72852041","-74.00395474","8","pin oak","Good"
"432712","40.74664278","-74.00835459","5","Chinese elm","Fair"
"433489","40.7246406","-74.0112531","6","Japanese zelkova","Good"
"437989","40.72388329","-73.98571604","10","Japanese zelkova","Good"
"437990","40.72385113","-73.98563965","8","Japanese zelkova","Fair"
"433485","40.72488648","-74.01120184","7","Japanese zelkova","Good"
"433487","40.72476612","-74.01122693","7","Japanese zelkova","Good"
"431063","40.73634891","-73.99871916","6","Callery pear","Good"
"433816","40.72705068","-74.0106374","3",,
"432416","40.74423523","-74.00311597","6","Callery pear","Good"
"433809","40.72652167","-74.01069078","7","honeylocust","Good"
"447323","40.73210517","-73.99998721","4","cherry","Fair"
"432419","40.74445723","-74.00295548","8","ginkgo","Good"
"433817","40.72711937","-74.01063047","10","honeylocust","Good"
"447328","40.73192044","-73.99961057","9","honeylocust","Fair"
"447385","40.73245178","-73.99924077","13","honeylocust","Fair"
"433915","40.73152696","-74.00777342","9","ginkgo","Good"
"437808","40.72359985","-73.98836465","13","Sophora","Good"
"433813","40.72680465","-74.01066223","10","honeylocust","Good"
"447331","40.73172322","-73.99920846","10","ginkgo","Good"
"430506","40.73250029","-73.99842475","8","Sophora","Good"
"433814","40.72685309","-74.01065734","10","honeylocust","Fair"
"433815","40.7269839","-74.01064414","9","honeylocust","Good"
"437806","40.7234727","-73.98845754","11","Sophora","Good"
"447325","40.73203259","-73.99983922","11","ginkgo","Fair"
"432849","40.72848688","-74.00360537","11","honeylocust","Good"
"430504","40.73237453","-73.99853188","8","Sophora","Good"
"432520","40.74468561","-74.0030033","5","ginkgo","Good"
"430505","40.73243211","-73.99848283","6","Sophora","Good"
"433808","40.72634652","-74.01070846","8","honeylocust","Fair"
"447326","40.73201087","-73.99979495","11","ginkgo","Fair"
"433107","40.72456181","-74.00727231","6","Sophora","Fair"
"447327","40.73197726","-73.99972641","12","ginkgo","Fair"
"447329","40.73182585","-73.9994177","10","ginkgo","Fair"
"433819","40.72820994","-74.01052041","7","honeylocust","Good"
"455745","40.74847272","-73.9747783","10","ginkgo","Good"
"449044","40.73407884","-73.97741558","13","honeylocust","Good"
"447324","40.7320656","-73.99990654","5","ginkgo","Good"
"449032","40.73457007","-73.97857995","8","honeylocust","Fair"
"449039","40.73426096","-73.97784725","10","honeylocust","Good"
"433916","40.7316186","-74.00774668","12","ginkgo","Good"
"446675","40.73625239","-74.00335545","18","ginkgo","Good"
"433818","40.72717875","-74.01062447","9","honeylocust","Good"
"446677","40.73628627","-74.00311709","6","Japanese zelkova","Good"
"433820","40.72884924","-74.0104559","7","honeylocust","Fair"
"433822","40.72896938","-74.01044377","7","honeylocust","Good"
"432708","40.74490051","-74.0086686","6","Chinese elm","Fair"
"433811","40.72670257","-74.01067253","3",,
"455744","40.74835293","-73.97449588","11","ginkgo","Good"
"431065","40.73623014","-73.99843645","8","ginkgo","Good"
"449058","40.73341239","-73.97583597","19","honeylocust","Good"
"449060","40.73332426","-73.97562708","13","honeylocust","Good"
"433812","40.72675073","-74.01066767","10","honeylocust","Good"
"449045","40.73403784","-73.97731839","16","honeylocust","Good"
"449047","40.73396062","-73.97713537","13","honeylocust","Good"
"449062","40.73324971","-73.97545038","14","honeylocust","Good"
"455737","40.74806067","-73.97380686","13","ginkgo","Good"
"455738","40.74810265","-73.97390583","12","ginkgo","Good"
"449031","40.73460642","-73.9786661","11","honeylocust","Good"
"431067","40.73613274","-73.99820461","8","littleleaf linden","Good"
"455739","40.74814343","-73.97400196","13","ginkgo","Fair"
"449037","40.73433844","-73.97803089","16","honeylocust","Good"
"449052","40.73368891","-73.97649135","13","honeylocust","Good"
"433329","40.72498235","-74.01124565","7","Japanese zelkova","Good"
"446684","40.73638226","-74.00244174","3","purple-leaf plum","Good"
"447320","40.73224051","-74.00026317","3","littleleaf linden","Fair"
"433821","40.72890069","-74.01045071","7","honeylocust","Fair"
"432521","40.74475186","-74.00316133","5","ginkgo","Good"
"449033","40.73449326","-73.97839788","7","honeylocust","Good"
"449040","40.73422288","-73.977757","13","honeylocust","Good"
"449042","40.73414846","-73.97758061","16","honeylocust","Good"
"372207","40.75348058","-73.97230786","4","Chinese fringetree","Good"
"449034","40.73445838","-73.9783152","11","honeylocust","Good"
"449048","40.73388634","-73.9769593","10","honeylocust","Good"
"449059","40.73337352","-73.97574383","10","honeylocust","Good"
"432529","40.74508453","-74.00395496","9","ginkgo","Good"
"449035","40.73442044","-73.97822527","14","honeylocust","Good"
"449053","40.73364178","-73.97637965","12","honeylocust","Good"
"449054","40.73360171","-73.97628467","15","honeylocust","Good"
"449028","40.73472862","-73.97895577","10","honeylocust","Good"
"449030","40.73464609","-73.97876013","12","honeylocust","Good"
"437809","40.72374859","-73.98825598","18","Sophora","Good"
"449027","40.73476869","-73.97905075","13","honeylocust","Good"
"449029","40.73468616","-73.97885511","12","honeylocust","Good"
"449046","40.73399803","-73.97722404","14","honeylocust","Good"
"449061","40.73328725","-73.97553936","16","honeylocust","Good"
"432713","40.74787129","-74.00813241","5","Chinese elm","Poor"
"432524","40.7448699","-74.00344294","15","ginkgo","Good"
"455741","40.74822418","-73.97419234","7","honeylocust","Good"
"431066","40.73617281","-73.9983","9","ginkgo","Fair"
"449043","40.73411452","-73.97750014","13","honeylocust","Good"
"432532","40.74556585","-74.00510322","9","ginkgo","Good"
"455740","40.74820052","-73.97413655","11","honeylocust","Good"
"449050","40.73377145","-73.97668699","11","honeylocust","Good"
"449049","40.73381218","-73.97678354","16","honeylocust","Good"
"448408","40.74050245","-73.98905161","8","ginkgo","Good"
"432535","40.7456933","-74.00540728","5","Callery pear","Fair"
"449036","40.73438157","-73.97813313","10","honeylocust","Good"
"449069","40.73299902","-73.97485623","12","honeylocust","Good"
"450411","40.74667434","-73.97657808","5","willow oak","Good"
"433269","40.72400291","-74.01143173","6","Japanese zelkova","Good"
"430233","40.7314386","-74.00127397","4","sawtooth oak","Good"
"432533","40.74559818","-74.00518035","11","London planetree","Good"
"432534","40.7456313","-74.00525936","11","London planetree","Good"
"450410","40.74663844","-73.97649283","10","willow oak","Good"
"446678","40.73632126","-74.00287093","12","American elm","Fair"
"446683","40.73637349","-74.00250345","0",,
"448407","40.74052803","-73.98911219","8","ginkgo","Fair"
"449064","40.73317435","-73.97527179","16","honeylocust","Good"
"449068","40.73303283","-73.97493637","13","honeylocust","Good"
"432527","40.74501935","-74.00379946","16","ginkgo","Good"
"432531","40.7455269","-74.0050103","18","ginkgo","Good"
"455742","40.74825399","-73.97426263","11","ginkgo","Good"
"449051","40.7337335","-73.97659706","17","honeylocust","Good"
"449056","40.73352449","-73.97610166","13","honeylocust","Good"
"438077","40.72494258","-73.9866223","4","Kentucky yellowwood","Fair"
"431062","40.73638261","-73.99879939","3","sawtooth oak","Good"
"449070","40.7329668","-73.97477987","12","honeylocust","Good"
"449065","40.73313761","-73.9751847","12","honeylocust","Good"
"276505","40.7232534","-74.00963641","4","Amur maackia","Fair"
"432526","40.74495628","-74.00364901","6","honeylocust","Good"
"448419","40.73994717","-73.9877366","8","ginkgo","Good"
"449041","40.73418547","-73.97766833","13","honeylocust","Good"
"445708","40.72430759","-74.00564568","2","American linden","Fair"
"448418","40.73998181","-73.98781863","14","London planetree","Good"
"432727","40.72903837","-74.00261721","12","American elm","Fair"
"314843","40.72538404","-73.99013765","15","Amur maackia","Good"
"432186","40.72435461","-74.00419363","11","ginkgo","Good"
"449038","40.7342985","-73.97793623","14","honeylocust","Good"
"449055","40.73356363","-73.97619442","12","honeylocust","Good"
"432525","40.74491919","-74.00356051","16","ginkgo","Good"
"449057","40.73346032","-73.97594957","0",,
"433492","40.72445491","-74.01129181","7","Japanese zelkova","Fair"
"448420","40.73991892","-73.98766971","14","ginkgo","Fair"
"446690","40.73643923","-74.00204092","5","cherry","Fair"
"432417","40.74430595","-74.00306485","3","Callery pear","Good"
"432720","40.72942427","-74.00247508","25","London planetree","Fair"
"432195","40.72504679","-74.00360607","8","London planetree","Fair"
"432717","40.7295153","-74.00239664","13","American elm","Poor"
"432716","40.72958055","-74.00236647","2","honeylocust","Good"
"449179","40.7348302","-73.97512365","16","honeylocust","Good"
"449128","40.73351821","-73.97479055","14","honeylocust","Good"
"449067","40.73306505","-73.97501273","14","honeylocust","Good"
"432194","40.72494557","-74.003692","6","ginkgo","Good"
"432185","40.72429305","-74.00424589","7","ginkgo","Good"
"449131","40.73373256","-73.97484421","14","honeylocust","Good"
"432788","40.72923602","-74.00366071","4","red maple","Poor"
"432377","40.72686003","-73.99683686","11","pin oak","Good"
"432189","40.72455705","-74.00402179","10","London planetree","Fair"
"432725","40.72918207","-74.00255075","19","American elm","Good"
"432726","40.72916742","-74.00259386","27","London planetree","Good"
"432371","40.72628831","-73.99732049","15","pin oak","Good"
"432737","40.72880288","-74.0032935","4","hedge maple","Fair"
"448409","40.74047741","-73.9889923","11","ginkgo","Good"
"432197","40.72516416","-74.00350645","6","honeylocust","Good"
"446682","40.73636461","-74.00256588","11","ginkgo","Good"
"432923","40.72782116","-74.00734026","7","Callery pear","Fair"
"449130","40.7336603","-73.97482612","13","honeylocust","Good"
"449173","40.73431733","-73.97498983","14","honeylocust","Good"
"438069","40.72437818","-73.98528247","2","littleleaf linden","Good"
"432376","40.72680833","-73.9968806","10","pin oak","Good"
"432190","40.72463637","-74.00395446","6","Callery pear","Good"
"432927","40.72748818","-74.00739322","12","Callery pear","Good"
"450461","40.74853242","-73.97520362","7","ginkgo","Good"
"433810","40.72659584","-74.0106833","3",,
"430402","40.73152506","-74.00191596","8","Callery pear","Good"
"432042","40.74242749","-74.00834645","4","Callery pear","Good"
"449181","40.73499146","-73.97516573","11","honeylocust","Good"
"449183","40.73515596","-73.97520865","13","honeylocust","Good"
"432739","40.72892321","-74.00335853","9","ginkgo","Good"
"433596","40.72542097","-74.01110421","2","Japanese zelkova","Poor"
"432795","40.72861525","-74.00327462","10","Callery pear","Good"
"301285","40.73497886","-74.00737313","8","Amur maackia","Good"
"449063","40.73321163","-73.97536014","11","honeylocust","Good"
"432724","40.72922257","-74.00256836","11","American elm","Good"
"448421","40.73988348","-73.98758579","10","honeylocust","Good"
"446685","40.73639234","-74.00237079","24","American elm","Good"
"432719","40.72944721","-74.00242814","2","honeylocust","Good"
"449180","40.73491043","-73.97514458","17","honeylocust","Good"
"449127","40.73335724","-73.97475026","13","honeylocust","Good"
"449129","40.73358265","-73.97480668","14","honeylocust","Good"
"449175","40.73453378","-73.97504631","8","honeylocust","Good"
"449182","40.73507492","-73.9751875","11","honeylocust","Good"
"449125","40.73319249","-73.97470902","8","honeylocust","Good"
"449132","40.73386441","-73.97487721","9","honeylocust","Good"
"432922","40.72787756","-74.00733129","10","Callery pear","Fair"
"449178","40.73475643","-73.9751044","14","honeylocust","Good"
"430401","40.73148779","-74.0020221","12","Callery pear","Good"
"432718","40.72948641","-74.00244634","11","American elm","Good"
"449124","40.73310702","-73.97468763","13","honeylocust","Good"
"332585","40.75638463","-73.99354703","4","bigtooth aspen","Fair"
"448406","40.74054722","-73.98915762","6","ginkgo","Fair"
"432528","40.74505062","-74.00387405","6","ginkgo","Good"
"310781","40.75923892","-73.99262687","3","European hornbeam","Good"
"433595","40.72537236","-74.01111365","6","Japanese zelkova","Fair"
"437807","40.72354659","-73.98840356","0",,
"432741","40.7290344","-74.00341862","3","ginkgo","Good"
"449176","40.73460944","-73.97506605","9","honeylocust","Good"
"449133","40.7339933","-73.97490948","6","honeylocust","Good"
"449123","40.73296304","-73.97465159","12","honeylocust","Good"
"432523","40.74481479","-74.00331146","11","ginkgo","Good"
"449174","40.73438813","-73.97500831","6","honeylocust","Good"
"449172","40.73424437","-73.9749708","10","honeylocust","Fair"
"449177","40.73468213","-73.97508501","8","honeylocust","Good"
"450459","40.74865874","-73.97550849","11","ginkgo","Fair"
"432728","40.72891927","-74.00267229","15","American elm","Fair"
"432732","40.72865517","-74.00279442","13","American elm","Fair"
"446687","40.73641704","-74.00219699","11","Callery pear","Fair"
"446689","40.73643217","-74.00209058","13","Callery pear","Good"
"438068","40.72432274","-73.98515086","2","littleleaf linden","Good"
"432926","40.72754431","-74.00738429","13","Callery pear","Good"
"432793","40.72871683","-74.00335205","9","Callery pear","Good"
"446679","40.73633346","-74.00278509","5","Callery pear","Good"
"430400","40.73142107","-74.00221211","8","honeylocust","Good"
"447321","40.73220095","-74.00018251","10","littleleaf linden","Fair"
"430226","40.73082453","-74.00170543","11","littleleaf linden","Good"
"432794","40.7286495","-74.00332915","9","Callery pear","Good"
"447322","40.73216139","-74.00010184","10","littleleaf linden","Good"
"430232","40.73137477","-74.00132055","6","littleleaf linden","Good"
"432736","40.72872804","-74.00322548","11","littleleaf linden","Poor"
"432372","40.72639033","-73.99723419","10","pin oak","Good"
"445709","40.72428923","-74.0054589","2","sweetgum","Fair"
"432852","40.72853013","-74.00405604","6","pin oak","Good"
"432530","40.74512229","-74.00404504","8","English oak","Good"
"433961","40.73288677","-74.00773587","14","Sophora","Good"
"433962","40.73286395","-74.00786188","9","Sophora","Good"
"432375","40.72675732","-73.99692375","13","pin oak","Good"
"432796","40.72860931","-74.00321134","4","pin oak","Poor"
"432721","40.72938092","-74.00245879","11","American elm","Fair"
"432723","40.72924913","-74.00251974","11","American elm","Fair"
"433963","40.73278912","-74.00827502","3","common hackberry","Good"
"449126","40.73327554","-73.97472981","10","honeylocust","Good"
"432730","40.72878748","-74.00273323","11","American elm","Fair"
"432854","40.72855555","-74.00432093","3","sweetgum","Fair"
"450460","40.74856406","-73.97527999","7","ginkgo","Good"
"431064","40.73631016","-73.99862692","18","Sophora","Good"
"432370","40.72608289","-73.99749426","8","pin oak","Fair"
"437810","40.72383208","-73.98819498","17","Sophora","Good"
"446681","40.73635544","-74.00263044","11","ginkgo","Good"
"437651","40.72446728","-73.99313472","6","American linden","Fair"
"447384","40.73234838","-73.9990309","16","Sophora","Fair"
"446680","40.73634475","-74.00270564","12","honeylocust","Fair"
"449981","40.74116064","-73.97500419","10","London planetree","Good"
"449982","40.74088759","-73.97435784","15","honeylocust","Good"
"433268","40.7240768","-74.01141767","6","Japanese zelkova","Fair"
"433483","40.725025","-74.01117296","6","Japanese zelkova","Good"
"433490","40.72457825","-74.0112661","7","Japanese zelkova","Fair"
"446502","40.73390392","-74.00548327","6","Sophora","Fair"
"433598","40.72551301","-74.01108631","3","Japanese zelkova","Poor"
"433491","40.72451861","-74.01127853","8","Japanese zelkova","Good"
"432799","40.72848103","-74.00300714","17","northern red oak","Good"
"432850","40.72849908","-74.00373244","4","Japanese zelkova","Good"
"432735","40.72867201","-74.00311447","10","Japanese zelkova","Good"
"432191","40.72473875","-74.00386756","6","littleleaf linden","Good"
"432798","40.72851634","-74.00306334","25","northern red oak","Good"
"406190","40.75288354","-73.9714308","2","Kentucky coffeetree","Good"
"432734","40.72863393","-74.00303641","7","Japanese zelkova","Good"
"432740","40.72897779","-74.00338802","14","littleleaf linden","Good"
"437984","40.72425104","-73.98658947","3","pin oak","Good"
"432714","40.74809046","-74.00809277","3","Chinese elm","Poor"
"432418","40.7444161","-74.00298521","6","pin oak","Good"
"450619","40.74722421","-73.98361805","10","Japanese zelkova","Good"
"432374","40.72659483","-73.9970612","9","pin oak","Poor"
"450415","40.74687228","-73.97704822","5","honeylocust","Good"
"450406","40.74610761","-73.97523208","10","ginkgo","Good"
"432196","40.72510282","-74.00355851","7","Callery pear","Good"
"432925","40.72760017","-74.00737541","8","Callery pear","Fair"
"431789","40.74121648","-74.00624816","8","Callery pear","Good"
"432048","40.74274312","-74.00789433","6","Callery pear","Good"
"430399","40.73139864","-74.00227599","4","littleleaf linden","Good"
"431792","40.74107108","-74.00590646","8","Callery pear","Good"
"452847","40.72416443","-74.00592086","18","Callery pear","Good"
"452848","40.72421616","-74.00591212","15","Callery pear","Good"
"432044","40.74244805","-74.00818639","8","Callery pear","Good"
"452846","40.72404656","-74.00594079","19","Callery pear","Good"
"445711","40.72425306","-74.00509072","7","Callery pear","Good"
"445712","40.72423885","-74.00494617","11","Callery pear","Good"
"431790","40.74117185","-74.00614329","8","Callery pear","Good"
"451759","40.75392554","-73.97030348","13","willow oak","Good"
"431793","40.74103409","-74.00581954","5","Callery pear","Good"
"446688","40.7364242","-74.00214662","19","Callery pear","Fair"
"448412","40.74028903","-73.98854617","11","Callery pear","Good"
"432046","40.74262432","-74.00798177","6","Callery pear","Good"
"452844","40.7238775","-74.00596937","16","Callery pear","Fair"
"432924","40.7277653","-74.00734915","12","Callery pear","Good"
"431794","40.74100729","-74.00575655","7","Callery pear","Fair"
"445710","40.7242654","-74.00521631","10","Callery pear","Good"
"448417","40.74001565","-73.98789876","7","littleleaf linden","Good"
"432792","40.72884138","-74.00342609","4","littleleaf linden","Poor"
"432047","40.74268276","-74.00793876","10","Callery pear","Good"
"445707","40.72432024","-74.00577449","2","silver linden","Good"
"448413","40.74026185","-73.98848181","10","Callery pear","Good"
"432043","40.74242795","-74.00826325","4","Callery pear","Good"
"432045","40.74255247","-74.00803465","9","Callery pear","Fair"
"432729","40.72885247","-74.00270318","4","Callery pear","Fair"
"455743","40.74829464","-73.97435845","11","Callery pear","Good"
"432791","40.7289119","-74.00346802","6","Callery pear","Good"
"448414","40.74023467","-73.98841745","11","Callery pear","Good"
"451758","40.75387229","-73.9701764","12","London planetree","Good"
"451733","40.75414526","-73.9705391","13","London planetree","Good"
"432373","40.72649189","-73.99714828","7",,
"450620","40.74729873","-73.98379523","13","Japanese zelkova","Good"
"432733","40.72858652","-74.00293922","10","scarlet oak","Good"
"217093","40.7466362","-73.97836951","2","Siberian elm","Good"
"446496","40.73384163","-74.00589079","8","ginkgo","Good"
"451726","40.75443105","-73.97121721","3","ginkgo","Good"
"446497","40.73384834","-74.00584693","7","honeylocust","Good"
"446498","40.73385548","-74.00580023","11","ginkgo","Good"
"451728","40.75441056","-73.97116859","4","ginkgo","Good"
"451724","40.75446764","-73.97130403","4","ginkgo","Good"
"451727","40.75441948","-73.97118975","5","ginkgo","Good"
"432789","40.72912673","-74.00359573","6","littleleaf linden","Fair"
"446499","40.7338664","-74.00572877","11","honeylocust","Good"
"450407","40.74617315","-73.97538774","9","littleleaf linden","Good"
"217091","40.74660664","-73.97829863","3","Siberian elm","Fair"
"272711","40.73616938","-74.00323835","20","Siberian elm","Good"
"432742","40.72909685","-74.00345237","5","littleleaf linden","Poor"
"432743","40.72916489","-74.00348914","10","littleleaf linden","Good"
"447330","40.73179432","-73.99935341","14","ginkgo","Good"
"446676","40.73626479","-74.00326819","3","ginkgo","Good"
"431791","40.74110619","-74.00598897","10","Callery pear","Good"
"451725","40.75443917","-73.97123647","3","ginkgo","Good"
"448415","40.74010278","-73.9881051","5","Callery pear","Good"
"432188","40.72449249","-74.00407659","7","littleleaf linden","Fair"
"387369","40.75307403","-73.97260324","10","Callery pear","Good"
"432848","40.72846764","-74.00340491","9","Callery pear","Good"
"446495","40.73383493","-74.00593466","4","Callery pear","Good"
"451729","40.7543314","-73.97098075","3","Callery pear","Good"
"448411","40.740317","-73.98861243","9","Callery pear","Good"
"450408","40.74633481","-73.97577168","5","Callery pear","Good"
"450413","40.74678468","-73.97684015","4","Callery pear","Good"
"452849","40.72427387","-74.00590236","22","Callery pear","Fair"
"452845","40.72393685","-74.00595934","15","Callery pear","Good"
"446493","40.73382163","-74.00602168","4","Callery pear","Good"
"437652","40.72436041","-73.99275316","17","tree of heaven","Good"
"451730","40.75430545","-73.97091919","6","Callery pear","Good"
"450412","40.7467303","-73.97671101","5","Callery pear","Good"
"448410","40.7403647","-73.98872538","12","Callery pear","Fair"
"451736","40.75405784","-73.97033168","14","Callery pear","Good"
"432522","40.74478233","-74.00323402","5","ginkgo","Good"
"451743","40.75377524","-73.96966115","7","pin oak","Good"
"451739","40.75394994","-73.97007566","13","Callery pear","Good"
"450715","40.74700801","-73.98694274","7","Callery pear","Good"
"451741","40.75385733","-73.96985594","11","willow oak","Good"
"451740","40.75389738","-73.96995096","17","London planetree","Good"
"451734","40.75412024","-73.97047975","12","London planetree","Good"
"451721","40.75451141","-73.97140789","4","ginkgo","Poor"
"450414","40.74683293","-73.97695476","5","honeylocust","Good"
"451720","40.75452725","-73.97144546","4","ginkgo","Poor"
"13159","40.73341013","-74.0037849","16","pagoda dogwood","Good"
"446492","40.73381601","-74.00605848","7","ginkgo","Good"
"451722","40.7544876","-73.97135138","6","ginkgo","Good"
"451731","40.75421498","-73.97070452","11","northern red oak","Good"
"451723","40.75447562","-73.97132297","4","ginkgo","Good"
"448348","40.74256778","-73.98870009","4","cherry","Poor"
"461349","40.74799949","-73.97012336","9","honeylocust","Poor"
"432444","40.72772576","-73.99847378","12",,
"461353","40.74777611","-73.96958758","13","honeylocust","Good"
"461351","40.74785897","-73.96978632","8","honeylocust","Good"
"451735","40.75409137","-73.97041124","10","northern red oak","Good"
"451755","40.7536728","-73.96970033","4","northern red oak","Good"
"451732","40.75418837","-73.97064138","6","northern red oak","Good"
"433964","40.73276896","-74.00838629","3","swamp white oak","Fair"
"446508","40.73401001","-74.00478919","8","ginkgo","Fair"
"451737","40.75402471","-73.97025308","7","ginkgo","Good"
"461352","40.74782572","-73.96970657","11","honeylocust","Good"
"451738","40.75399757","-73.97018868","4","pin oak","Good"
"448347","40.7425072","-73.9887393","2",,
"447390","40.73269888","-73.99974228","5","Japanese zelkova","Good"
"451742","40.75382447","-73.96977796","7","pin oak","Good"
"448405","40.74057333","-73.98921946","6","ginkgo","Good"
"449066","40.73310126","-73.97509856","15","honeylocust","Good"
"453025","40.72410365","-74.00472047","11","Callery pear","Good"
"453027","40.7239416","-74.00478388","7","Callery pear","Good"
"372434","40.75376354","-73.97185552","3","Chinese fringetree","Good"
"450714","40.74693464","-73.98676886","4",,
"453166","40.72637535","-74.00223368","7","Japanese zelkova","Fair"
"452938","40.72441617","-74.00571831","3","Japanese zelkova","Good"
"455681","40.74870106","-73.97018931","3",,
"446686","40.73640626","-74.0022729","9","littleleaf linden","Good"
"461350","40.74791729","-73.9699262","9","honeylocust","Good"
"446503","40.73391236","-74.00542808","10","honeylocust","Good"
"446500","40.73388024","-74.00563821","9","honeylocust","Good"
"446505","40.73393139","-74.00530356","6","honeylocust","Good"
"447387","40.73258548","-73.99951212","12","Callery pear","Good"
"387370","40.75300899","-73.9726507","6","ginkgo","Fair"
"446504","40.73392306","-74.00535804","6","honeylocust","Good"
"446506","40.73396946","-74.00505451","5","ginkgo","Good"
"474124","40.73904441","-73.97954395","8","Callery pear","Good"
"447391","40.7327699","-73.99988644","2","honeylocust","Poor"
"474128","40.73886323","-73.97911404","9","Callery pear","Good"
"271754","40.72354371","-74.00171208","11","Siberian elm","Good"
"270616","40.73787141","-74.00553155","21","Siberian elm","Good"
"433597","40.72546713","-74.01109523","6","Japanese zelkova","Fair"
"446507","40.73399314","-74.00489956","6","American linden","Good"
"452944","40.72435268","-74.00502521","5","Callery pear","Good"
"432715","40.72961717","-74.00238587","2","honeylocust","Good"
"432722","40.72931386","-74.0024898","5","honeylocust","Fair"
"449184","40.73521627","-73.97522438","14","honeylocust","Good"
"449134","40.73412029","-73.97494127","10","honeylocust","Good"
"452943","40.72436019","-74.00510724","3","Japanese zelkova","Good"
"452945","40.72434444","-74.00493531","3","Japanese zelkova","Good"
"453028","40.72387399","-74.00481034","14","American elm","Good"
"474071","40.74179501","-73.98060725","2","northern red oak","Fair"
"432753","40.74933613","-74.00652827","3","swamp white oak","Good"
"448352","40.7429478","-73.98842587","2",,
"453026","40.7240484","-74.00474209","5","Callery pear","Fair"
"452939","40.72441157","-74.00566816","11","cherry","Good"
"308589","40.73935327","-73.97966956","3","swamp white oak","Good"
"452941","40.72438608","-74.00538985","17","Callery pear","Good"
"451779","40.75420132","-73.97263026","10","Callery pear","Good"
"455683","40.74839793","-73.97041708","5","Callery pear","Good"
"453029","40.72380823","-74.00483607","11","littleleaf linden","Good"
"474180","40.73518948","-73.98407929","8","Callery pear","Fair"
"446353","40.73370804","-74.00739499","10","Callery pear","Fair"
"474129","40.73878741","-73.97893413","2","honeylocust","Good"
"474131","40.73864055","-73.97858566","13","honeylocust","Good"
"430273","40.7316202","-74.0014394","5","sawtooth oak","Poor"
"432738","40.72886432","-74.0033267","4","Norway maple","Fair"
"474178","40.73510751","-73.98388488","18","willow oak","Good"
"432797","40.72857855","-74.00316238","4","pin oak","Fair"
"474127","40.73897144","-73.97930007","13","London planetree","Good"
"451757","40.75383759","-73.97009358","11","honeylocust","Good"
"451761","40.75416014","-73.97086333","4","honeylocust","Good"
"447099","40.73698043","-74.00633235","5","ginkgo","Good"
"474133","40.73856791","-73.97841332","13","honeylocust","Good"
"474186","40.73559066","-73.98503082","7","honeylocust","Good"
"474130","40.7387028","-73.97873338","10","Callery pear","Good"
"455682","40.74849301","-73.97034563","2","Callery pear","Good"
"474179","40.7351618","-73.98401364","4","Callery pear","Good"
"471777","40.72367786","-73.98928508","13","Chinese elm","Good"
"474184","40.73539426","-73.984565","14","London planetree","Good"
"451760","40.75400065","-73.97048272","9","honeylocust","Good"
"474183","40.73532041","-73.98438984","17","honeylocust","Good"
"474132","40.738586","-73.97845625","12","honeylocust","Good"
"474181","40.73522301","-73.98415882","10","ginkgo","Good"
"474185","40.73545946","-73.98471964","11","ginkgo","Good"
"474187","40.73561887","-73.98509773","8","honeylocust","Good"
"451762","40.75419405","-73.97094426","4","honeylocust","Good"
"474188","40.73564681","-73.98516401","8","honeylocust","Good"
"451763","40.7542779","-73.97114437","7","honeylocust","Good"
"471779","40.72389578","-73.98980197","4","red maple","Good"
"451778","40.75416685","-73.97254849","6","Callery pear","Fair"
"446352","40.73378911","-74.00737608","11","Callery pear","Good"
"451765","40.75429339","-73.97118135","3","honeylocust","Fair"
"447049","40.73935704","-74.0043055","8","ginkgo","Good"
"474182","40.73527251","-73.98427622","10","ginkgo","Good"
"448353","40.74301132","-73.98838002","7","American elm","Fair"
"474221","40.73960137","-73.98718868","9","honeylocust","Good"
"471776","40.72362039","-73.98914876","5","honeylocust","Good"
"432752","40.74927659","-74.00657165","3","swamp white oak","Good"
"471774","40.72342774","-73.98869183","6","Callery pear","Good"
"529218","40.7419106","-74.00889373","8","Chinese elm","Good"
"432731","40.7287199","-74.00276449","9","common hackberry","Fair"
"437983","40.72435258","-73.98683063","4","Kentucky coffeetree","Good"
"437980","40.72449293","-73.98716397","4","Kentucky coffeetree","Good"
"437982","40.72439272","-73.98692596","3","Kentucky coffeetree","Good"
"451764","40.75428651","-73.97116491","3","honeylocust","Fair"
"432853","40.72854545","-74.00421569","7","sweetgum","Good"
"474220","40.73956391","-73.98709963","9","honeylocust","Good"
"432855","40.72858121","-74.00458833","3","sweetgum","Fair"
"450409","40.74645259","-73.97605142","4","green ash","Poor"
"437981","40.72443232","-73.98702003","3","Kentucky coffeetree","Good"
"481733","40.73667914","-73.98398717","13","London planetree","Good"
"482219","40.72421152","-73.9827339","4","cherry","Good"
"481732","40.73671493","-73.98407249","15","London planetree","Good"
"446494","40.7338279","-74.00598065","10","ginkgo","Fair"
"452940","40.72440534","-74.00560011","2","littleleaf linden","Good"
"474229","40.74005645","-73.98827057","4","Callery pear","Good"
"451705","40.7573218","-73.96950768","8","Callery pear","Good"
"451707","40.7574861","-73.96938821","11","Callery pear","Good"
"482223","40.72403696","-73.98231989","5","Callery pear","Good"
"451703","40.75715583","-73.96962837","7","Callery pear","Good"
"451704","40.75723894","-73.96956794","7","Callery pear","Good"
"474139","40.73502198","-73.98311349","8","ginkgo","Fair"
"482222","40.72406517","-73.98238679","5","Callery pear","Good"
"481731","40.73676079","-73.98418181","3","London planetree","Fair"
"481853","40.73996576","-73.98173247","6","Callery pear","Good"
"451780","40.75424496","-73.9727338","11","littleleaf linden","Fair"
"481845","40.73934402","-73.98025918","9","honeylocust","Good"
"480884","40.72514236","-73.97751613","3","cherry","Good"
"481734","40.73638896","-73.9832976","9","honeylocust","Good"
"481844","40.73931046","-73.98017967","12","honeylocust","Good"
"481765","40.73622227","-73.98198401","2","cherry","Good"
"481735","40.73629857","-73.98308292","4","honeylocust","Good"
"481987","40.74422772","-73.97936376","5","honeylocust","Good"
"474135","40.73531599","-73.98289979","3","American elm","Good"
"480882","40.72497532","-73.97712056","2","London planetree","Good"
"481852","40.73991915","-73.98162203","6","ginkgo","Good"
"481850","40.73963099","-73.98093918","5","honeylocust","Good"
"481986","40.74432793","-73.9792918","16","honeylocust","Good"
"481846","40.73937598","-73.98033492","12","honeylocust","Good"
"474138","40.73508875","-73.98306496","10","ginkgo","Good"
"480886","40.7252063","-73.97766754","2","honeylocust","Good"
"481848","40.73955894","-73.98076847","9","ginkgo","Good"
"481849","40.73960076","-73.98086755","6","ginkgo","Good"
"481988","40.74411064","-73.97944783","18","honeylocust","Good"
"474136","40.73524681","-73.98295007","7","ginkgo","Fair"
"474137","40.73515025","-73.98302026","8","ginkgo","Good"
"481763","40.73613727","-73.98204591","5","ginkgo","Good"
"448416","40.74004549","-73.98796944","4","littleleaf linden","Good"
"432790","40.72907596","-74.00356555","5","littleleaf linden","Fair"
"450713","40.74690188","-73.98669122","4",,
"255024","40.73770376","-74.00392612","3","Siberian elm","Good"
"482213","40.7248004","-73.98413055","14","honeylocust","Good"
"482026","40.74345781","-73.98072232","4","Japanese zelkova","Good"
"447388","40.73264934","-73.99964174","14","Sophora","Fair"
"448351","40.74289298","-73.98848532","9","Sophora","Good"
"451777","40.7541248","-73.97244874","4","Sophora","Good"
"448350","40.74283806","-73.98853466","9","Sophora","Fair"
"451781","40.75428236","-73.97282251","11","littleleaf linden","Fair"
"300303","40.75781409","-73.9717646","9","weeping willow","Fair"
"447389","40.73267262","-73.99968898","7","Sophora","Good"
"448354","40.74310275","-73.98831402","9","Sophora","Good"
"482214","40.72459338","-73.98363954","0",,
"451776","40.75409327","-73.97237392","3","Sophora","Good"
"480876","40.72465549","-73.97636318","6","Japanese zelkova","Good"
"480881","40.72494175","-73.97704107","3","Japanese zelkova","Good"
"446501","40.73389343","-74.00555189","7","ginkgo","Fair"
"474070","40.74182585","-73.9806805","0",,
"482028","40.74354319","-73.98092417","13","honeylocust","Good"
"488292","40.75983449","-73.96631764","13","ginkgo","Good"
"482029","40.74364165","-73.98115692","12","honeylocust","Good"
"474228","40.73993823","-73.98798951","11","ginkgo","Good"
"488289","40.75996538","-73.96662833","13","ginkgo","Good"
"474223","40.73967948","-73.98737436","8","honeylocust","Good"
"488295","40.75966848","-73.96592359","9","ginkgo","Good"
"480877","40.72469758","-73.97646286","14","Japanese zelkova","Good"
"474222","40.73963963","-73.98727962","9","honeylocust","Good"
"488293","40.75977383","-73.96617366","6","ginkgo","Good"
"474225","40.73975918","-73.98756383","9","honeylocust","Good"
"488297","40.75956206","-73.965671","3","ginkgo","Good"
"482024","40.74338657","-73.98055391","2","Callery pear","Good"
"452942","40.72437036","-74.00521828","3","Japanese zelkova","Fair"
"453167","40.72616123","-74.00179785","7","honeylocust","Good"
"488296","40.75962112","-73.96581119","11","ginkgo","Fair"
"488290","40.75990925","-73.96649509","18","ginkgo","Good"
"474224","40.73971694","-73.98746341","9","honeylocust","Good"
"471773","40.72339275","-73.98860884","11","littleleaf linden","Good"
"471775","40.72346233","-73.98877387","10","littleleaf linden","Good"
"474076","40.74134972","-73.97962049","13","Callery pear","Good"
"481767","40.73633544","-73.9818624","12","London planetree","Good"
"481768","40.73642331","-73.9817984","16","London planetree","Good"
"481762","40.73608526","-73.9820446","16","London planetree","Good"
"481764","40.73617121","-73.981982","13","London planetree","Good"
"481766","40.73625381","-73.98192185","14","London planetree","Good"
"474075","40.74146506","-73.97982363","16","Callery pear","Good"
"488487","40.75490413","-73.96523931","5","Japanese zelkova","Good"
"480883","40.72502727","-73.97724358","12","Callery pear","Good"
"474074","40.741506","-73.97992087","17","Callery pear","Good"
"451756","40.75375254","-73.96989063","8","pin oak","Fair"
"488294","40.75971929","-73.9660442","5","ginkgo","Good"
"488291","40.75987493","-73.96641363","8","ginkgo","Good"
"488298","40.75952029","-73.96557185","18","ginkgo","Good"
"488387","40.75782844","-73.96568851","11","honeylocust","Good"
"482023","40.7433284","-73.9804164","12","honeylocust","Good"
"480873","40.72448631","-73.97596257","7","American linden","Good"
"480874","40.72454466","-73.97610073","8","American linden","Good"
"480875","40.72459075","-73.97620988","9","American linden","Good"
"482062","40.74560298","-73.98389612","10","honeylocust","Good"
"480871","40.72439946","-73.9757569","4","American linden","Fair"
"481989","40.74402995","-73.97950578","8","honeylocust","Good"
"474078","40.74129017","-73.97947905","8","honeylocust","Good"
"482027","40.74348743","-73.98079234","4","Sophora","Good"
"474077","40.74131915","-73.97954788","21","London planetree","Good"
"482216","40.7244574","-73.98331704","14","Sophora","Good"
"480885","40.72517327","-73.97758931","2","Sophora","Good"
"480887","40.72523214","-73.97772874","2","Sophora","Good"
"446351","40.73389884","-74.00735049","5","Callery pear","Good"
"493649","40.72964083","-73.97875681","10","honeylocust","Good"
"474134","40.73844606","-73.97812419","13","honeylocust","Good"
"474122","40.73909124","-73.97965506","6","Norway maple","Good"
"474125","40.73899573","-73.97942842","10","Norway maple","Good"
"493650","40.72960014","-73.97866023","9","honeylocust","Good"
"243606","40.7346224","-74.00625289","25","shingle oak","Good"
"482221","40.72413222","-73.98254583","5","river birch","Good"
"474231","40.74019353","-73.98859646","4","Callery pear","Good"
"493648","40.72982684","-73.97919841","2","honeylocust","Good"
"481913","40.74211771","-73.97796915","6","Sophora","Good"
"480878","40.72477152","-73.97663793","7","Sophora","Good"
"482217","40.72442414","-73.98323815","2","dawn redwood","Good"
"471778","40.72380478","-73.98958612","7","Norway maple","Good"
"474072","40.74173758","-73.98047086","11","Callery pear","Good"
"375887","40.73816856","-74.00478938","4","Japanese maple","Fair"
"481909","40.74180134","-73.9781998","1","London planetree","Fair"
"488512","40.75413695","-73.96471776","14","willow oak","Good"
"488058","40.75912238","-73.96681698","3","Japanese zelkova","Good"
"474226","40.73979663","-73.98765289","6","pin oak","Good"
"488060","40.75901414","-73.96656035","3","Japanese zelkova","Good"
"488489","40.75456679","-73.96549021","8","Japanese zelkova","Good"
"488059","40.75907498","-73.96670461","3","Japanese zelkova","Good"
"488508","40.75433577","-73.96518732","13","ginkgo","Good"
"482218","40.72424399","-73.98281089","17","littleleaf linden","Good"
"480872","40.72444022","-73.97585343","5","littleleaf linden","Good"
"488507","40.75437449","-73.96527877","13","ginkgo","Good"
"471939","40.72523473","-73.98893599","2","honeylocust","Good"
"451706","40.75740251","-73.96944899","8","Callery pear","Good"
"481854","40.73999239","-73.98179558","7","Callery pear","Good"
"494028","40.73677618","-73.98394593","5","ginkgo","Fair"
"481911","40.74189688","-73.97813015","8","Callery pear","Good"
"474234","40.74027575","-73.98879194","5","Callery pear","Good"
"474232","40.74022063","-73.98866088","4","Callery pear","Good"
"481910","40.74184887","-73.97816515","7","Callery pear","Good"
"471944","40.72479993","-73.98790268","14","London planetree","Fair"
"488488","40.7546289","-73.96544401","3","Callery pear","Good"
"474233","40.74024387","-73.98871615","4","Callery pear","Good"
"474235","40.74029647","-73.9888412","5","Callery pear","Good"
"488511","40.75422588","-73.96492778","6","Callery pear","Good"
"471937","40.72540344","-73.98933695","5","Callery pear","Good"
"471940","40.72518744","-73.9888236","5","honeylocust","Good"
"481282","40.7271055","-73.99658624","5","Callery pear","Good"
"488237","40.75946351","-73.96592094","13","honeylocust","Good"
"481847","40.73941513","-73.98042768","9","honeylocust","Good"
"488057","40.75921318","-73.96703226","4","ginkgo","Good"
"487622","40.75938441","-73.96831233","9","honeylocust","Good"
"488239","40.75962374","-73.96629939","6","honeylocust","Good"
"481285","40.72732243","-73.9964033","5","Callery pear","Good"
"487609","40.75972255","-73.96824306","8","Callery pear","Good"
"487635","40.75941205","-73.96973335","7","honeylocust","Good"
"474126","40.73894863","-73.97931669","8","Norway maple","Good"
"488236","40.75933853","-73.96562574","8","honeylocust","Good"
"487613","40.75991491","-73.96869797","9","ginkgo","Good"
"471938","40.72536359","-73.98924223","9","Callery pear","Good"
"488056","40.75924127","-73.96709886","9","ginkgo","Good"
"481289","40.72769944","-73.99608534","6","Callery pear","Fair"
"488241","40.75979865","-73.96671254","8","ginkgo","Good"
"488055","40.75929213","-73.96721945","8","ginkgo","Good"
"432193","40.72487824","-74.00374915","10","green ash","Poor"
"488243","40.75992282","-73.96700584","5","honeylocust","Good"
"488054","40.75951978","-73.96775923","4","ginkgo","Good"
"482064","40.74567642","-73.98407119","10","Sophora","Good"
"487634","40.75935875","-73.96960712","9","honeylocust","Good"
"487636","40.75945229","-73.96982866","7","honeylocust","Good"
"488063","40.75877143","-73.96598491","8","ginkgo","Good"
"488240","40.75965845","-73.96638139","8","honeylocust","Good"
"481288","40.72761166","-73.99615937","4","littleleaf linden","Fair"
"487608","40.75968867","-73.96816293","7","Callery pear","Good"
"495545","40.73107405","-73.99643031","17","ginkgo","Good"
"488510","40.75426153","-73.96501198","4","littleleaf linden","Good"
"487612","40.75987863","-73.96861216","11","ginkgo","Good"
"487637","40.75948507","-73.96990629","10","honeylocust","Good"
"482032","40.74374171","-73.98139346","12","honeylocust","Good"
"488075","40.75767758","-73.96632161","9","honeylocust","Fair"
"488385","40.75792259","-73.96591208","13","littleleaf linden","Good"
"488386","40.75788243","-73.96581672","11","littleleaf linden","Good"
"488509","40.75430853","-73.96512298","6","sugar maple","Good"
"474123","40.73911404","-73.97963844","10","green ash","Good"
"471936","40.725451","-73.98944997","15","Callery pear","Good"
"481287","40.72755991","-73.99620302","4","Callery pear","Good"
"481290","40.72782373","-73.99598052","3","cherry","Good"
"487610","40.75975723","-73.96832509","5","Callery pear","Good"
"495535","40.73202228","-73.99836004","8","Callery pear","Good"
"487611","40.75980579","-73.96843992","7","Callery pear","Good"
"481284","40.72727091","-73.99644675","12","Callery pear","Fair"
"472105","40.72306341","-73.98404343","10","Japanese zelkova","Good"
"488238","40.7595957","-73.96623316","4","Japanese zelkova","Good"
"481291","40.72797227","-73.99585524","10","Callery pear","Good"
"481292","40.7280656","-73.99577653","4","Callery pear","Good"
"482215","40.72450476","-73.98342938","21","Sophora","Good"
"495540","40.73176181","-73.99782994","12","honeylocust","Good"
"488077","40.75747755","-73.96647669","13","honeylocust","Good"
"472104","40.72310464","-73.98414126","12","Japanese zelkova","Good"
"495538","40.73186844","-73.99804695","12","honeylocust","Good"
"474048","40.73986173","-73.98254487","12","honeylocust","Good"
"488076","40.75755818","-73.96641419","8","honeylocust","Good"
"474049","40.7399158","-73.98250492","5","honeylocust","Good"
"495549","40.73074119","-73.99575293","7","honeylocust","Fair"
"474047","40.73978611","-73.98260073","14","honeylocust","Good"
"474079","40.74125927","-73.9793349","3","honeylocust","Good"
"472421","40.72350581","-73.97764316","9","cherry","Fair"
"474046","40.73967173","-73.98268523","15","honeylocust","Good"
"488384","40.7579694","-73.96602323","19","littleleaf linden","Fair"
"481283","40.72719375","-73.99651182","1","cherry","Fair"
"451590","40.75159139","-73.96794825","8","honeylocust","Good"
"495543","40.73157833","-73.99745654","3","willow oak","Good"
"472410","40.72394294","-73.9786793","2","honeylocust","Good"
"472425","40.72332411","-73.9772125","2","honeylocust","Good"
"495542","40.73165235","-73.99760718","11","pin oak","Fair"
"471783","40.72406088","-73.99019358","4","Japanese zelkova","Good"
"495533","40.73209377","-73.99850553","16","pin oak","Good"
"495537","40.73195065","-73.99821426","19","pin oak","Good"
"495539","40.7318321","-73.997973","14","pin oak","Fair"
"495541","40.73172324","-73.99775145","19","pin oak","Good"
"488061","40.75897367","-73.96646439","3","Japanese zelkova","Good"
"488062","40.75893333","-73.96636875","4","Japanese zelkova","Good"
"472101","40.72329052","-73.98458249","16","pin oak","Good"
"495546","40.73099497","-73.99626938","12","pin oak","Good"
"472099","40.72337323","-73.9847788","12","pin oak","Good"
"471780","40.72393835","-73.98990295","4","Japanese zelkova","Good"
"474227","40.73988736","-73.98786857","5","American linden","Good"
"495536","40.73198639","-73.998287","22","pin oak","Good"
"472097","40.72343546","-73.98492651","16","pin oak","Good"
"472414","40.723788","-73.97831204","21","littleleaf linden","Good"
"481182","40.72352653","-73.99972182","6","ginkgo","Fair"
"471782","40.72402416","-73.99010649","4","littleleaf linden","Good"
"471781","40.72397028","-73.98997868","11","honeylocust","Good"
"508173","40.7576138","-73.97100136","7","honeylocust","Good"
"472103","40.72313974","-73.98422459","6","pin oak","Good"
"472424","40.72338028","-73.97734564","2","littleleaf linden","Good"
"508174","40.75762332","-73.97095317","5","honeylocust","Good"
"495534","40.73205773","-73.99843218","12","pin oak","Good"
"448349","40.74263378","-73.98865738","4","swamp white oak","Good"
"495547","40.73095625","-73.99619057","22","pin oak","Good"
"495548","40.73081089","-73.99589477","18","pin oak","Good"
"472419","40.72358008","-73.97781922","19","littleleaf linden","Good"
"472416","40.72370068","-73.97810507","8","Callery pear","Good"
"472411","40.72389848","-73.97857392","6","Callery pear","Good"
"508171","40.75767729","-73.97108139","5","honeylocust","Good"
"508172","40.75765124","-73.97101949","5","honeylocust","Good"
"472418","40.72361176","-73.97789431","5","Callery pear","Good"
"508170","40.7576683","-73.97113084","6","honeylocust","Good"
"488073","40.75782276","-73.96620906","4","Japanese zelkova","Good"
"471784","40.72415134","-73.99040817","16","American elm","Fair"
"472413","40.7238282","-73.97840733","7","littleleaf linden","Good"
"508184","40.75747697","-73.9670658","9","honeylocust","Good"
"432192","40.72480169","-74.00381413","8","green ash","Poor"
"432187","40.72444661","-74.00411554","6","American hornbeam","Fair"
"310528","40.72419475","-74.00992356","8","silver birch","Poor"
"474230","40.7401149","-73.98840952","16","Sophora","Good"
"482063","40.74564169","-73.9839884","8","Sophora","Good"
"472423","40.72342355","-73.97744818","5","Norway maple","Good"
"474021","40.74048538","-73.98516465","9","littleleaf linden","Good"
"474022","40.7403814","-73.9849182","13","littleleaf linden","Fair"
"482065","40.74570691","-73.98414388","2","Sophora","Good"
"472427","40.72323759","-73.97700742","8","Norway maple","Good"
"474020","40.74051867","-73.98524355","7","littleleaf linden","Good"
"472098","40.72340807","-73.98486149","9","littleleaf linden","Fair"
"481286","40.72742084","-73.9963203","16","Callery pear","Good"
"508175","40.75758695","-73.97093757","5","honeylocust","Good"
"508182","40.75786856","-73.96799865","7","ginkgo","Good"
"508190","40.75879509","-73.96991533","5","honeylocust","Good"
"529217","40.74195494","-74.00888349","10","Chinese elm","Good"
"508181","40.75793515","-73.96815728","11","ginkgo","Good"
"529219","40.74186302","-74.00890471","9","Chinese elm","Good"
"508185","40.75744513","-73.96698996","9","honeylocust","Good"
"529221","40.74176029","-74.00892843","10","Chinese elm","Good"
"488242","40.75984485","-73.96682166","8","ginkgo","Good"
"508192","40.75895109","-73.97028366","8","ginkgo","Good"
"488506","40.75443512","-73.96542194","10","littleleaf linden","Good"
"432847","40.72845916","-74.00331649","4","Kentucky coffeetree","Good"
"495544","40.73117533","-73.9966364","16","pin oak","Good"
"472412","40.72386361","-73.97849125","13","Callery pear","Good"
"472415","40.72374567","-73.97821171","2","Sophora","Good"
"472417","40.72364078","-73.97796309","4","Sophora","Good"
"525534","40.75277483","-74.00755524","4","willow oak","Good"
"525531","40.75288761","-74.00751466","6","pin oak","Good"
"508191","40.75887496","-73.97010391","8","honeylocust","Good"
"525520","40.75338268","-74.00733652","5","honeylocust","Good"
"525513","40.7536093","-74.00725497","3","honeylocust","Good"
"525514","40.75358283","-74.0072645","9","honeylocust","Good"
"525537","40.75266153","-74.00759601","7","willow oak","Good"
"525516","40.75351558","-74.0072887","10","honeylocust","Good"
"525526","40.75305281","-74.00745521","11","honeylocust","Good"
"525538","40.75261758","-74.00761182","8","willow oak","Good"
"525525","40.75308405","-74.00744397","4","honeylocust","Good"
"525523","40.75327308","-74.00737596","11","honeylocust","Good"
"525532","40.75285108","-74.0075278","3","willow oak","Fair"
"474023","40.74032282","-73.98477935","6","littleleaf linden","Good"
"472102","40.72324186","-73.98446698","7","littleleaf linden","Good"
"525528","40.75297816","-74.00748208","4","honeylocust","Good"
"525539","40.75257787","-74.00762611","7","willow oak","Good"
"525529","40.75295168","-74.0074916","11","honeylocust","Good"
"525530","40.75291991","-74.00750304","4","honeylocust","Good"
"525512","40.7536506","-74.00724011","10","honeylocust","Good"
"525519","40.75341233","-74.00732585","7","pin oak","Good"
"525524","40.75324025","-74.00738777","4","honeylocust","Good"
"525533","40.75281878","-74.00753943","11","willow oak","Good"
"525521","40.75334668","-74.00734947","7","honeylocust","Good"
"525517","40.75347534","-74.00730318","7","willow oak","Good"
"525535","40.7527383","-74.00756839","7","willow oak","Good"
"525522","40.75331385","-74.00736129","6","pin oak","Good"
"525527","40.75301681","-74.00746817","9","honeylocust","Good"
"508176","40.7575962","-73.97088875","4","cherry","Good"
"488074","40.75775183","-73.96626405","4","Japanese zelkova","Good"
"481851","40.73981901","-73.98138473","6","green ash","Poor"
"525518","40.75344357","-74.00731461","0",,
"482220","40.72418039","-73.98266006","4","swamp white oak","Good"
"529214","40.74213931","-74.00884091","11","Chinese elm","Good"
"480880","40.7248581","-73.97684297","7","green ash","Good"
"488388","40.75779174","-73.96560136","8","honeylocust","Good"
"488389","40.75775158","-73.965506","8","honeylocust","Good"
"522539","40.7585286","-74.00381391","9","pin oak","Fair"
"522604","40.75818836","-74.00411583","10","pin oak","Good"
"522607","40.75801502","-74.00424656","10","pin oak","Good"
"522893","40.72942928","-73.97508777","2","pin oak","Good"
"472100","40.72332802","-73.98467149","8","littleleaf linden","Good"
"525536","40.75269753","-74.00758306","7","willow oak","Good"
"525540","40.75254716","-74.00763716","9","willow oak","Good"
"522894","40.72949846","-73.97503603","3","pin oak","Good"
"488397","40.7573726","-73.96460607","6","Callery pear","Good"
"525541","40.7525138","-74.00764917","8","willow oak","Good"
"522513","40.74793872","-73.9807587","13","cherry","Good"
"522536","40.75871028","-74.00368816","10","pin oak","Good"
"488396","40.75739414","-73.96465722","8","Callery pear","Good"
"520996","40.7319794","-73.99189971","0",,
"522900","40.72873795","-73.97611482","18","London planetree","Good"
"522899","40.72869688","-73.9760144","12","London planetree","Good"
"522537","40.75865053","-74.00372952","10","pin oak","Good"
"522605","40.75812407","-74.00416432","10","pin oak","Good"
"522606","40.75806645","-74.00420777","7","pin oak","Good"
"522516","40.74815446","-73.98056185","9","cherry","Good"
"522540","40.75846194","-74.0038433","11","pin oak","Good"
"488390","40.75771063","-73.96540874","8","Callery pear","Good"
"522631","40.75812175","-74.00408756","11","pin oak","Good"
"522630","40.75818747","-74.00404097","10","pin oak","Good"
"522532","40.75894394","-74.00352644","11","pin oak","Good"
"522629","40.75824352","-74.00400123","9","pin oak","Good"
"522892","40.72935627","-73.97514236","7","honeylocust","Good"
"409018","40.75232996","-73.9684965","14","black walnut","Good"
"488395","40.75743031","-73.96474311","22","Callery pear","Good"
"502325","40.7581297","-73.96669589","9","American linden","Good"
"531986","40.7556139","-73.99745235","9","ginkgo","Good"
"525193","40.75643579","-74.00531399","8","honeylocust","Good"
"525200","40.75582242","-74.00575583","8","honeylocust","Good"
"508180","40.75796194","-73.96822111","10","ginkgo","Good"
"520370","40.74919091","-73.97096997","13","honeylocust","Good"
"522533","40.7588837","-74.00356813","12","pin oak","Good"
"522535","40.75876809","-74.00364815","9","pin oak","Good"
"522603","40.75823955","-74.00407723","8","pin oak","Good"
"522608","40.75795624","-74.00428835","9","pin oak","Good"
"522635","40.75762838","-74.00443729","8","pin oak","Good"
"520367","40.74907695","-73.97069816","10","honeylocust","Good"
"525197","40.75596493","-74.00565318","7","honeylocust","Good"
"531976","40.75487139","-73.99562668","2","honeylocust","Good"
"520380","40.74948246","-73.9716653","11","honeylocust","Good"
"525192","40.75650271","-74.00526578","8","honeylocust","Good"
"525199","40.75586768","-74.00572323","7","honeylocust","Good"
"520374","40.74921035","-73.97108735","13","ginkgo","Good"
"520381","40.74951029","-73.97173167","11","honeylocust","Good"
"525515","40.75354365","-74.0072786","0",,
"529215","40.74209011","-74.00885228","9","Chinese elm","Good"
"520377","40.74935299","-73.97135651","9","honeylocust","Good"
"525191","40.756573","-74.00521515","7","honeylocust","Good"
"525198","40.75592834","-74.00567953","8","honeylocust","Good"
"508692","40.72420302","-73.97575805","2","honeylocust","Fair"
"529220","40.74181166","-74.00891657","8","Chinese elm","Good"
"529402","40.74377357","-74.00850667","9","Chinese elm","Fair"
"520373","40.74921795","-73.97103445","14","honeylocust","Good"
"525189","40.75667507","-74.00514162","8","honeylocust","Good"
"522891","40.72906139","-73.97536286","7",,
"529770","40.72381336","-74.01143298","7","Japanese zelkova","Good"
"529769","40.72369073","-74.01145775","5","Japanese zelkova","Good"
"531985","40.75552148","-73.99722509","2","pin oak","Good"
"529766","40.72350191","-74.0114959","6","Japanese zelkova","Good"
"529768","40.72362671","-74.01147069","7","Japanese zelkova","Good"
"529775","40.72405697","-74.01138376","7","Japanese zelkova","Good"
"529458","40.74498095","-74.00826296","9","Chinese elm","Good"
"522632","40.75806956","-74.00412455","9","pin oak","Good"
"529544","40.74892414","-74.00819124","6","Japanese zelkova","Good"
"522534","40.75882249","-74.00361049","9","pin oak","Good"
"522514","40.74800906","-73.98066808","10","cherry","Good"
"522633","40.75801786","-74.0041612","9","pin oak","Good"
"520448","40.74827025","-73.97267573","6","cherry","Good"
"529776","40.72409512","-74.01141073","5","Japanese zelkova","Good"
"529457","40.74494733","-74.00830335","8","Chinese elm","Good"
"529773","40.72399512","-74.01139626","6","Japanese zelkova","Good"
"529764","40.72329465","-74.01153778","6","Japanese zelkova","Good"
"522515","40.74805609","-73.98063372","9","cherry","Good"
"529771","40.72387467","-74.01142059","7","Japanese zelkova","Good"
"529763","40.72323605","-74.01154962","6","Japanese zelkova","Good"
"522602","40.75828431","-74.00404347","9","pin oak","Good"
"522634","40.75769169","-74.00439242","9","pin oak","Good"
"525606","40.75151585","-74.0080433","8","honeylocust","Good"
"520375","40.7492809","-73.97118457","11","honeylocust","Good"
"525187","40.75675355","-74.00508509","8","honeylocust","Good"
"522397","40.75972772","-74.00295728","9","pin oak","Good"
"522538","40.7585864","-74.0037739","10","honeylocust","Good"
"488391","40.75766674","-73.96530454","14","honeylocust","Good"
"520379","40.74944204","-73.9715689","12","honeylocust","Good"
"525359","40.75420843","-74.00699933","9","honeylocust","Good"
"531980","40.7550024","-73.99594878","3","honeylocust","Good"
"525607","40.75147872","-74.00805634","9","honeylocust","Good"
"525195","40.75609926","-74.00555642","9","honeylocust","Good"
"525196","40.75603378","-74.00560358","9","honeylocust","Good"
"531978","40.7549369","-73.99578773","3","honeylocust","Good"
"520371","40.74917139","-73.97099442","8","ginkgo","Good"
"520378","40.74941023","-73.97149305","5","honeylocust","Good"
"525190","40.75662452","-74.00517803","7","honeylocust","Good"
"525188","40.75671503","-74.00511283","7","pin oak","Good"
"529849","40.7277108","-74.01083173","5","pin oak","Good"
"522395","40.75984606","-74.00287324","9","pin oak","Good"
"488393","40.75754574","-73.96501719","6","honeylocust","Good"
"488394","40.75750239","-73.96491425","8","honeylocust","Good"
"531982","40.75506893","-73.99611238","2","honeylocust","Good"
"522400","40.75954524","-74.0030583","9","pin oak","Good"
"524615","40.73791864","-74.00996754","9","English oak","Good"
"522898","40.72866256","-73.97593051","0",,
"529767","40.72356431","-74.0114833","6","Japanese zelkova","Good"
"529459","40.74501863","-74.00829104","8","Chinese elm","Good"
"529777","40.72411883","-74.01137126","7","Japanese zelkova","Good"
"522403","40.75936718","-74.0031853","10","pin oak","Good"
"529216","40.74204199","-74.00886339","10","Chinese elm","Good"
"529765","40.72344169","-74.01150807","6","Japanese zelkova","Good"
"520368","40.74912929","-73.970823","10","honeylocust","Good"
"529774","40.72402458","-74.01142498","5","Japanese zelkova","Good"
"529456","40.74490094","-74.00827678","10","Chinese elm","Good"
"520788","40.72837806","-73.99551114","8","willow oak","Good"
"525609","40.75141004","-74.00808046","8","willow oak","Good"
"520994","40.7318948","-73.99169733","0",,
"523043","40.73625052","-73.97730568","0",,
"529461","40.74510136","-74.00827675","9","Chinese elm","Good"
"529542","40.74905419","-74.00826696","6","Japanese zelkova","Good"
"529409","40.74348518","-74.0085672","8","Chinese elm","Good"
"529823","40.72611107","-74.01098833","6","Japanese zelkova","Good"
"529824","40.72622343","-74.01097147","5","Japanese zelkova","Fair"
"529827","40.72639687","-74.01094544","6","Japanese zelkova","Good"
"529407","40.74355913","-74.00851696","6","Chinese elm","Fair"
"529826","40.72633578","-74.01095461","6","Japanese zelkova","Good"
"529460","40.74505225","-74.00825066","9","Chinese elm","Good"
"529462","40.7451426","-74.00823506","9","Chinese elm","Good"
"521004","40.73258004","-73.99333662","5","Japanese zelkova","Good"
"521006","40.73266384","-73.99353711","7","Japanese zelkova","Good"
"529404","40.74368901","-74.00852442","9","Chinese elm","Good"
"522919","40.74972485","-73.97941855","12","cherry","Good"
"529408","40.74352421","-74.00855901","7","Chinese elm","Fair"
"530222","40.75277411","-73.99707186","0",,
"530093","40.74630532","-74.00807259","7","Chinese elm","Good"
"530085","40.74596482","-74.00813869","8","Chinese elm","Good"
"529545","40.74872201","-74.00810075","3","Japanese zelkova","Fair"
"521005","40.732623","-73.99343939","10","Callery pear","Good"
"529405","40.74363828","-74.00850035","8","Chinese elm","Fair"
"529821","40.72592618","-74.01101607","7","Japanese zelkova","Good"
"530098","40.746522","-74.00803052","8","Chinese elm","Good"
"530100","40.74661323","-74.00801281","8","Chinese elm","Good"
"529411","40.74340766","-74.00858347","9","Chinese elm","Good"
"529822","40.72601672","-74.01100249","6","Japanese zelkova","Good"
"529410","40.74344475","-74.00854097","8","Chinese elm","Good"
"530088","40.74608375","-74.0081156","7","Chinese elm","Good"
"529406","40.74360444","-74.00854217","9","Chinese elm","Good"
"522512","40.74787687","-73.98076466","10","cherry","Good"
"520372","40.74919246","-73.97104468","4","cherry","Good"
"520376","40.74931959","-73.97127686","4","cherry","Good"
"530090","40.74617227","-74.00809842","7","Chinese elm","Good"
"522396","40.75978907","-74.00291371","9","pin oak","Good"
"524617","40.73775401","-74.00994885","10","English oak","Good"
"508189","40.75844997","-73.96910048","10","littleleaf linden","Fair"
"522931","40.7501093","-73.97913867","5","magnolia","Good"
"522933","40.75013667","-73.97911874","4","magnolia","Good"
"525186","40.75681036","-74.00504416","8","honeylocust","Good"
"525362","40.75401028","-74.00709951","10","honeylocust","Good"
"520790","40.72849856","-73.99540926","7","willow oak","Good"
"525360","40.75413608","-74.00704122","9","honeylocust","Good"
"523044","40.7361683","-73.97711393","8","London planetree","Good"
"525611","40.75132094","-74.00811175","4","willow oak","Good"
"525356","40.75438793","-74.00686798","11","honeylocust","Good"
"525608","40.75144451","-74.00806835","8","willow oak","Good"
"525357","40.75432616","-74.00691917","10","honeylocust","Good"
"525546","40.75203647","-74.00782092","9","honeylocust","Good"
"525154","40.75669148","-74.0051978","8","honeylocust","Good"
"525171","40.75560639","-74.00597523","9","honeylocust","Good"
"525166","40.75590478","-74.00576145","7","honeylocust","Good"
"525168","40.75579053","-74.0058433","7","honeylocust","Good"
"520789","40.72843577","-73.99546234","8","willow oak","Good"
"494029","40.73670545","-73.98377799","3","green ash","Good"
"522404","40.75931844","-74.00322006","8","honeylocust","Good"
"520446","40.74838526","-73.97295091","2","American linden","Good"
"525547","40.75200682","-74.00783159","8","honeylocust","Good"
"525548","40.75194487","-74.00785388","7","honeylocust","Good"
"522934","40.72884188","-73.97639569","15","London planetree","Good"
"493647","40.72986459","-73.97928805","6","Sophora","Fair"
"525612","40.75126366","-74.00813187","8","willow oak","Good"
"525157","40.75653867","-74.00530729","8","honeylocust","Good"
"525176","40.75524967","-74.0062308","8","honeylocust","Good"
"525183","40.75473339","-74.00660068","6","honeylocust","Good"
"494030","40.73632718","-73.98287988","14","Sophora","Good"
"494032","40.73621656","-73.98261724","4","Sophora","Good"
"494031","40.73627439","-73.98275456","14","Sophora","Fair"
"525164","40.7560036","-74.00569065","7","pin oak","Good"
"525178","40.75511903","-74.00632439","9","pin oak","Good"
"524612","40.73830913","-74.01001185","11","English oak","Good"
"522399","40.75960862","-74.00303802","11","pin oak","Good"
"522401","40.75948637","-74.00310029","9","pin oak","Good"
"524614","40.73805755","-74.0099833","9","English oak","Good"
"524613","40.7381467","-74.00999342","11","English oak","Good"
"522394","40.75991465","-74.00282453","8","pin oak","Good"
"494033","40.73617175","-73.98251086","4","Sophora","Good"
"525194","40.75619747","-74.00548566","9","Callery pear","Good"
"524577","40.73911413","-74.01000171","9","English oak","Good"
"524616","40.73787926","-74.00996307","8","English oak","Good"
"522408","40.7598584","-74.00290878","9","pin oak","Good"
"522410","40.75974526","-74.00299028","9","pin oak","Good"
"524618","40.73770917","-74.00994377","8","English oak","Good"
"522412","40.75962683","-74.00307561","11","pin oak","Good"
"522414","40.75946266","-74.00319388","10","pin oak","Good"
"522411","40.75968219","-74.00303572","9","pin oak","Good"
"525173","40.75548298","-74.00606365","8","pin oak","Good"
"472420","40.72353962","-73.9777233","2","Kentucky coffeetree","Good"
"521001","40.73232863","-73.99273516","5","littleleaf linden","Poor"
"525165","40.75594768","-74.00573071","8","honeylocust","Good"
"525181","40.75491802","-74.00646841","8","honeylocust","Good"
"525155","40.75664279","-74.00523269","7","honeylocust","Good"
"525172","40.75554565","-74.00601875","8","honeylocust","Good"
"525163","40.75608169","-74.0056347","14","honeylocust","Good"
"525177","40.75518074","-74.00628019","8","honeylocust","Good"
"525153","40.75673631","-74.00516568","7","honeylocust","Good"
"525170","40.75567387","-74.00592688","9","honeylocust","Good"
"522879","40.74915114","-73.97983576","13","cherry","Good"
"522815","40.74849264","-73.98031531","11","cherry","Good"
"525175","40.75533306","-74.00617105","7","honeylocust","Good"
"522889","40.74941817","-73.9796414","15","cherry","Good"
"520449","40.74822399","-73.97256503","6","cherry","Good"
"522890","40.74947365","-73.97960102","14","cherry","Good"
"525179","40.75505492","-74.00637033","9","honeylocust","Good"
"525180","40.754999","-74.00641039","8","honeylocust","Good"
"525348","40.75427495","-74.00687568","10","honeylocust","Good"
"522816","40.74855198","-73.98027219","8","cherry","Good"
"525162","40.75612797","-74.00560155","9","honeylocust","Good"
"480879","40.72481734","-73.97674644","6","green ash","Good"
"529403","40.74372772","-74.00848157","9","Chinese elm","Good"
"525204","40.75556148","-74.00594381","8","honeylocust","Good"
"529828","40.72652122","-74.01092678","5","Japanese zelkova","Good"
"530086","40.74600935","-74.00813005","7","Chinese elm","Good"
"529825","40.72628942","-74.01096157","6","Japanese zelkova","Good"
"530099","40.74656816","-74.00802156","7","Chinese elm","Good"
"530091","40.74621951","-74.00808925","7","Chinese elm","Good"
"530094","40.74634985","-74.00806394","7","Chinese elm","Good"
"522938","40.72903371","-73.97684416","19","London planetree","Good"
"525152","40.75679464","-74.00512389","6","honeylocust","Good"
"525169","40.75573991","-74.00587957","9","honeylocust","Good"
"525205","40.75551478","-74.00597745","8","honeylocust","Good"
"525160","40.75623836","-74.00552246","10","honeylocust","Good"
"525174","40.75541646","-74.00611131","8","honeylocust","Good"
"525610","40.75135913","-74.00809834","9","willow oak","Good"
"522939","40.72907487","-73.9769404","16","London planetree","Good"
"525543","40.75231868","-74.00771937","4","willow oak","Good"
"525159","40.75643262","-74.00538327","5","Callery pear","Good"
"525620","40.75086324","-74.00827249","5","willow oak","Good"
"520447","40.74834745","-73.97286045","9","sawtooth oak","Good"
"522127","40.72333622","-73.99000899","6","Callery pear","Good"
"525161","40.75617762","-74.00556597","7","Callery pear","Good"
"522398","40.75966686","-74.0030005","8","pin oak","Good"
"522125","40.7232992","-73.98987697","1","Callery pear","Good"
"520995","40.73193433","-73.99179188","9","Sophora","Good"
"520997","40.73201813","-73.99199236","12","Sophora","Fair"
"522937","40.728992","-73.97674666","2","white oak","Good"
"525545","40.75221808","-74.00775557","4","willow oak","Good"
"525616","40.75110667","-74.008187","9","willow oak","Good"
"521003","40.73253616","-73.99323163","14","Sophora","Good"
"525051","40.73357119","-74.01023411","8","white oak","Good"
"522935","40.72887901","-73.97648249","2","white oak","Good"
"525542","40.75235892","-74.00770489","3","willow oak","Good"
"525544","40.75228321","-74.00773214","4","willow oak","Good"
"522936","40.72891802","-73.97657369","3","white oak","Good"
"530087","40.74604791","-74.00812256","7","Chinese elm","Good"
"531981","40.7550358","-73.9960309","3","Sophora","Good"
"530092","40.74626459","-74.00808049","7","Chinese elm","Good"
"525052","40.73353889","-74.01023724","10","white oak","Good"
"525615","40.75115759","-74.00816912","4","willow oak","Good"
"525050","40.73360459","-74.01023087","10","white oak","Good"
"525182","40.75486644","-74.00650536","9","honeylocust","Good"
"525184","40.75467506","-74.00664247","7","honeylocust","Good"
"522407","40.75991955","-74.00286473","9","pin oak","Good"
"525049","40.7336347","-74.01022795","11","white oak","Good"
"530104","40.74681145","-74.00797432","10","Chinese elm","Good"
"525621","40.75079906","-74.00829503","7","willow oak","Good"
"530103","40.74675063","-74.00798613","8","Chinese elm","Good"
"525054","40.73347265","-74.01024366","8","white oak","Good"
"522124","40.72327737","-73.98979911","10","Callery pear","Good"
"471942","40.72497582","-73.98832068","2","dawn redwood","Good"
"530097","40.74648181","-74.00803832","7","Chinese elm","Good"
"530089","40.74612611","-74.00810738","8","Chinese elm","Good"
"530096","40.74644108","-74.00804623","7","Chinese elm","Good"
"522941","40.72915477","-73.97712721","3","swamp white oak","Good"
"529858","40.72807557","-74.01079942","2","swamp white oak","Good"
"530102","40.74671859","-74.00799235","9","Chinese elm","Good"
"530119","40.74772651","-74.00779666","9","Chinese elm","Good"
"525755","40.75281364","-73.9657826","2","ginkgo","Good"
"530101","40.74665939","-74.00800384","7","Chinese elm","Good"
"522942","40.72919486","-73.97722093","2","swamp white oak","Good"
"530108","40.74704605","-74.00792877","8","Chinese elm","Good"
"525202","40.75568569","-74.00585433","8","honeylocust","Good"
"525757","40.75261797","-73.9653186","11","honeylocust","Good"
"525151","40.75685634","-74.00507969","8","honeylocust","Good"
"522819","40.74861275","-73.98022803","8","cherry","Good"
"529833","40.72683712","-74.01088711","6","Japanese zelkova","Good"
"529835","40.7269577","-74.01087809","5","Japanese zelkova","Good"
"530116","40.74747562","-74.00784537","11","Chinese elm","Good"
"471943","40.72494314","-73.98824301","2","dawn redwood","Good"
"529837","40.7270843","-74.01086863","6","Japanese zelkova","Good"
"530114","40.74738004","-74.00786393","13","Chinese elm","Good"
"522883","40.74924239","-73.97976934","6","magnolia","Good"
"522887","40.74936654","-73.97967897","7","magnolia","Good"
"522878","40.7491096","-73.979866","11","cherry","Good"
"522927","40.74999475","-73.97922206","3","magnolia","Good"
"524867","40.73682407","-74.00996575","8","shingle oak","Good"
"529861","40.72823112","-74.01078564","4","shingle oak","Good"
"529829","40.72656485","-74.01092024","5","Japanese zelkova","Good"
"529836","40.72702292","-74.01087322","6","Japanese zelkova","Good"
"530115","40.74742294","-74.0078556","9","Chinese elm","Good"
"529830","40.72664667","-74.01090796","5","Japanese zelkova","Good"
"524896","40.7350303","-74.01011319","8","shingle oak","Good"
"525047","40.73370313","-74.01022132","10","shingle oak","Good"
"530105","40.74693038","-74.00795123","8","Chinese elm","Good"
"530112","40.74722309","-74.0078944","8","Chinese elm","Good"
"525618","40.75098628","-74.00822928","5",,
"524869","40.73672709","-74.00997367","12","shingle oak","Good"
"525613","40.75122654","-74.0081449","6","willow oak","Good"
"522921","40.74979689","-73.9793661","3","magnolia","Good"
"522922","40.74981322","-73.97935422","4","magnolia","Good"
"524861","40.73716102","-74.00993821","6","shingle oak","Good"
"529859","40.72810624","-74.0107967","2","swamp white oak","Good"
"522642","40.7572104","-74.00473358","0",,
"530110","40.74713349","-74.0079118","9","Chinese elm","Good"
"529224","40.74157214","-74.00897188","8","Chinese elm","Good"
"529832","40.72676916","-74.01089219","5","Japanese zelkova","Good"
"529831","40.72670939","-74.01089855","5","Japanese zelkova","Good"
"530120","40.74777213","-74.00778781","10","Chinese elm","Good"
"521000","40.73228329","-73.9926267","2","littleleaf linden","Good"
"529834","40.72689357","-74.01088289","6","Japanese zelkova","Good"
"530117","40.74764451","-74.00781258","10","Chinese elm","Good"
"530095","40.74639275","-74.00805561","7","Chinese elm","Good"
"525158","40.75649191","-74.00534079","8",,
"529866","40.72876009","-74.01073591","2","swamp white oak","Good"
"529868","40.72887835","-74.01072456","2","swamp white oak","Good"
"529225","40.74150996","-74.00898624","10","Chinese elm","Good"
"529840","40.727269","-74.01085482","6","Japanese zelkova","Fair"
"530107","40.74700478","-74.00793679","8","Chinese elm","Good"
"530111","40.74717856","-74.00790305","8","Chinese elm","Good"
"530109","40.74708841","-74.00792055","8","Chinese elm","Good"
"529570","40.74909183","-74.00793813","0",,
"529838","40.7271413","-74.01086437","7","Japanese zelkova","Fair"
"530106","40.74696948","-74.00794364","7","Chinese elm","Good"
"530113","40.74726219","-74.00788681","10","Chinese elm","Good"
"243607","40.73454336","-74.00626518","12","shingle oak","Good"
"525626","40.75048111","-74.00837145","5",,
"529847","40.72764124","-74.01083789","2","swamp white oak","Good"
"530118","40.74768741","-74.00780425","8","Chinese elm","Good"
"508690","40.72395423","-73.97593906","4","Japanese zelkova","Good"
"529839","40.72720597","-74.01085953","6","Japanese zelkova","Good"
"529848","40.7276752","-74.01083488","2","swamp white oak","Good"
"529850","40.72777433","-74.0108261","2","swamp white oak","Good"
"529867","40.72882086","-74.01073008","2","swamp white oak","Good"
"525203","40.75562262","-74.00589976","7","honeylocust","Good"
"522929","40.75005191","-73.97918045","3","magnolia","Good"
"522882","40.74923879","-73.97977196","5","magnolia","Good"
"525061","40.73318112","-74.01027191","10","shingle oak","Good"
"524894","40.73514753","-74.01010336","7","shingle oak","Good"
"531013","40.72761706","-73.97601755","3","honeylocust","Good"
"471941","40.72504795","-73.98849211","3","golden raintree","Good"
"525619","40.7509184","-74.00825312","8","honeylocust","Good"
"525453","40.73109015","-74.01047392","4","Schumard's oak","Good"
"502324","40.7582163","-73.96690225","11","black locust","Good"
"525756","40.75268027","-73.96546632","2","ginkgo","Fair"
"525201","40.7557425","-74.0058134","8","honeylocust","Good"
"508689","40.72385841","-73.97600877","2","honeylocust","Good"
"525456","40.7308462","-74.01049066","5","Schumard's oak","Good"
"525754","40.75287966","-73.96593917","11","honeylocust","Good"
"522415","40.7594044","-74.00323585","9","pin oak","Good"
"522541","40.75901016","-74.00353218","0",,
"502322","40.75827797","-73.96704921","11","black locust","Good"
"525625","40.75055489","-74.00836236","8","honeylocust","Good"
"502323","40.7582423","-73.9669642","11","black locust","Good"
"525358","40.75426419","-74.00696704","7","pin oak","Good"
"525361","40.75407923","-74.00706794","7","pin oak","Good"
"529567","40.74897187","-74.0078777","9","pin oak","Good"
"529569","40.7490544","-74.00791928","11","pin oak","Good"
"524880","40.73623454","-74.01001393","13","English oak","Good"
"525623","40.75067735","-74.00833777","4","willow oak","Good"
"522637","40.75751531","-74.00451744","8","pin oak","Good"
"522609","40.75789322","-74.00431919","10","pin oak","Good"
"522546","40.75864046","-74.00379866","9","pin oak","Good"
"524888","40.73572664","-74.01005543","0",,
"522543","40.75881953","-74.00366958","8","pin oak","Good"
"522636","40.75757571","-74.00447463","9","pin oak","Good"
"522547","40.75857981","-74.00384238","9","pin oak","Good"
"522544","40.75876032","-74.00371226","8","pin oak","Good"
"522639","40.75739209","-74.00460479","8","pin oak","Good"
"524859","40.73726019","-74.00993011","9","English oak","Good"
"522610","40.75784993","-74.00433437","9","pin oak","Good"
"522640","40.75733072","-74.00464829","8","pin oak","Good"
"525351","40.75410398","-74.00697942","7","pin oak","Good"
"529222","40.74170785","-74.00894054","8","Chinese elm","Good"
"529841","40.72733257","-74.01085007","6","Japanese zelkova","Fair"
"529223","40.74163215","-74.00895802","8","Chinese elm","Good"
"529566","40.74892522","-74.00785421","0",,
"508691","40.72401282","-73.97589643","4","Japanese zelkova","Good"
"524871","40.73666244","-74.00997896","5",,
"488392","40.75762632","-73.96520855","6","honeylocust","Good"
"520369","40.74916044","-73.97089728","15","honeylocust","Good"
"529772","40.72393435","-74.01140853","7","Japanese zelkova","Poor"
"523045","40.73612787","-73.97701963","6","Japanese zelkova","Good"
"529543","40.74898978","-74.00822986","6","Japanese zelkova","Good"
"529275","40.74298676","-74.00870035","9","Chinese elm","Good"
"531975","40.7548411","-73.99555221","3","Sophora","Good"
"522126","40.72331914","-73.98994805","11","Sophora","Good"
"525208","40.7552779","-74.00614808","9","honeylocust","Good"
"520792","40.72870309","-73.99523633","2","ginkgo","Fair"
"522413","40.75950936","-74.00316023","7","honeylocust","Good"
"525213","40.75466261","-74.00659129","7","honeylocust","Good"
"531984","40.75543139","-73.99700356","5","Sophora","Good"
"525048","40.73366809","-74.01022471","9","white oak","Good"
"525371","40.73192462","-74.01039143","9","white oak","Good"
"525373","40.73185677","-74.01039851","8","white oak","Good"
"525211","40.75477383","-74.00651118","15","honeylocust","Good"
"525374","40.73182229","-74.01040211","10","white oak","Good"
"531014","40.72757737","-73.97592354","3","honeylocust","Good"
"524905","40.73471529","-74.01013959","7","white oak","Good"
"525059","40.73325202","-74.01026504","10","white oak","Good"
"525064","40.73295283","-74.01029404","9","white oak","Good"
"531977","40.7549035","-73.99570562","3","Sophora","Good"
"525368","40.7321561","-74.01036728","11","white oak","Good"
"525350","40.75415632","-74.00694766","8","honeylocust","Good"
"525352","40.75404118","-74.00701753","10","honeylocust","Good"
"521711","40.73581252","-73.98957007","5","Sophora","Good"
"525053","40.7335044","-74.01024058","9","white oak","Good"
"525212","40.75471605","-74.0065528","8","honeylocust","Good"
"531015","40.72753795","-73.97583016","15","ginkgo","Good"
"525377","40.73172762","-74.01041199","6","white oak","Good"
"525382","40.73154977","-74.01043055","10","white oak","Good"
"524611","40.73845297","-74.01002818","11","sweetgum","Good"
"525369","40.73209098","-74.01037407","7","white oak","Good"
"525210","40.75501022","-74.0063409","8","honeylocust","Good"
"531983","40.75511165","-73.99621741","3","Sophora","Good"
"531979","40.75496978","-73.99586857","3","Sophora","Good"
"525378","40.73168986","-74.01041593","10","white oak","Good"
"525381","40.7315837","-74.01042701","8","white oak","Good"
"524906","40.73467913","-74.01014263","9","white oak","Good"
"525376","40.73175553","-74.01040908","7","white oak","Good"
"525383","40.73151529","-74.01043414","10","white oak","Good"
"524863","40.73709747","-74.00994341","13","white oak","Good"
"525370","40.73205815","-74.0103775","9","white oak","Good"
"525372","40.73189124","-74.01039492","6","white oak","Good"
"525055","40.73343816","-74.010247","8","white oak","Good"
"524876","40.73646246","-74.0099953","10","white oak","Good"
"524879","40.73627398","-74.0100107","10","white oak","Good"
"524893","40.73554529","-74.01007026","8","white oak","Good"
"522122","40.72320418","-73.98953812","8","green ash","Good"
"524895","40.73508179","-74.01010887","9","white oak","Good"
"522542","40.75887971","-74.00362621","7","pin oak","Good"
"525375","40.73178727","-74.01040577","9","white oak","Good"
"524889","40.73569815","-74.01005776","9","white oak","Good"
"522548","40.75846861","-74.00392253","12","pin oak","Good"
"533940","40.74899175","-74.00807038","2","Japanese zelkova","Good"
"522886","40.74933485","-73.97970205","7","magnolia","Good"
"524858","40.73732703","-74.00992464","7","shingle oak","Good"
"524865","40.73689858","-74.00995966","8","shingle oak","Good"
"524883","40.73589046","-74.01004205","9","shingle oak","Good"
"525465","40.73001924","-74.01055569","5","northern red oak","Good"
"533941","40.7489163","-74.00803937","3","Japanese zelkova","Good"
"522638","40.75745056","-74.00456334","8","pin oak","Fair"
"301003","40.7352993","-74.00698748","5","American hornbeam","Good"
"522545","40.75870063","-74.00375529","6",,
"522924","40.74993352","-73.97926663","7","hawthorn","Fair"
"525461","40.73031233","-74.01053101","4",,
"525629","40.74989565","-74.00834178","7","pin oak","Good"
"529463","40.74519171","-74.00826115","10","Chinese elm","Good"
"529842","40.7273945","-74.01084544","10","Japanese zelkova","Good"
"446491","40.73380908","-74.00610376","5","American hornbeam","Good"
"533939","40.74904997","-74.00809945","2","Japanese zelkova","Good"
"529274","40.74294024","-74.00867579","10","Chinese elm","Good"
"522402","40.75942653","-74.00314297","10","pin oak","Good"
"482025","40.74342659","-73.98064852","4","American hornbeam","Good"
"531020","40.72730886","-73.97528755","14","ginkgo","Good"
"525466","40.72991351","-74.01056459","2",,
"522641","40.75727998","-74.00468426","9","honeylocust","Good"
"531022","40.72719059","-73.97500742","12","ginkgo","Good"
"522920","40.74978008","-73.97937834","10","cherry","Good"
"531016","40.72749453","-73.97572731","2","ginkgo","Poor"
"525209","40.75521002","-74.00619698","8","pin oak","Good"
"533937","40.74917545","-74.0081782","2","Japanese zelkova","Good"
"533938","40.749121","-74.00814341","2","Japanese zelkova","Good"
"522925","40.74993712","-73.97926401","3","hawthorn","Good"
"533943","40.74872769","-74.00796626","2","Japanese zelkova","Good"
"533942","40.74881721","-74.00800089","2","Japanese zelkova","Good"
"521238","40.73583737","-73.99779172","4","Japanese zelkova","Good"
"522517","40.74824563","-73.98049524","10","cherry","Good"
"529845","40.72751564","-74.01084743","2","swamp white oak","Fair"
"525207","40.75534675","-74.00609848","9","pin oak","Good"
"529852","40.72785813","-74.01081868","2","swamp white oak","Good"
"522884","40.74928994","-73.97973473","8","cherry","Good"
"529865","40.72864786","-74.01074669","2","swamp white oak","Good"
"521236","40.73568984","-73.99790249","4","Japanese zelkova","Good"
"531017","40.72745137","-73.9756251","17","ginkgo","Good"
"531019","40.72735574","-73.9753986","18","London planetree","Good"
"531021","40.7272372","-73.97511783","16","London planetree","Good"
"525628","40.74993399","-74.00835095","8","honeylocust","Good"
"531023","40.72714663","-73.97490331","3","honeylocust","Good"
"525167","40.75584886","-74.00580151","6",,
"525156","40.75659411","-74.00526757","7","honeylocust","Good"
"525185","40.75461674","-74.00668426","8","honeylocust","Good"
"526009","40.74891935","-73.9703223","10","honeylocust","Good"
"531024","40.72707231","-73.97472728","21","Callery pear","Good"
"531018","40.72740955","-73.97552605","16","London planetree","Good"
"520998","40.73212071","-73.99223775","3","Norway maple","Good"
"531025","40.72701531","-73.97459226","22","Callery pear","Fair"
"525630","40.74985136","-74.00833118","9","pin oak","Good"
"525457","40.73072559","-74.01049894","4","Schumard's oak","Fair"
"525459","40.7304953","-74.0105156","4","Schumard's oak","Good"
"531027","40.72685041","-73.97420172","10","ginkgo","Good"
"525617","40.75104886","-74.0082073","7","willow oak","Good"
"525206","40.7554493","-74.00602461","8","honeylocust","Good"
"525753","40.75293849","-73.96607869","2","ginkgo","Good"
"522409","40.75980159","-74.0029497","11","pin oak","Good"
"524884","40.73585484","-74.01004496","5","white oak","Good"
"524910","40.73441288","-74.01016495","7","white oak","Good"
"524898","40.73493169","-74.01012145","6","white oak","Good"
"524902","40.73480623","-74.01013197","6","white oak","Good"
"525072","40.73263804","-74.01032455","10","white oak","Good"
"529565","40.7488345","-74.00781009","7","sweetgum","Good"
"525454","40.73096571","-74.01048246","6","Schumard's oak","Good"
"524897","40.73496565","-74.01011861","11","white oak","Good"
"524885","40.73582362","-74.01004751","6","white oak","Good"
"481912","40.74205626","-73.97801395","2","Kentucky coffeetree","Good"
"524915","40.73415102","-74.0101869","7","white oak","Good"
"481914","40.742171","-73.9779303","2","Kentucky coffeetree","Fair"
"525786","40.72668567","-74.00338664","18","London planetree","Fair"
"525787","40.72664621","-74.00343863","5","ginkgo","Good"
"524901","40.73483965","-74.01012917","7","white oak","Good"
"525784","40.72675579","-74.00339391","6","Callery pear","Good"
"521237","40.73576372","-73.99784701","14","Sophora","Good"
"524862","40.73713363","-74.00994045","11","white oak","Good"
"522121","40.72317836","-73.98944605","8","Sophora","Good"
"525458","40.73066693","-74.01050297","5","Schumard's oak","Good"
"472428","40.72319672","-73.97691056","9","honeylocust","Good"
"525789","40.72642235","-74.00352998","11","honeylocust","Good"
"525800","40.74470199","-73.97187326","13","honeylocust","Fair"
"560276","40.73170781","-74.00756634","10","ginkgo","Poor"
"525770","40.75236241","-73.9647009","12","honeylocust","Good"
"525349","40.75422211","-74.00690774","9","honeylocust","Good"
"529568","40.74901186","-74.00789784","10","pin oak","Good"
"525801","40.74473638","-73.97195342","10","honeylocust","Poor"
"525791","40.72632602","-74.00353341","9","ginkgo","Good"
"525367","40.73222396","-74.0103602","8","white oak","Good"
"525637","40.74948731","-74.00816827","10","pin oak","Good"
"525632","40.74968699","-74.00827367","10","pin oak","Good"
"525633","40.74964788","-74.00825364","8","pin oak","Good"
"522123","40.72323418","-73.98964509","10","Sophora","Good"
"525634","40.7496092","-74.00823307","8","pin oak","Good"
"525636","40.74953337","-74.00819276","10","pin oak","Good"
"525783","40.72681083","-74.00337144","6","Callery pear","Good"
"525631","40.74981145","-74.00831832","9","pin oak","Good"
"525148","40.73268952","-74.00888074","12","Sophora","Good"
"525144","40.73256258","-74.00968557","6","Sophora","Good"
"525146","40.73261641","-74.00934428","17","Sophora","Good"
"560228","40.73207614","-73.9865968","7","Callery pear","Good"
"560279","40.73166056","-74.00710432","17","Callery pear","Good"
"524917","40.73408582","-74.01019236","9","white oak","Good"
"555978","40.72858903","-73.97376316","8","littleleaf linden","Good"
"522923","40.7498478","-73.97932904","8","hawthorn","Good"
"555976","40.72850657","-73.9735683","6","American linden","Good"
"525790","40.72640033","-74.00353897","0",,
"525057","40.73337301","-74.01025331","11","Schumard's oak","Good"
"560227","40.73211017","-73.98667761","11","Callery pear","Good"
"472429","40.72316025","-73.97682411","12","littleleaf linden","Good"
"525060","40.73321561","-74.01026857","10","shingle oak","Good"
"525063","40.73298075","-74.01029133","9","shingle oak","Good"
"522926","40.74999115","-73.97922468","3","magnolia","Good"
"524877","40.73644383","-74.00999682","8","shingle oak","Good"
"524878","40.73636165","-74.01000354","6","shingle oak","Good"
"524866","40.73685585","-74.00996315","6","shingle oak","Good"
"524891","40.7356061","-74.01006528","11","shingle oak","Good"
"555977","40.72854153","-73.97365091","11","littleleaf linden","Good"
"523062","40.73764421","-73.97843409","5","Sophora","Poor"
"522928","40.75004782","-73.97918342","3","magnolia","Good"
"522885","40.74933124","-73.97970467","7","magnolia","Good"
"524857","40.73735936","-74.009922","6","shingle oak","Good"
"529844","40.72749315","-74.01084641","6","shingle oak","Good"
"522940","40.72911442","-73.97703286","2","swamp white oak","Good"
"529855","40.72797698","-74.01080815","2","swamp white oak","Good"
"529846","40.72758482","-74.01084289","2","swamp white oak","Good"
"529869","40.72894077","-74.01071857","2","swamp white oak","Good"
"555948","40.7278235","-73.97402483","4","honeylocust","Good"
"555947","40.7277828","-73.97392867","3","honeylocust","Good"
"555981","40.72887578","-73.97444073","5","honeylocust","Good"
"555939","40.72703001","-73.97215018","2","honeylocust","Good"
"555953","40.72804809","-73.97455545","5","honeylocust","Good"
"555979","40.72874235","-73.97412543","5","honeylocust","Good"
"555980","40.72882935","-73.974331","6","honeylocust","Good"
"555945","40.72731479","-73.97282298","4","honeylocust","Good"
"555946","40.72771447","-73.97376724","4","honeylocust","Good"
"555949","40.72785953","-73.97410995","4","honeylocust","Good"
"522128","40.72335749","-73.99008481","8","green ash","Good"
"555943","40.72719936","-73.97255026","4","honeylocust","Good"
"555942","40.72716533","-73.97246987","3","honeylocust","Good"
"524874","40.73656546","-74.00998688","6","shingle oak","Good"
"524881","40.73620331","-74.01001648","5","shingle oak","Good"
"555940","40.72707271","-73.97225107","3","honeylocust","Good"
"555975","40.7284612","-73.9734611","3","honeylocust","Good"
"555941","40.72712035","-73.97236362","2","honeylocust","Good"
"555950","40.7279057","-73.97421904","4","honeylocust","Good"
"555952","40.72799605","-73.97443249","6","honeylocust","Good"
"555936","40.72703932","-73.97262174","3","honeylocust","Good"
"531026","40.72696176","-73.97446545","3","honeylocust","Good"
"522826","40.74880614","-73.98008749","10","cherry","Good"
"560278","40.73168967","-74.00738897","10","ginkgo","Good"
"555966","40.72797675","-73.97202512","4","ginkgo","Good"
"555937","40.72709774","-73.97275985","3","honeylocust","Good"
"555938","40.72717844","-73.97295063","4","honeylocust","Good"
"555972","40.72826758","-73.97300361","4","American linden","Good"
"555971","40.72822315","-73.97289862","5","honeylocust","Good"
"555969","40.72811493","-73.97264292","5","ginkgo","Good"
"555968","40.72804608","-73.97248023","4","ginkgo","Good"
"560277","40.73169844","-74.00747479","0",,
"560280","40.73165142","-74.00701492","11","London planetree","Fair"
"529851","40.7277946","-74.01082431","2","swamp white oak","Good"
"529854","40.72795069","-74.01081048","3","swamp white oak","Good"
"524860","40.7372202","-74.00993338","8","swamp white oak","Good"
"560281","40.7316351","-74.00685543","15","London planetree","Good"
"555970","40.72818085","-73.97279867","5","ginkgo","Good"
"555967","40.72798443","-73.97233457","4","ginkgo","Good"
"531988","40.75576613","-73.99782665","8","honeylocust","Good"
"525785","40.72669969","-74.0034168","4","littleleaf linden","Poor"
"531987","40.75571021","-73.99768915","4","English oak","Good"
"525624","40.75063712","-74.00834968","6","swamp white oak","Good"
"555982","40.72653792","-73.97328807","3","London planetree","Good"
"555984","40.72635328","-73.97284551","18","London planetree","Fair"
"525635","40.74957306","-74.00821386","8","pin oak","Good"
"525147","40.7326728","-74.00898673","17","Sophora","Good"
"521235","40.73549178","-73.9980512","12","Sophora","Poor"
"523061","40.73758293","-73.97829311","8","Sophora","Poor"
"523063","40.73770141","-73.97856568","5","Sophora","Good"
"522226","40.74286138","-73.98441897","5","European hornbeam","Good"
"487632","40.75908372","-73.96895578","3","Amur maackia","Good"
"487633","40.75912663","-73.9690574","4","Amur maackia","Good"
"522060","40.7411268","-73.98568216","5","European hornbeam","Good"
"522062","40.74122524","-73.98561048","5","European hornbeam","Good"
"521813","40.73690265","-73.98875957","2","European hornbeam","Good"
"521905","40.73970173","-73.98672025","5","European hornbeam","Good"
"521867","40.73915829","-73.98711645","5","European hornbeam","Good"
"525384","40.7314551","-74.01044043","9","bur oak","Good"
"529862","40.72842174","-74.0107684","2","swamp white oak","Good"
"521871","40.73934631","-73.98697885","5","European hornbeam","Good"
"522021","40.74039498","-73.98621489","5","European hornbeam","Good"
"522058","40.74102667","-73.98575506","5","European hornbeam","Good"
"522229","40.74297327","-73.98433674","5","European hornbeam","Good"
"522232","40.74314338","-73.98421173","5","European hornbeam","Good"
"522233","40.74316015","-73.9841994","5","European hornbeam","Good"
"521906","40.73978334","-73.98666073","5","European hornbeam","Good"
"521708","40.7355293","-73.98977885","2","European hornbeam","Good"
"555954","40.72815044","-73.97479727","8","littleleaf linden","Fair"
"521869","40.73925518","-73.98704555","6","European hornbeam","Good"
"521870","40.73927197","-73.98703326","4","European hornbeam","Good"
"521751","40.73607045","-73.98937986","3","European hornbeam","Good"
"555973","40.72835992","-73.9732218","11","littleleaf linden","Fair"
"522227","40.74287576","-73.9844084","5","European hornbeam","Good"
"522231","40.74306431","-73.98426983","5","European hornbeam","Good"
"521710","40.73579624","-73.98958207","3","European hornbeam","Fair"
"521809","40.73670931","-73.98890242","5","European hornbeam","Good"
"521868","40.73917244","-73.9871061","5","European hornbeam","Good"
"522022","40.740419","-73.98619742","5","European hornbeam","Good"
"521754","40.73628692","-73.98921532","2","European hornbeam","Good"
"525066","40.73289644","-74.0102995","10","Schumard's oak","Good"
"522057","40.74100746","-73.98576904","5","European hornbeam","Good"
"522228","40.74295698","-73.98434871","5","European hornbeam","Good"
"522230","40.74304994","-73.9842804","5","European hornbeam","Good"
"555974","40.7284149","-73.9733517","12","littleleaf linden","Fair"
"472426","40.7232698","-73.97708377","9","hardy rubber tree","Good"
"555944","40.7272442","-73.9726562","4","honeylocust","Good"
"555951","40.72795735","-73.97434106","3","honeylocust","Good"
"543661","40.74054751","-73.97921502","20","Callery pear","Good"
"543663","40.74059501","-73.97932811","13","Callery pear","Good"
"543664","40.74060735","-73.9794284","14","Callery pear","Good"
"543678","40.74107624","-73.9805448","3","Callery pear","Good"
"543677","40.74104678","-73.98047467","9","littleleaf linden","Good"
"525065","40.73292984","-74.01029627","10","Schumard's oak","Good"
"529856","40.72801039","-74.01080519","6","Schumard's oak","Good"
"525614","40.75119153","-74.0081572","4","swamp white oak","Good"
"529933","40.72964775","-74.01063158","7","Schumard's oak","Good"
"543676","40.74097965","-73.98031482","9","Callery pear","Fair"
"543662","40.74057166","-73.97927251","18","Callery pear","Good"
"27568","40.72951378","-74.00082267","4","Japanese hornbeam","Poor"
"543671","40.74079297","-73.97987034","15","Callery pear","Good"
"543673","40.74084432","-73.97992169","16","Callery pear","Good"
"529860","40.72816649","-74.01079136","6","Schumard's oak","Good"
"543675","40.74087549","-73.98006684","15","Callery pear","Fair"
"543668","40.74071363","-73.97961053","7","honeylocust","Good"
"560229","40.73204369","-73.98651978","3","'Schubert' chokecherry","Good"
"543665","40.74063017","-73.97941183","11","Callery pear","Fair"
"525056","40.73340914","-74.01024981","11","Schumard's oak","Good"
"529922","40.72927895","-74.01067062","7","Schumard's oak","Good"
"543679","40.741111","-73.98062757","11","honeylocust","Good"
"543680","40.74115823","-73.98074003","11","honeylocust","Good"
"560267","40.72871905","-73.98169779","17","honeylocust","Good"
"543674","40.74087417","-73.97999277","18","Callery pear","Good"
"560268","40.72862254","-73.98176807","15","honeylocust","Good"
"543670","40.74078528","-73.97978111","16","London planetree","Good"
"543672","40.74081579","-73.97985377","16","London planetree","Good"
"543666","40.74066825","-73.97950249","9","honeylocust","Fair"
"522825","40.74875569","-73.98012416","2","hawthorn","Good"
"525622","40.75073675","-74.00831691","5","swamp white oak","Good"
"522827","40.74886764","-73.9800428","11","cherry","Good"
"543667","40.74068816","-73.97954987","5","honeylocust","Good"
"560230","40.73199822","-73.98641182","4","'Schubert' chokecherry","Good"
"522823","40.74870404","-73.98016169","3","hawthorn","Good"
"555983","40.72638931","-73.97293187","19","London planetree","Fair"
"522822","40.74870116","-73.98016378","3","hawthorn","Good"
"521866","40.73908275","-73.98717174","5","European hornbeam","Good"
"522059","40.74110927","-73.98569492","5","European hornbeam","Good"
"521755","40.73631306","-73.98919545","2","European hornbeam","Good"
"530223","40.75313404","-73.99792867","4","American elm","Good"
"560265","40.7289409","-73.98153624","4","black oak","Good"
"560266","40.72887176","-73.98158659","2","Sophora","Good"
"529857","40.72804764","-74.01080189","6","Schumard's oak","Good"
"529864","40.72859037","-74.01075221","5","Schumard's oak","Good"
"525062","40.73304316","-74.01028528","11","Schumard's oak","Good"
"543669","40.74076245","-73.97979769","10","Callery pear","Good"
"529927","40.72942833","-74.01065481","8","Schumard's oak","Good"
"508183","40.75751093","-73.9671467","2","Kentucky coffeetree","Good"
"525145","40.73259211","-74.00949832","6","Kentucky coffeetree","Good"
"525460","40.73042737","-74.01052132","4","Schumard's oak","Good"
"529932","40.72962149","-74.01063436","4","Schumard's oak","Good"
"522824","40.74875209","-73.98012677","3","hawthorn","Good"
"524892","40.73557871","-74.01006752","6","shingle oak","Good"
"524899","40.73490265","-74.01012389","7","shingle oak","Good"
"543659","40.7298704","-73.98717804","4","Callery pear","Good"
"543656","40.74427612","-73.97248568","3","honeylocust","Good"
"543655","40.74424949","-73.97242173","3","honeylocust","Good"
"543660","40.72983532","-73.98709552","4","Sophora","Fair"
"543657","40.74430274","-73.97254962","3","honeylocust","Good"
"543654","40.74421641","-73.97234228","3","honeylocust","Good"
"522930","40.75010425","-73.97914234","5","magnolia","Good"
"524870","40.73670408","-74.00997555","6","shingle oak","Good"
"524873","40.73659505","-74.00998447","7","shingle oak","Good"
"524875","40.73653094","-74.0099897","6","shingle oak","Fair"
"529853","40.72791454","-74.01081368","7","shingle oak","Good"
"529843","40.72745749","-74.01084479","5","shingle oak","Good"
"524864","40.73703008","-74.00994891","9","shingle oak","Good"
"524900","40.73486868","-74.01012674","8","shingle oak","Good"
"522817","40.74858224","-73.9802502","6","magnolia","Good"
"522932","40.75013211","-73.97912206","4","magnolia","Good"
"522881","40.74920517","-73.97979643","6","magnolia","Good"
"524887","40.73576444","-74.01005234","9","shingle oak","Good"
"529929","40.72953065","-74.01064398","2","swamp white oak","Good"
"524882","40.73592004","-74.01003963","9","shingle oak","Good"
"521814","40.73697754","-73.98870424","2","European hornbeam","Good"
"522061","40.74120603","-73.98562447","5","European hornbeam","Good"
"521810","40.73672774","-73.9888888","5","European hornbeam","Good"
"521872","40.73937029","-73.9869613","6","European hornbeam","Good"
"482030","40.74366833","-73.98122","2","Amur maackia","Good"
"482031","40.74371022","-73.98131903","2","Amur maackia","Good"
"521707","40.73550368","-73.98979773","2","European hornbeam","Good"
"529926","40.72939714","-74.01065811","5","Schumard's oak","Good"
"522310","40.74439449","-73.98330142","5","European hornbeam","Good"
"525464","40.73007895","-74.01055066","4","Schumard's oak","Good"
"521714","40.7358786","-73.98952136","3","European hornbeam","Good"
"474073","40.74171206","-73.98041024","2","Amur maackia","Good"
"522169","40.74235988","-73.98478262","4","European hornbeam","Good"
"522170","40.74244398","-73.98472158","5","European hornbeam","Good"
"521815","40.73699716","-73.98868974","4","European hornbeam","Good"
"525463","40.73018359","-74.01054185","4","Schumard's oak","Good"
"521752","40.73623678","-73.98925343","2","European hornbeam","Good"
"521756","40.73638458","-73.98914109","2","European hornbeam","Good"
"521811","40.73680813","-73.9888294","4","European hornbeam","Good"
"521709","40.73555324","-73.9897612","2","European hornbeam","Good"
"521713","40.73585106","-73.98954166","3","European hornbeam","Fair"
"521757","40.73642973","-73.98910677","2","European hornbeam","Good"
"522308","40.7442202","-73.98342844","4","European hornbeam","Good"
"522099","40.74162817","-73.98531546","5","European hornbeam","Good"
"522311","40.74441009","-73.98329005","5","European hornbeam","Good"
"521904","40.73968253","-73.98673426","5","European hornbeam","Good"
"520999","40.73215507","-73.99231996","3","European hornbeam","Good"
"522171","40.74245744","-73.98471181","5","European hornbeam","Good"
"522172","40.74253601","-73.98465478","5","European hornbeam","Good"
"522106","40.74193271","-73.9850947","6","European hornbeam","Good"
"522103","40.74181926","-73.98517694","5","European hornbeam","Good"
"522104","40.74183897","-73.98516265","5","European hornbeam","Good"
"543658","40.72991459","-73.98728198","2","Sophora","Good"
"522820","40.74864398","-73.98020533","5","magnolia","Good"
"520791","40.72864076","-73.99528903","6","shingle oak","Good"
"525058","40.7333418","-74.01025634","9","shingle oak","Good"
"524872","40.73664272","-74.00998057","1","shingle oak","Good"
"524890","40.73563514","-74.01006291","10","shingle oak","Good"
"522818","40.74858513","-73.9802481","4","magnolia","Good"
"524912","40.73431537","-74.01017312","9","shingle oak","Good"
"529924","40.72933203","-74.010665","5","shingle oak","Good"
"521753","40.73626173","-73.98923447","3","European hornbeam","Good"
"525379","40.73164882","-74.01042021","9","bur oak","Good"
"525380","40.73161817","-74.01042341","9","bur oak","Good"
"521812","40.73687992","-73.98877637","2","European hornbeam","Good"
"521712","40.73582521","-73.98956072","2","European hornbeam","Good"
"522027","40.74069207","-73.98599878","5","European hornbeam","Good"
"522063","40.74130256","-73.9855542","5","European hornbeam","Good"
"522166","40.74224766","-73.98486407","4","European hornbeam","Good"
"522307","40.74420099","-73.98344243","5","European hornbeam","Good"
"522168","40.74234618","-73.98479256","5","European hornbeam","Good"
"522100","40.74164019","-73.98530674","5","European hornbeam","Good"
"524911","40.7343444","-74.01017069","9","shingle oak","Good"
"524868","40.73677038","-74.00997014","4","shingle oak","Good"
"521002","40.73251051","-73.99317029","2","Amur maackia","Good"
"522102","40.74174042","-73.98523409","5","European hornbeam","Good"
"522105","40.74191829","-73.98510516","5","European hornbeam","Good"
"525455","40.73090705","-74.01048649","5","Schumard's oak","Good"
"529925","40.72936103","-74.01066193","6","shingle oak","Good"
"522880","40.74920157","-73.97979905","6","magnolia","Good"
"524886","40.73579074","-74.0100502","8","shingle oak","Good"
"524903","40.7347772","-74.01013441","9","shingle oak","Good"
"522024","40.74051987","-73.98612405","6","European hornbeam","Good"
"522026","40.74061041","-73.98605818","5","European hornbeam","Good"
"529928","40.72949728","-74.01064751","6","Schumard's oak","Good"
"522821","40.74864639","-73.98020359","5","magnolia","Good"
"472422","40.72347173","-73.97756239","8","hardy rubber tree","Good"
"522173","40.74255235","-73.98464292","5","European hornbeam","Good"
"522023","40.74049105","-73.98614501","5","European hornbeam","Good"
"13100","40.73286219","-74.00193175","4","pagoda dogwood","Poor"
"525462","40.73025316","-74.01053599","4","Schumard's oak","Good"
"524907","40.73450766","-74.010157","7","shingle oak","Good"
"524909","40.73444466","-74.01016228","9","shingle oak","Good"
"529923","40.72930522","-74.01066784","2","swamp white oak","Good"
"529930","40.72955692","-74.0106412","2","swamp white oak","Good"
"529863","40.72848251","-74.01076257","5","Schumard's oak","Good"
"529931","40.72959139","-74.01063755","8","Schumard's oak","Good"
"409021","40.75210857","-73.96797326","13","black walnut","Good"
"472431","40.72308382","-73.97664295","6","Siberian elm","Good"
"525067","40.73286852","-74.01030221","8","shingle oak","Fair"
"524914","40.73418389","-74.01018414","9","shingle oak","Good"
"524916","40.73412308","-74.01018924","7","shingle oak","Good"
"524908","40.73447479","-74.01015976","9","shingle oak","Good"
"524904","40.73474213","-74.01013734","7","shingle oak","Good"
"524913","40.73421292","-74.01018171","9","shingle oak","Good"
"522888","40.74937015","-73.97967635","7","magnolia","Good"
"560226","40.73238964","-73.98734114","7","golden raintree","Good"
"525068","40.73279735","-74.01030911","9","shingle oak","Good"
"525071","40.73266924","-74.01032152","8","shingle oak","Good"
"522167","40.74226689","-73.98485012","5","European hornbeam","Good"
"522025","40.74059288","-73.98607094","4","European hornbeam","Good"
"521758","40.73645349","-73.98908871","3","European hornbeam","Good"
"522064","40.74131937","-73.98554196","5","European hornbeam","Good"
"522028","40.74070648","-73.9859883","4","European hornbeam","Good"
"522101","40.74172359","-73.98524629","6","European hornbeam","Good"
"521907","40.73980326","-73.9866462","5","European hornbeam","Good"
"522309","40.74431623","-73.98335846","6","European hornbeam","Good"
"525070","40.73269935","-74.01031861","8","bur oak","Good"
"525069","40.73273056","-74.01031558","12","bur oak","Good"
"521908","40.73999527","-73.98650615","5","European hornbeam","Good"
"63414","40.7350106","-73.98792918","5",,
"525782","40.72683823","-74.00332438","12","Siberian elm","Good"
"27543","40.72874782","-74.00251216","6",,
"525788","40.72646023","-74.00347863","13","Siberian elm","Good"
"221098","40.74429253","-73.9769367","8","pitch pine","Good"
"27804","40.7368529","-73.98595668","3","mimosa","Good"
"27803","40.7368824","-73.98602677","11","mimosa","Good"
"27802","40.73690207","-73.9860735","5","mimosa","Good"
"246728","40.72561403","-74.00924548","10","pagoda dogwood","Poor"
"365845","40.75508195","-73.96916379","3","Japanese hornbeam","Good"
"13295","40.73299262","-74.00033234","0",,
"13093","40.73164841","-74.00446006","2","pagoda dogwood","Fair"
"254955","40.73808304","-74.00365683","5","Japanese hornbeam","Fair"
"366043","40.75528155","-73.96934673","25","Japanese hornbeam","Good"
"472430","40.72312082","-73.97673066","6","Siberian elm","Good"
"27902","40.73439715","-73.98583889","0",,
"13453","40.7339099","-74.00100955","13","Callery pear","Fair"
"13411","40.73454375","-74.00519308","9","Callery pear","Fair"
"12847","40.73074852","-74.00555542","15","honeylocust","Fair"
"13554","40.73355622","-74.00212025","3","honeylocust","Good"
"13454","40.73391921","-74.0009443","13","Callery pear","Good"
"14979","40.74604456","-73.99617687","14","American elm","Good"
"14980","40.74620135","-73.99654868","21","American elm","Good"
"12853","40.73081943","-74.00615583","16","honeylocust","Fair"
"12855","40.73084259","-74.00635193","12","ginkgo","Good"
"13455","40.73392893","-74.00087621","7","Callery pear","Good"
"14977","40.7459309","-73.99590733","15","Japanese zelkova","Good"
"12850","40.73078549","-74.00586846","11","ginkgo","Good"
"13552","40.73362302","-74.00192394","3","honeylocust","Good"
"34132","40.734405","-73.99488555","0",,
"13459","40.73398826","-74.00046057","8","Callery pear","Good"
"13557","40.7334569","-74.00241206","2",,
"13095","40.73172471","-74.00421534","6","hedge maple","Good"
"13556","40.73348874","-74.00231852","16","pin oak","Fair"
"12851","40.73079678","-74.00596401","15","ginkgo","Good"
"13460","40.73400345","-74.00035418","3",,
"12848","40.73076166","-74.00566666","11","London planetree","Good"
"13456","40.73394878","-74.00073719","9","Callery pear","Good"
"13558","40.73342193","-74.00251483","10","pin oak","Good"
"12844","40.73080256","-74.00512429","10","ginkgo","Good"
"13466","40.7340647","-73.99992506","7","London planetree","Good"
"12987","40.73088054","-74.00302203","7","Callery pear","Good"
"13462","40.73402238","-74.00022154","6","Japanese zelkova","Good"
"12889","40.73331523","-74.00443218","11","silver linden","Good"
"12775","40.73011138","-74.00333209","6","Japanese zelkova","Good"
"12985","40.73078872","-74.00331258","6","Callery pear","Fair"
"13202","40.73357452","-74.00183555","10","mulberry","Fair"
"12918","40.73209377","-74.00152887","2",,
"13464","40.73404151","-74.00008749","10","London planetree","Good"
"13128","40.73522417","-74.00200236","2","pin oak","Fair"
"13200","40.73348884","-74.00208201","10","pin oak","Poor"
"25287","40.73831458","-73.994884","16","London planetree","Good"
"14975","40.74580765","-73.99561506","4","Callery pear","Fair"
"12892","40.73325577","-74.00482132","8","ginkgo","Good"
"13266","40.72952232","-74.00370505","10","American linden","Good"
"12894","40.73321425","-74.005093","9","honeylocust","Fair"
"12776","40.72999557","-74.00369862","11","Japanese zelkova","Good"
"12899","40.73315056","-74.00550973","10","ginkgo","Good"
"28417","40.73563136","-73.992539","15","Japanese zelkova","Good"
"28418","40.73571268","-73.9927314","17","Japanese zelkova","Good"
"27545","40.72866667","-74.00251408","6","Callery pear","Fair"
"14981","40.746249","-73.99666167","15","American elm","Good"
"13409","40.73458488","-74.0049235","0",,
"13410","40.73456426","-74.00505864","3","honeylocust","Good"
"13423","40.73267512","-74.0011421","11","ginkgo","Good"
"13447","40.73362392","-74.00242919","0",,
"27536","40.72912026","-74.00230145","15","American elm","Good"
"14974","40.74558457","-73.99508608","8","littleleaf linden","Fair"
"28415","40.73550071","-73.9922299","18","Japanese zelkova","Good"
"13183","40.73489985","-74.00337979","9","Japanese zelkova","Good"
"27540","40.7288594","-74.00245943","13","American elm","Good"
"13251","40.73561303","-74.00251609","14","London planetree","Good"
"12916","40.73219224","-74.00161765","4","ginkgo","Good"
"13067","40.7318506","-74.00494843","17","American elm","Good"
"13421","40.73253439","-74.0008561","11","ginkgo","Good"
"13068","40.7318718","-74.00488108","9","American elm","Fair"
"12986","40.7308359","-74.0031633","5","Callery pear","Fair"
"13428","40.73292364","-74.00164713","8","ginkgo","Good"
"13073","40.73218945","-74.00387186","19","American elm","Good"
"28340","40.73628564","-73.99204155","13","Callery pear","Good"
"12884","40.73134588","-74.0048825","15","Sophora","Fair"
"30619","40.72997378","-73.99627075","0",,
"30209","40.73667065","-73.99500954","17","Callery pear","Good"
"13430","40.73308763","-74.00198038","11","ginkgo","Good"
"27093","40.72947822","-73.99830854","6","Callery pear","Good"
"12898","40.73316473","-74.00541704","9","honeylocust","Fair"
"12900","40.73314127","-74.00557057","4","ginkgo","Good"
"28419","40.73578201","-73.99289542","18","Japanese zelkova","Good"
"13094","40.73168765","-74.00433419","10","littleleaf linden","Good"
"17928","40.72695798","-74.0041298","8","ginkgo","Good"
"13203","40.73359973","-74.00176302","7","American linden","Good"
"27661","40.73020392","-73.99956965","12","Callery pear","Good"
"12849","40.73077589","-74.00578717","19","Sophora","Good"
"12824","40.734272","-74.00458002","6","littleleaf linden","Fair"
"27799","40.7370153","-73.9863425","11","littleleaf linden","Good"
"13072","40.73199248","-74.00449767","19","American elm","Good"
"13302","40.7332883","-74.0051692","14","Sophora","Good"
"30207","40.73675248","-73.99520323","3","Japanese zelkova","Good"
"12907","40.73196859","-74.00249236","18","Sophora","Good"
"12911","40.73217057","-74.00192344","4","ginkgo","Good"
"28345","40.73647509","-73.99249347","8","Callery pear","Good"
"12883","40.73143691","-74.00493484","10","littleleaf linden","Fair"
"12983","40.73065753","-74.00372776","9","littleleaf linden","Good"
"12919","40.7320476","-74.00148724","4","ginkgo","Good"
"34134","40.73426475","-73.99498759","14","ginkgo","Good"
"27564","40.73008784","-74.00033781","15","honeylocust","Fair"
"27567","40.72956505","-74.00077938","13","honeylocust","Fair"
"17900","40.72633359","-74.00737379","8","littleleaf linden","Fair"
"17922","40.72701737","-74.00474179","3","honeylocust","Fair"
"30212","40.73653845","-73.99469661","14","Callery pear","Good"
"12934","40.73109135","-74.00446266","10","Callery pear","Good"
"27629","40.72894204","-74.00063007","7","honeylocust","Fair"
"27693","40.73005017","-73.99821021","4","honeylocust","Good"
"25216","40.73899893","-73.99549428","16","Callery pear","Good"
"28490","40.73689871","-73.99283647","4","red maple","Good"
"13105","40.73304535","-74.00341729","14","honeylocust","Good"
"34292","40.72490617","-73.99331451","11","Callery pear","Fair"
"12896","40.73318927","-74.00525644","14","Sophora","Good"
"27690","40.72982244","-73.99841356","9","honeylocust","Good"
"27692","40.73000385","-73.99825157","4","honeylocust","Good"
"13199","40.72950842","-74.00321098","9","ginkgo","Good"
"13301","40.73330678","-74.00505116","8","ginkgo","Fair"
"13046","40.73370582","-74.00453455","6","ginkgo","Fair"
"13048","40.73359323","-74.00450201","2","ginkgo","Good"
"34063","40.73246433","-73.99628014","17","London planetree","Fair"
"13585","40.73541245","-74.00386523","9","silver linden","Good"
"12732","40.73261712","-74.00323773","6","honeylocust","Good"
"12951","40.7307628","-74.00665582","11","ginkgo","Good"
"12917","40.73214493","-74.001575","4","ginkgo","Good"
"13283","40.73427248","-74.00469572","10","ginkgo","Good"
"13285","40.73443556","-74.00474227","12","ginkgo","Good"
"28344","40.73641547","-73.99235126","9","Callery pear","Good"
"27659","40.73029298","-73.99975133","11","Callery pear","Fair"
"12955","40.73046477","-74.00670966","11","Sophora","Good"
"13129","40.73412453","-74.00237911","2","Japanese zelkova","Good"
"17901","40.7263935","-74.0073639","5","American linden","Fair"
"13198","40.72955566","-74.00306175","14","honeylocust","Good"
"12830","40.73200604","-74.0035147","2","honeylocust","Good"
"12920","40.7319901","-74.0014354","7","ginkgo","Good"
"27628","40.72897259","-74.00069175","5","honeylocust","Fair"
"12777","40.73123829","-74.00294855","3","Sophora","Good"
"27691","40.72988102","-73.99836125","4","honeylocust","Fair"
"17899","40.7262764","-74.00738324","2","American linden","Good"
"13249","40.7356613","-74.00218656","10","ginkgo","Good"
"13049","40.7335112","-74.0044783","7","ginkgo","Fair"
"13142","40.73260171","-74.00507704","17","Sophora","Fair"
"34213","40.72498111","-73.99317839","6","Callery pear","Fair"
"17851","40.72535239","-74.00754016","4","American linden","Good"
"13148","40.73289254","-74.00414655","16","honeylocust","Fair"
"17921","40.72703244","-74.00489712","11","Sophora","Fair"
"12857","40.730873","-74.00660935","13","honeylocust","Fair"
"13102","40.73292852","-74.00378641","13","London planetree","Fair"
"12959","40.73241671","-74.00169344","9","Callery pear","Good"
"12960","40.73234629","-74.00163065","9","Callery pear","Good"
"27214","40.72844229","-73.99756909","6","Callery pear","Good"
"13021","40.7327365","-74.00558365","3","Chinese elm","Fair"
"27268","40.72977727","-73.99953293","4","Japanese zelkova","Fair"
"27694","40.73013009","-73.99813884","4","honeylocust","Good"
"28287","40.73696923","-73.99194484","3","honeylocust","Good"
"13197","40.72957211","-74.00300978","4","honeylocust","Fair"
"13297","40.73335526","-74.00474156","10","honeylocust","Good"
"13104","40.73301899","-74.00350057","12","honeylocust","Good"
"17880","40.725577","-74.00543797","4","northern red oak","Fair"
"12845","40.73074765","-74.00529982","13","honeylocust","Fair"
"13587","40.73543574","-74.00371386","16","London planetree","Good"
"17869","40.72575613","-74.00613342","3","northern red oak","Good"
"30180","40.73755779","-73.99533619","2","Japanese zelkova","Good"
"13255","40.73554598","-74.00297388","10","ginkgo","Good"
"13298","40.73334242","-74.00482356","10","honeylocust","Good"
"13028","40.73301548","-74.00377935","12","honeylocust","Good"
"34135","40.73416701","-73.9950587","16","pin oak","Good"
"17871","40.72578123","-74.00640562","3","northern red oak","Good"
"31708","40.73939508","-73.99769684","3","Japanese zelkova","Fair"
"27717","40.72689019","-73.99949553","17","honeylocust","Good"
"12854","40.7308319","-74.00626136","14","ginkgo","Good"
"14976","40.74588298","-73.9957937","10","honeylocust","Good"
"34087","40.73047391","-74.0044615","5","honeylocust","Good"
"12995","40.73134722","-74.00477144","12","ginkgo","Good"
"36744","40.75967003","-73.97782883","6","Callery pear","Fair"
"27209","40.72800913","-73.99793707","12","Callery pear","Fair"
"30431","40.73509525","-73.99772451","0",,
"13027","40.73306472","-74.0036226","2","honeylocust","Good"
"27213","40.728354","-73.99764409","3",,
"12843","40.73085935","-74.00494276","11","American linden","Good"
"27208","40.72793214","-73.99800248","2","Callery pear","Good"
"12815","40.73028868","-74.00415577","5","honeylocust","Good"
"27542","40.72879638","-74.00248921","4","honeylocust","Fair"
"12700","40.73063448","-74.00356602","5","ginkgo","Good"
"13457","40.7339671","-74.00060881","8","Callery pear","Fair"
"34133","40.73432143","-73.99494635","14","Chinese elm","Good"
"30416","40.73410431","-73.99536398","10","Callery pear","Fair"
"25168","40.73877781","-73.99414942","11","Callery pear","Good"
"34172","40.72547923","-73.99334333","3","red maple","Fair"
"27716","40.72692059","-73.99955733","11","honeylocust","Good"
"27734","40.74139498","-73.99700849","11","ginkgo","Fair"
"27660","40.73025774","-73.99967945","11","Callery pear","Fair"
"34066","40.73268696","-73.99611972","8","Callery pear","Good"
"34167","40.73406942","-73.99870641","16","Callery pear","Fair"
"30424","40.73465257","-73.99666997","11","Callery pear","Good"
"27348","40.72755757","-73.99924838","4","Callery pear","Good"
"12852","40.73080806","-74.00605956","14","London planetree","Good"
"34299","40.73029056","-74.00105257","3","Japanese zelkova","Good"
"30388","40.73340742","-73.9995748","6","Japanese zelkova","Fair"
"27266","40.72993269","-73.99940104","4","Japanese zelkova","Good"
"13629","40.73452846","-74.00070189","14","Japanese zelkova","Good"
"13467","40.73407492","-73.99985343","21","London planetree","Good"
"31709","40.73942357","-73.99776437","15","Japanese zelkova","Good"
"17894","40.72596866","-74.00743406","10","Callery pear","Poor"
"12846","40.73073513","-74.00544204","13","London planetree","Fair"
"13463","40.73403291","-74.00014778","4","London planetree","Fair"
"13458","40.73397773","-74.00053433","8","Callery pear","Fair"
"17882","40.72555114","-74.00514917","4","northern red oak","Fair"
"12890","40.73329534","-74.00456236","7","silver linden","Fair"
"17883","40.72552394","-74.00484532","3",,
"13416","40.73442597","-74.00596504","12","honeylocust","Good"
"13465","40.73404911","-74.00003429","8","London planetree","Fair"
"13415","40.73443676","-74.00589428","11","honeylocust","Good"
"13390","40.73179924","-74.00503363","5","American linden","Good"
"30370","40.73133501","-73.99435965","0",,
"13391","40.73182648","-74.00504894","14","American linden","Good"
"27544","40.728739","-74.0024799","16","London planetree","Fair"
"13096","40.73440718","-74.00157921","15","London planetree","Good"
"13204","40.73152863","-74.00581831","5","hedge maple","Fair"
"13425","40.73275503","-74.00130448","11","ginkgo","Good"
"13201","40.73352318","-74.00198323","15","pin oak","Fair"
"27539","40.72888622","-74.00241033","18","London planetree","Fair"
"27541","40.7288139","-74.00244451","15","London planetree","Fair"
"13446","40.73360897","-74.00253417","0",,
"28420","40.73585","-73.99305628","18","Japanese zelkova","Good"
"27547","40.72852358","-74.00258171","22","London planetree","Fair"
"17881","40.72556352","-74.00528748","4","American linden","Fair"
"12886","40.7312478","-74.00482611","11","littleleaf linden","Fair"
"12816","40.73093719","-74.00454322","18","honeylocust","Fair"
"13420","40.73249697","-74.00078006","12","ginkgo","Good"
"13182","40.73491477","-74.003277","8","Amur maple","Fair"
"13092","40.73156992","-74.00471179","14","littleleaf linden","Good"
"13387","40.73161501","-74.00493008","11","American linden","Good"
"13414","40.73444756","-74.00582353","9","honeylocust","Fair"
"28421","40.73591132","-73.99320137","4","northern red oak","Good"
"28341","40.73632009","-73.99212372","10","Callery pear","Good"
"34291","40.72497147","-73.9932868","11","Callery pear","Fair"
"13422","40.7325721","-74.00093275","13","ginkgo","Good"
"13429","40.73300579","-74.00181406","14","ginkgo","Good"
"28422","40.73595452","-73.99330357","4","pin oak","Good"
"17924","40.727","-74.00456285","4","cherry","Fair"
"13426","40.73281839","-74.00143324","9","ginkgo","Good"
"12901","40.7331257","-74.00567245","12","ginkgo","Good"
"12885","40.73129961","-74.0048559","10","littleleaf linden","Poor"
"13265","40.72944536","-74.00366361","9","American linden","Good"
"17920","40.72704091","-74.00498444","6","honeylocust","Fair"
"13461","40.73401388","-74.00028112","4","honeylocust","Fair"
"12893","40.73322441","-74.00502649","9","ginkgo","Good"
"12895","40.73320063","-74.00518215","7","honeylocust","Fair"
"13205","40.731538","-74.00592875","18","cherry","Fair"
"13427","40.73285879","-74.00151534","20","tree of heaven","Good"
"27624","40.72910198","-74.00095299","7","littleleaf linden","Fair"
"34124","40.73092722","-73.9890506","18","London planetree","Good"
"12731","40.73270793","-74.00318652","8","honeylocust","Good"
"12733","40.73254775","-74.00327685","4","honeylocust","Good"
"13009","40.73482331","-74.00333196","11","ginkgo","Good"
"13448","40.73363888","-74.00232421","21","pin oak","Fair"
"27715","40.72696037","-73.99957508","21","honeylocust","Fair"
"13254","40.73555605","-74.00290514","12","Sophora","Good"
"17866","40.72578999","-74.00403747","6","honeylocust","Fair"
"12887","40.73114872","-74.00476914","11","American linden","Fair"
"17859","40.72687603","-74.00728896","3","American linden","Poor"
"13025","40.7331548","-74.00333578","11","honeylocust","Good"
"34084","40.73494505","-73.99426379","7","ginkgo","Good"
"28342","40.73635188","-73.99219956","8","Callery pear","Good"
"34290","40.72503913","-73.99325809","11","Callery pear","Fair"
"13412","40.73447811","-74.00562329","6","littleleaf linden","Good"
"13039","40.73412821","-74.00133635","13","Callery pear","Good"
"34293","40.72484035","-73.99334244","9","Callery pear","Poor"
"13281","40.73412978","-74.00465498","2","ginkgo","Good"
"30211","40.7365699","-73.99477106","14","Callery pear","Poor"
"12778","40.73135419","-74.00301705","4","Sophora","Good"
"34173","40.72550669","-73.9934446","15","Sophora","Good"
"27662","40.73016423","-73.99948867","12","Callery pear","Good"
"17902","40.72644252","-74.00735581","10","American linden","Fair"
"27658","40.73035794","-73.99988387","10","Callery pear","Good"
"34294","40.72477505","-73.99337015","11","Callery pear","Fair"
"13038","40.73397903","-74.00129402","6","Callery pear","Good"
"12905","40.73175256","-74.00310083","9","Sophora","Good"
"12829","40.73194587","-74.00347945","4","honeylocust","Fair"
"28416","40.73554604","-73.99233714","19","Japanese zelkova","Good"
"13586","40.7354254","-74.00378106","12","American elm","Fair"
"13304","40.73323296","-74.00552261","6","Callery pear","Fair"
"27732","40.74147806","-73.99720541","9","ginkgo","Good"
"34131","40.73458848","-73.99475207","9","American elm","Good"
"17884","40.72551368","-74.00473067","3","London planetree","Poor"
"27689","40.72976432","-73.99846546","9","honeylocust","Fair"
"13300","40.73332039","-74.00496421","5","ginkgo","Good"
"13163","40.73024323","-74.00655147","11",,
"12825","40.73437538","-74.00460704","20","willow oak","Good"
"34152","40.73302009","-73.99621684","5","northern red oak","Fair"
"30179","40.73752444","-73.99525653","4","Japanese zelkova","Good"
"30181","40.7375914","-73.99541649","2","Japanese zelkova","Good"
"13582","40.73536522","-74.00417222","13","London planetree","Good"
"27565","40.72989433","-74.00050125","11","honeylocust","Fair"
"27566","40.7296491","-74.00070838","8","honeylocust","Fair"
"13047","40.73364792","-74.00451781","8","ginkgo","Good"
"13140","40.7325291","-74.00530933","11","honeylocust","Fair"
"25286","40.738464","-73.99523967","17","honeylocust","Good"
"34071","40.73405479","-73.99297992","7","ginkgo","Good"
"12915","40.73292645","-74.00226947","4","silver linden","Good"
"13282","40.73420435","-74.00467627","14","ginkgo","Good"
"30208","40.73669917","-73.99507705","17","Callery pear","Good"
"35294","40.74181905","-73.99954542","5",,
"34064","40.73253268","-73.99623089","8","pin oak","Fair"
"12826","40.73449948","-74.00463947","13","honeylocust","Good"
"13069","40.73190769","-74.00476706","15","honeylocust","Fair"
"12699","40.73060586","-74.00365666","8","ginkgo","Good"
"34168","40.73411278","-73.99880931","17","Callery pear","Fair"
"12912","40.73220168","-74.00183582","5","ginkgo","Good"
"13284","40.73436797","-74.00472298","5","ginkgo","Good"
"13286","40.73450315","-74.00476157","10","ginkgo","Good"
"13303","40.73326683","-74.00530632","10","honeylocust","Good"
"17860","40.72700681","-74.00726809","3",,
"27269","40.72960362","-73.99968028","4","Japanese zelkova","Fair"
"17879","40.72720311","-74.00668402","3","Sophora","Good"
"34174","40.72553157","-73.99353636","11","Sophora","Poor"
"12953","40.73058496","-74.00668794","11","Sophora","Good"
"34211","40.72486243","-73.99322594","15","Sophora","Good"
"17858","40.72676268","-74.00730705","6","honeylocust","Fair"
"13045","40.73381734","-74.00456678","4","honeylocust","Fair"
"13070","40.73194085","-74.0046617","7","ginkgo","Good"
"17849","40.72567612","-74.00748319","3","Japanese zelkova","Good"
"27733","40.74144158","-73.99711894","8","ginkgo","Poor"
"13389","40.73174877","-74.00500526","10","American elm","Good"
"13581","40.73533856","-74.00434552","9","Callery pear","Good"
"30182","40.73762528","-73.99549742","4","Japanese zelkova","Good"
"25285","40.73852345","-73.99538119","9","honeylocust","Good"
"34151","40.73298789","-73.99614047","8","Callery pear","Good"
"12841","40.73277624","-74.00238017","6","Callery pear","Poor"
"27718","40.72682313","-73.99935918","17","honeylocust","Good"
"12814","40.73022364","-74.00411805","9","honeylocust","Good"
"13248","40.73568257","-74.00204128","14","Callery pear","Good"
"13144","40.73272167","-74.00469323","11","ginkgo","Fair"
"28343","40.7363858","-73.99228047","11","Callery pear","Good"
"12952","40.73067143","-74.00667232","9","silver linden","Good"
"13250","40.73563846","-74.00234246","4","mulberry","Good"
"13299","40.73333179","-74.00489141","10","Callery pear","Fair"
"13306","40.73317851","-74.00587037","8","Callery pear","Poor"
"27217","40.72881089","-73.99725594","4","Callery pear","Fair"
"36623","40.74250171","-73.98611988","5",,
"30425","40.7347218","-73.99683488","18","London planetree","Good"
"13305","40.73322068","-74.00560107","4","silver linden","Good"
"13307","40.73316821","-74.00593611","8","Callery pear","Poor"
"27211","40.72816082","-73.99780821","15","Callery pear","Fair"
"30184","40.73777641","-73.99585845","8","Callery pear","Good"
"31711","40.73947177","-73.99787861","11","London planetree","Poor"
"13178","40.73019149","-74.00530428","14","green ash","Fair"
"12770","40.73135335","-74.00336384","14","honeylocust","Good"
"34072","40.73423373","-73.99341141","10","ginkgo","Good"
"13071","40.73195848","-74.00460569","4","American linden","Fair"
"13147","40.73282453","-74.00436415","14","honeylocust","Fair"
"12756","40.73426092","-74.00313927","8","ginkgo","Good"
"12984","40.73068848","-74.00362979","8","littleleaf linden","Fair"
"13252","40.73558843","-74.00268404","4","littleleaf linden","Good"
"27267","40.72984921","-73.99947188","4","Japanese zelkova","Fair"
"31703","40.73912322","-73.99705246","14","London planetree","Fair"
"27686","40.72819191","-73.99910857","8","Sophora","Good"
"13580","40.73531657","-74.00448841","13","Sophora","Good"
"17897","40.72615657","-74.00740303","7","littleleaf linden","Fair"
"31707","40.73935727","-73.99760722","5","Callery pear","Poor"
"27270","40.72955704","-73.99971981","4","Japanese zelkova","Fair"
"13630","40.73451918","-74.00076274","16","Japanese zelkova","Fair"
"13145","40.73276423","-74.00455706","20","ginkgo","Fair"
"12759","40.7341806","-74.00367122","11","ginkgo","Good"
"28450","40.73611518","-73.99340502","9","ginkgo","Good"
"27131","40.72945854","-73.99804588","7","honeylocust","Good"
"13165","40.73022637","-74.00635572","8","ginkgo","Good"
"27271","40.72950931","-73.99976031","4","Japanese zelkova","Fair"
"31702","40.73905319","-73.99688647","13","Japanese zelkova","Fair"
"34161","40.73381055","-73.99809222","17","honeylocust","Good"
"34163","40.73389276","-73.99828727","3","American linden","Good"
"13146","40.73279762","-74.00445026","14","Sophora","Fair"
"34297","40.73027555","-74.00116313","3","Sophora","Fair"
"27092","40.72937628","-73.99810302","9","honeylocust","Fair"
"30175","40.73721979","-73.99452879","10","honeylocust","Good"
"12757","40.73423142","-74.00333464","7","ginkgo","Good"
"12758","40.73420978","-74.00347798","9","ginkgo","Good"
"28451","40.73619455","-73.99334765","6","ginkgo","Good"
"12819","40.73169975","-74.00538696","7","honeylocust","Fair"
"31705","40.7392694","-73.99739895","5","Japanese zelkova","Good"
"31712","40.73965549","-73.99831409","11","Japanese zelkova","Good"
"12735","40.73245415","-74.00309844","11","ginkgo","Good"
"34296","40.7246434","-73.99342601","3","cherry","Good"
"27272","40.72943551","-73.99982293","4","Japanese zelkova","Fair"
"30554","40.73470796","-73.99839868","15","London planetree","Good"
"27819","40.73725831","-73.99054184","5","Japanese zelkova","Good"
"30167","40.73680768","-73.99354436","6","honeylocust","Good"
"25189","40.73911102","-73.99338995","3",,
"13187","40.73484338","-74.00376897","8","Chinese elm","Fair"
"34065","40.73261331","-73.99617279","8","ginkgo","Good"
"28300","40.73624229","-73.99102457","7","honeylocust","Good"
"25327","40.73748492","-73.99265612","7","honeylocust","Fair"
"17923","40.72700855","-74.00465089","10","Sophora","Fair"
"13188","40.73483356","-74.00383667","7","northern red oak","Fair"
"13578","40.73529184","-74.00464915","7","ginkgo","Fair"
"31699","40.73889342","-73.9965078","2","Japanese zelkova","Good"
"31713","40.73971567","-73.99845672","9","Japanese zelkova","Good"
"27602","40.73081239","-73.99972437","4","honeylocust","Good"
"27604","40.73060495","-73.99990003","3","honeylocust","Good"
"13130","40.73392925","-74.00249092","2","honeylocust","Good"
"20039","40.7571631","-73.96700011","9","honeylocust","Fair"
"34157","40.73361899","-73.99763773","14","ginkgo","Good"
"13584","40.73540461","-74.00391616","11","ginkgo","Good"
"27809","40.73670339","-73.98560149","7","ginkgo","Good"
"13168","40.73020599","-74.0061191","5","ginkgo","Good"
"13577","40.73528227","-74.0047114","6","American linden","Fair"
"30171","40.7370234","-73.99405965","4","American linden","Good"
"27800","40.73698393","-73.98626798","18","American linden","Good"
"27817","40.7374643","-73.99102709","5","Japanese zelkova","Good"
"13628","40.73454983","-74.00056179","6","Japanese zelkova","Good"
"17872","40.72580138","-74.0066241","5","northern red oak","Good"
"13208","40.73156369","-74.0062314","3","Sophora","Fair"
"13293","40.73306228","-74.00047422","13","Sophora","Good"
"13079","40.73462589","-74.00313078","4","American linden","Fair"
"27805","40.73683124","-73.98590521","8","American linden","Fair"
"13167","40.73021285","-74.00619869","12","ginkgo","Good"
"20038","40.75728947","-73.9669098","11","honeylocust","Good"
"34210","40.72479365","-73.9932535","11","Sophora","Poor"
"34185","40.73104395","-73.98968799","2",,
"13210","40.73157526","-74.00636767","10","Sophora","Fair"
"13291","40.73315679","-74.00066673","16","Sophora","Good"
"13162","40.73024965","-74.00662604","2","ginkgo","Good"
"12753","40.73248693","-74.00187735","3","ginkgo","Good"
"34156","40.73356445","-73.99750833","12","ginkgo","Good"
"25328","40.73752578","-73.9926265","5","honeylocust","Good"
"27130","40.72948921","-73.99810832","10","honeylocust","Good"
"30174","40.73719279","-73.9944643","10","honeylocust","Good"
"28487","40.73682482","-73.99289046","5","honeylocust","Good"
"27601","40.73090585","-73.99964524","3","ginkgo","Good"
"34289","40.72524443","-73.99317098","18","Sophora","Good"
"34091","40.72548939","-73.99301821","12","Sophora","Good"
"30389","40.73334959","-73.99961776","4","Sophora","Good"
"13589","40.73546371","-74.00353207","13","honeylocust","Good"
"13175","40.73015344","-74.0055089","14","ginkgo","Good"
"34300","40.73023199","-74.00093521","9","honeylocust","Good"
"13075","40.73134783","-74.00557884","12","American linden","Fair"
"30173","40.73715971","-73.99438527","10","honeylocust","Good"
"30420","40.73431306","-73.99586123","13","Sophora","Good"
"30210","40.73663733","-73.99493068","12","ginkgo","Good"
"13164","40.73023434","-74.00644822","2","ginkgo","Good"
"13174","40.73016548","-74.00564872","18","ginkgo","Good"
"34301","40.73019013","-74.00085135","3","honeylocust","Fair"
"34288","40.72532279","-73.99313772","16","Sophora","Poor"
"30176","40.73725367","-73.99460972","11","honeylocust","Good"
"34067","40.73277313","-73.99605763","2","ginkgo","Good"
"34150","40.73295783","-73.99606914","8","honeylocust","Good"
"28301","40.73617029","-73.9910771","5","honeylocust","Good"
"13579","40.73530338","-74.00457418","9","ginkgo","Good"
"31706","40.73932265","-73.99752517","13","Japanese zelkova","Good"
"13190","40.73480779","-74.00401424","8","Japanese zelkova","Good"
"34160","40.7337717","-73.99800006","12","littleleaf linden","Good"
"34208","40.72860287","-74.00172721","14","London planetree","Poor"
"17870","40.72577264","-74.0063125","3","northern red oak","Good"
"30428","40.73485919","-73.99716217","4","northern red oak","Good"
"30421","40.73440616","-73.996083","4","Japanese zelkova","Good"
"25330","40.73761278","-73.9925634","5","honeylocust","Poor"
"34159","40.73373605","-73.99791547","20","ginkgo","Good"
"30470","40.73156298","-74.0005524","4","Sophora","Poor"
"13103","40.73296584","-74.00366848","15","Sophora","Fair"
"13184","40.73488206","-74.00350243","16","London planetree","Good"
"13029","40.73103944","-74.0029521","4","littleleaf linden","Good"
"13322","40.73509999","-74.00316123","8","littleleaf linden","Good"
"31799","40.7385843","-73.99749351","13","littleleaf linden","Fair"
"12739","40.73264374","-74.00255657","5","ginkgo","Good"
"27807","40.73674804","-73.98570757","10","ginkgo","Good"
"30466","40.73128995","-73.99999818","17","Sophora","Good"
"34089","40.72557024","-73.99331892","16","Sophora","Good"
"13207","40.73155773","-74.00616112","11","Sophora","Good"
"30166","40.73676744","-73.99344826","6","honeylocust","Good"
"25167","40.73873704","-73.99405288","0",,
"31700","40.73893602","-73.99660878","4","Japanese zelkova","Good"
"27808","40.73672412","-73.98565074","9","London planetree","Good"
"28488","40.73685121","-73.99287118","7","honeylocust","Good"
"34155","40.73335878","-73.99702039","15","ginkgo","Good"
"34162","40.73386376","-73.99821847","14","ginkgo","Good"
"12736","40.7324967","-74.00297682","11","ginkgo","Good"
"27094","40.72956007","-73.99847356","9","honeylocust","Fair"
"12954","40.73051861","-74.00669993","7","honeylocust","Good"
"34153","40.73306372","-73.99632036","10","ginkgo","Good"
"34093","40.72542501","-73.99277873","12","Sophora","Good"
"26251","40.73716001","-73.98635924","13","London planetree","Good"
"27451","40.72800536","-73.99781084","15","London planetree","Good"
"34270","40.72981801","-74.00146479","13","honeylocust","Fair"
"13171","40.73018531","-74.00587889","18","ginkgo","Good"
"25329","40.73757288","-73.99259234","6","honeylocust","Good"
"13590","40.73547486","-74.00345957","12","honeylocust","Good"
"30177","40.73729655","-73.99471215","10","honeylocust","Good"
"12956","40.73037667","-74.00672558","16","honeylocust","Good"
"13081","40.73440828","-74.00306745","13","American linden","Good"
"13185","40.73486766","-74.00360167","26","willow oak","Good"
"27347","40.72757815","-73.99927173","10","ginkgo","Fair"
"13078","40.73473201","-74.00316166","12","littleleaf linden","Good"
"30178","40.73732169","-73.99477221","12","honeylocust","Good"
"17896","40.72609666","-74.00741292","6","littleleaf linden","Fair"
"17898","40.72621649","-74.00739313","4","littleleaf linden","Fair"
"13018","40.73295412","-74.00570754","10","littleleaf linden","Poor"
"27818","40.73729175","-73.99062062","3","honeylocust","Good"
"34164","40.73392522","-73.99836428","13","honeylocust","Good"
"12772","40.73127639","-74.00360781","12","honeylocust","Good"
"20040","40.75707387","-73.96706388","11","honeylocust","Fair"
"12838","40.73256352","-74.00298868","11","honeylocust","Good"
"27403","40.72983798","-73.99882667","7","ginkgo","Good"
"30405","40.72868032","-73.99468661","11","ginkgo","Good"
"27806","40.73677316","-73.98576724","11","ginkgo","Good"
"27563","40.7280041","-73.99869853","9","American linden","Fair"
"13632","40.73448023","-74.00101818","19","ginkgo","Good"
"27402","40.72980813","-73.9987661","6","ginkgo","Good"
"12839","40.73266736","-74.00269164","5","littleleaf linden","Fair"
"13080","40.73453799","-74.0031052","10","littleleaf linden","Good"
"34214","40.72508508","-73.99313674","12","ginkgo","Good"
"13172","40.73017907","-74.00580647","2","ginkgo","Good"
"30429","40.73494645","-73.99737005","11","honeylocust","Good"
"12961","40.73210414","-74.00141476","6","ginkgo","Good"
"13633","40.73444484","-74.00125027","8","ginkgo","Good"
"13269","40.73186964","-74.00397898","10","Sophora","Good"
"13413","40.73446451","-74.00571244","17","American elm","Good"
"13014","40.73004039","-74.00313204","12","Callery pear","Good"
"30183","40.73775047","-73.99579649","7","Callery pear","Good"
"13296","40.73337606","-74.00460868","7","Callery pear","Fair"
"27212","40.72830167","-73.99768855","4","Callery pear","Fair"
"13141","40.73256561","-74.00519251","6","green ash","Fair"
"27216","40.72871684","-73.99733584","10","Callery pear","Fair"
"30422","40.73445762","-73.99620558","11","pin oak","Good"
"13023","40.7326282","-74.005522","9","green ash","Fair"
"13189","40.73482373","-74.00390437","17","London planetree","Good"
"13166","40.73021945","-74.00627541","14","ginkgo","Good"
"34207","40.72833187","-74.00195772","4","honeylocust","Good"
"34267","40.72998386","-74.00121467","13","Callery pear","Fair"
"27207","40.72784362","-73.99807768","6","Callery pear","Fair"
"31980","40.73803658","-73.98903394","7","Callery pear","Fair"
"27801","40.73695244","-73.98619316","8","London planetree","Good"
"27868","40.73751874","-73.98571568","2","London planetree","Good"
"12821","40.73164033","-74.00556939","6","hedge maple","Good"
"13274","40.73169165","-74.00454521","19","American elm","Good"
"13277","40.73482497","-74.00474493","7","Callery pear","Good"
"30555","40.7346803","-73.99833302","13","London planetree","Good"
"30556","40.7344726","-73.99783995","3","London planetree","Poor"
"34101","40.73140319","-73.9889728","6","Callery pear","Good"
"26249","40.73731896","-73.98624352","11","Callery pear","Good"
"30503","40.72724922","-73.99629944","13","Callery pear","Poor"
"34181","40.73086491","-73.98926152","15","Callery pear","Good"
"34238","40.72928148","-74.00115161","9","Callery pear","Good"
"30417","40.73415736","-73.99549035","4","pin oak","Poor"
"13191","40.73478974","-74.00413865","19","willow oak","Good"
"13193","40.73476587","-74.00430311","10","Callery pear","Fair"
"31802","40.73831357","-73.99684913","8","Callery pear","Fair"
"26805","40.74078299","-73.99736059","4","Callery pear","Good"
"34171","40.72546569","-73.99329337","6","Callery pear","Fair"
"34239","40.72932342","-74.00111594","8","Callery pear","Good"
"13290","40.73324491","-74.0008462","6","Callery pear","Good"
"27452","40.728051","-73.99777206","14","London planetree","Good"
"26803","40.7408372","-73.9974886","6","Callery pear","Good"
"31850","40.7385487","-73.99611237","10","Callery pear","Good"
"30560","40.73429495","-73.99741823","11","Callery pear","Good"
"12964","40.73263561","-74.00348479","18","Callery pear","Good"
"31848","40.7382711","-73.99631441","6","Callery pear","Good"
"34222","40.73453672","-73.99456451","6","Callery pear","Fair"
"13275","40.73164972","-74.00467859","13","English oak","Good"
"30562","40.73419655","-73.99718465","17","London planetree","Good"
"30561","40.73424202","-73.9972926","11","London planetree","Poor"
"13270","40.73183673","-74.00408369","18","American elm","Good"
"30563","40.73413511","-73.99703881","14","London planetree","Good"
"17929","40.72694777","-74.00402458","8","London planetree","Fair"
"17931","40.72692187","-74.00375759","13","London planetree","Fair"
"27876","40.73790475","-73.98663375","21","willow oak","Good"
"12856","40.73085506","-74.00645746","15","honeylocust","Good"
"30522","40.73173007","-73.99682082","10","Callery pear","Good"
"25292","40.73785809","-73.99379738","14","Callery pear","Good"
"13271","40.73181409","-74.00415572","14","American hophornbeam","Good"
"13273","40.73174386","-74.00437914","17","American elm","Good"
"27454","40.72815519","-73.99768353","16","London planetree","Good"
"30426","40.73478254","-73.99697957","4","northern red oak","Good"
"31698","40.73885534","-73.99641755","20","Japanese zelkova","Good"
"34266","40.73002218","-74.00117842","13","honeylocust","Fair"
"13177","40.73014814","-74.0053536","9","ginkgo","Good"
"27346","40.72765635","-73.99916479","16","crab apple","Good"
"13278","40.73490427","-74.00476461","9","honeylocust","Fair"
"30395","40.73332662","-73.9990798","9","pin oak","Good"
"30519","40.73207101","-73.99656812","8","Callery pear","Poor"
"30496","40.72795062","-73.99570669","10","Callery pear","Good"
"34331","40.73721898","-73.98682514","5","Callery pear","Good"
"13173","40.73017265","-74.0057319","14","ginkgo","Good"
"27873","40.7377721","-73.98631825","25","willow oak","Good"
"27872","40.73772045","-73.9861954","22","willow oak","Good"
"13169","40.73019932","-74.00604166","16","ginkgo","Good"
"30403","40.72857641","-73.99447675","8","ginkgo","Good"
"34020","40.73302518","-73.99440267","11","ginkgo","Good"
"34022","40.73316258","-73.99472912","20","honeylocust","Good"
"12913","40.73160868","-74.00407636","1",,
"30379","40.7314741","-74.00062275","2",,
"30458","40.73173712","-73.99497049","3","Japanese zelkova","Fair"
"35378","40.73286612","-73.97536461","12","honeylocust","Good"
"31803","40.73828305","-73.99677648","7","Callery pear","Good"
"26804","40.7408105","-73.99742554","5","Callery pear","Poor"
"26806","40.74075495","-73.99729438","4","Callery pear","Good"
"31792","40.73905805","-73.99862119","10","littleleaf linden","Good"
"34333","40.73730089","-73.98702001","6","Callery pear","Good"
"30272","40.72914434","-73.99562902","18","Callery pear","Good"
"13192","40.7347777","-74.00422159","10","honeylocust","Good"
"12771","40.73131382","-74.00348916","8","ginkgo","Good"
"34206","40.72826504","-74.00201456","4","honeylocust","Good"
"34095","40.72534197","-73.99246986","6","ginkgo","Good"
"13176","40.73014881","-74.00545512","17","ginkgo","Good"
"27227","40.72903308","-74.00105929","11","Callery pear","Fair"
"13588","40.73544793","-74.00363464","6","cherry","Fair"
"31801","40.73839506","-73.99704308","13","Callery pear","Good"
"30500","40.72753874","-73.99605477","4","Callery pear","Good"
"31961","40.74080799","-73.98922413","9","ginkgo","Good"
"31962","40.74071926","-73.98924809","9","ginkgo","Good"
"30321","40.73129902","-73.99512605","11","ginkgo","Good"
"12836","40.73249154","-74.00319457","10","honeylocust","Fair"
"30558","40.73437207","-73.99760131","4","Japanese zelkova","Good"
"12842","40.73280535","-74.00229689","6","Japanese zelkova","Fair"
"30368","40.73195106","-73.99456538","9","Callery pear","Good"
"26955","40.7393697","-73.9973898","19","Callery pear","Good"
"30415","40.73407168","-73.99528627","12","ginkgo","Good"
"13074","40.73320782","-74.00408906","1","purple-leaf plum","Good"
"34170","40.72542874","-73.99315709","12","ginkgo","Good"
"12837","40.73252845","-74.003089","12","honeylocust","Fair"
"31701","40.73897463","-73.99670029","16","Japanese zelkova","Good"
"12817","40.73176392","-74.00518993","14","Chinese elm","Fair"
"35379","40.7328263","-73.97527151","12","honeylocust","Good"
"34241","40.72955524","-74.00091875","4","ginkgo","Fair"
"34243","40.7299532","-74.00058023","11","honeylocust","Fair"
"12734","40.73241274","-74.00321678","7","Japanese zelkova","Good"
"27228","40.72899112","-74.00097294","8","Callery pear","Good"
"27700","40.74082092","-73.99717578","6","Japanese zelkova","Good"
"13321","40.73516957","-74.00318035","11","littleleaf linden","Good"
"13022","40.7326826","-74.00555297","8","green ash","Poor"
"35380","40.73262402","-73.97479845","11","honeylocust","Good"
"34240","40.72944186","-74.00101518","11","honeylocust","Fair"
"34098","40.73152597","-73.98926576","4","American linden","Good"
"17895","40.72602857","-74.00742417","6","littleleaf linden","Fair"
"30635","40.73360782","-73.99604353","7","cherry","Good"
"12957","40.73256982","-74.00182994","3","Chinese elm","Good"
"13026","40.73309949","-74.00351188","4","horse chestnut","Fair"
"34269","40.72984096","-74.00138903","10","honeylocust","Fair"
"34169","40.73415615","-73.9989122","5","honeylocust","Good"
"30404","40.72862073","-73.99456626","11","ginkgo","Good"
"25170","40.73923563","-73.99523344","6","honeylocust","Good"
"34094","40.7253652","-73.99255626","2","crab apple","Good"
"27501","40.72755344","-74.00033544","11","Chinese elm","Good"
"30459","40.73179528","-73.9951088","4","Japanese zelkova","Good"
"30637","40.73374595","-73.9963711","0",,
"30465","40.73124311","-73.99990308","12",,
"35381","40.73258353","-73.97470378","11","honeylocust","Good"
"13287","40.73355524","-74.0014783","9","honeylocust","Good"
"31798","40.73861376","-73.99756364","16","littleleaf linden","Good"
"31849","40.73831961","-73.9962791","11","Callery pear","Good"
"12761","40.73408804","-74.00428422","16","Callery pear","Good"
"34220","40.73438654","-73.99467424","15","ginkgo","Good"
"13289","40.73334671","-74.00105357","12","honeylocust","Good"
"26959","40.73959644","-73.99793091","5","Japanese zelkova","Good"
"27502","40.72760702","-74.00029022","2","Chinese elm","Fair"
"13076","40.73141748","-74.00561802","10","littleleaf linden","Fair"
"13211","40.73313991","-74.00416981","8","littleleaf linden","Good"
"19934","40.7580518","-73.96897859","6","honeylocust","Fair"
"13035","40.73144115","-74.00512083","12","American linden","Fair"
"30521","40.73178649","-73.996779","2","littleleaf linden","Good"
"26248","40.73740541","-73.98618059","12","ginkgo","Good"
"19930","40.7578086","-73.96915205","6","honeylocust","Fair"
"19932","40.75792972","-73.96906567","6","honeylocust","Fair"
"34058","40.73149854","-73.99019485","6","Japanese zelkova","Good"
"25166","40.73843778","-73.99334431","2","ginkgo","Good"
"34242","40.72963704","-74.00084916","8","honeylocust","Fair"
"30462","40.73210919","-73.99585532","6","Japanese zelkova","Good"
"34336","40.73741638","-73.98729479","3",,
"31957","40.74105803","-73.98915661","9","ginkgo","Good"
"34261","40.73009966","-74.00080164","14","honeylocust","Fair"
"17927","40.72696507","-74.00420281","4","littleleaf linden","Good"
"30286","40.73162603","-73.99504798","4","Japanese zelkova","Good"
"26949","40.73904256","-73.99660911","14","Japanese zelkova","Good"
"27505","40.72789806","-74.00004465","7","Chinese elm","Fair"
"30320","40.73139008","-73.99504803","7","ginkgo","Poor"
"27625","40.72906574","-74.00087982","0",,
"13017","40.73301658","-74.00574311","7","ginkgo","Good"
"26956","40.73940387","-73.99747134","15","Japanese zelkova","Good"
"17891","40.72572847","-74.00705349","12","Chinese elm","Fair"
"34221","40.73445323","-73.99462551","8","Callery pear","Good"
"25290","40.73803936","-73.99422887","8","Callery pear","Good"
"26807","40.74043502","-73.99653896","11","Callery pear","Good"
"34102","40.73137048","-73.98889474","8","Callery pear","Good"
"27504","40.72784586","-74.0000887","9","Chinese elm","Good"
"34019","40.73297654","-73.99428712","12","ginkgo","Good"
"31958","40.74103115","-73.98916387","9","ginkgo","Good"
"34219","40.73415382","-73.99484428","14","ginkgo","Good"
"13288","40.73344867","-74.00126123","16","honeylocust","Good"
"34099","40.73147166","-73.98913619","13","Callery pear","Good"
"34100","40.73143643","-73.98905212","7","Callery pear","Good"
"34125","40.73023822","-74.00424101","4","honeylocust","Good"
"30502","40.72730117","-73.99625554","6","Callery pear","Good"
"31813","40.73841127","-73.99737702","7","silver linden","Good"
"30170","40.73699031","-73.99398062","6","littleleaf linden","Good"
"30427","40.73481596","-73.99705918","8","littleleaf linden","Good"
"13337","40.73285148","-74.0002511","11","mulberry","Good"
"13339","40.73268138","-74.00037312","5","mulberry","Good"
"25169","40.73916874","-73.99507506","6","honeylocust","Good"
"34057","40.73139039","-73.99022354","10","Japanese zelkova","Good"
"26252","40.73719058","-73.98651361","4","cherry","Fair"
"13382","40.73499735","-74.00269687","5","purple-leaf plum","Good"
"27571","40.72927224","-74.00102668","9","honeylocust","Fair"
"30402","40.7285327","-73.99438845","11","ginkgo","Good"
"34021","40.73306956","-73.99450812","11","ginkgo","Good"
"13033","40.73139831","-74.00525528","5","American linden","Fair"
"36782","40.75898713","-73.97698741","11","honeylocust","Good"
"34097","40.73155643","-73.98933845","4","American linden","Good"
"34062","40.73240223","-73.99632489","2","littleleaf linden","Good"
"19931","40.75786988","-73.96910834","5","honeylocust","Fair"
"34117","40.73494599","-73.99449021","11","ginkgo","Good"
"34118","40.73485574","-73.99455676","9","ginkgo","Good"
"34218","40.73409697","-73.99488582","6","ginkgo","Good"
"26246","40.73775876","-73.98654902","3","pin oak","Good"
"30319","40.73146275","-73.99498578","10","ginkgo","Good"
"31797","40.73863897","-73.99762365","9","littleleaf linden","Good"
"31956","40.74108761","-73.98914862","7","ginkgo","Good"
"31963","40.74069075","-73.98927404","9","ginkgo","Good"
"27869","40.73754942","-73.98578864","32","willow oak","Good"
"13333","40.73121378","-74.00658983","4","cherry","Fair"
"30566","40.73400772","-73.99673641","18","London planetree","Good"
"26255","40.73751458","-73.98627873","2","ginkgo","Good"
"27874","40.73782123","-73.9864351","15","willow oak","Good"
"30523","40.73166073","-73.99687222","11","pin oak","Fair"
"34126","40.73017945","-74.00420695","4","ginkgo","Good"
"19935","40.75811212","-73.96893557","6","honeylocust","Fair"
"32017","40.738759","-73.98901362","6","honeylocust","Good"
"34268","40.72988807","-74.00130529","8","littleleaf linden","Fair"
"34083","40.73486121","-73.99432543","8","ginkgo","Good"
"13292","40.73310217","-74.00055546","10","American linden","Good"
"35437","40.73010091","-73.97476916","14","honeylocust","Good"
"30369","40.7320424","-73.99448662","9","ginkgo","Good"
"35414","40.73250553","-73.97453346","17","honeylocust","Good"
"27569","40.72944682","-74.00087924","10","honeylocust","Poor"
"26954","40.73931857","-73.99726779","10","London planetree","Poor"
"36781","40.75909617","-73.97690959","18","honeylocust","Good"
"36783","40.75878786","-73.97712961","17","honeylocust","Good"
"34332","40.73725748","-73.98691673","16","willow oak","Good"
"26960","40.7396216","-73.99799096","8","pin oak","Good"
"30518","40.73212935","-73.99652488","7","pin oak","Good"
"27457","40.72836727","-73.99750335","15","London planetree","Good"
"34033","40.72964021","-73.99050223","4","London planetree","Fair"
"30435","40.72965127","-73.99666454","16","pin oak","Good"
"26957","40.73945631","-73.9975965","6","London planetree","Poor"
"26948","40.73896892","-73.99643338","10","London planetree","Good"
"34335","40.73739248","-73.98723794","14","willow oak","Good"
"34265","40.73368352","-73.99518774","10","pin oak","Good"
"30401","40.73296538","-73.99821348","6","pin oak","Good"
"26950","40.73914189","-73.99684616","5","pin oak","Good"
"27455","40.72819507","-73.99764965","15","London planetree","Good"
"13032","40.73137138","-74.00533982","21","American elm","Good"
"30398","40.73311948","-73.99858304","9","pin oak","Good"
"27453","40.72809733","-73.99773269","16","London planetree","Good"
"30399","40.73308175","-73.99849255","2","pin oak","Good"
"34337","40.73745195","-73.98737943","10","willow oak","Good"
"34034","40.72960636","-73.99029258","8","pin oak","Good"
"26819","40.73964446","-73.99531107","3","London planetree","Poor"
"30396","40.73329548","-73.99900513","7","pin oak","Good"
"27546","40.72859384","-74.00254851","7","Callery pear","Good"
"25293","40.73783553","-73.99374369","4","Callery pear","Fair"
"34096","40.73159179","-73.98942283","8","Callery pear","Good"
"30520","40.73201506","-73.99660959","10","Callery pear","Fair"
"30495","40.7280439","-73.99562786","4","Callery pear","Fair"
"30505","40.72708437","-73.99643875","6","Callery pear","Good"
"34184","40.73100602","-73.98959764","18","Callery pear","Good"
"30501","40.72739929","-73.99617262","15","Callery pear","Good"
"26757","40.7402247","-73.99757742","5","Callery pear","Good"
"13388","40.73169324","-74.00497405","10","American linden","Good"
"30284","40.73182799","-73.99552994","5","Japanese zelkova","Good"
"26951","40.73919434","-73.99697132","13","Japanese zelkova","Good"
"30285","40.73167569","-73.99516649","5","Japanese zelkova","Good"
"34127","40.73007547","-74.00414669","0",,
"17890","40.72573688","-74.007143","12","Chinese elm","Fair"
"26755","40.7401586","-73.99742095","5","Callery pear","Good"
"30397","40.73317384","-73.9987134","2",,
"30282","40.73193368","-73.99578213","9","Japanese zelkova","Good"
"26947","40.73890005","-73.99626903","17","Japanese zelkova","Good"
"12840","40.73269234","-74.00262016","7","Japanese zelkova","Fair"
"27275","40.72928355","-73.99995189","3",,
"27277","40.72918785","-74.00003309","4","Japanese zelkova","Fair"
"13355","40.73566113","-74.00270256","0",,
"27500","40.72747582","-74.00040092","9","Chinese elm","Good"
"30499","40.72758999","-73.99601146","3",,
"27274","40.72932459","-73.99991705","4",,
"17925","40.7269807","-74.00436386","8","Chinese elm","Fair"
"30437","40.72980329","-73.99697444","0",,
"25288","40.73825619","-73.99474501","14","London planetree","Fair"
"12962","40.73199988","-74.0013218","6","purple-leaf plum","Fair"
"12958","40.7324944","-74.0017627","6","quaking aspen","Fair"
"30172","40.73705648","-73.99413868","5","littleleaf linden","Good"
"34166","40.733992","-73.99852272","5","littleleaf linden","Fair"
"13294","40.73302209","-74.00039236","8","littleleaf linden","Good"
"30524","40.73158805","-73.99692609","2","littleleaf linden","Good"
"31810","40.73830589","-73.99712376","8","littleleaf linden","Good"
"13143","40.73267911","-74.0048294","16","Sophora","Fair"
"27864","40.73741158","-73.98546083","4","Callery pear","Good"
"27867","40.73749258","-73.98565347","4","Callery pear","Good"
"17926","40.72697229","-74.00427725","7","Sophora","Fair"
"19933","40.75799148","-73.96902161","5","honeylocust","Fair"
"30641","40.73388116","-73.99669173","10","Sophora","Good"
"30642","40.73390485","-73.9967479","10","Sophora","Good"
"12762","40.73407735","-74.004355","19","Sophora","Good"
"34088","40.72577051","-73.99406389","14","Sophora","Good"
"30639","40.7338085","-73.99651942","14","silver linden","Good"
"34074","40.72909392","-73.99038498","16","London planetree","Fair"
"27456","40.7282368","-73.9976142","16","London planetree","Good"
"30464","40.73116373","-73.99974196","9","honeylocust","Poor"
"35275","40.74168069","-74.00866651","10","Callery pear","Good"
"26758","40.74025269","-73.99764367","5","Callery pear","Good"
"27458","40.72840761","-73.99746907","12","London planetree","Good"
"35415","40.73242203","-73.97451196","10","honeylocust","Good"
"35417","40.73175376","-73.97433985","13","honeylocust","Good"
"26962","40.73975192","-73.99830197","5","Callery pear","Good"
"27230","40.72890247","-74.00079049","7","Callery pear","Good"
"35271","40.742009","-74.00842843","10","Callery pear","Good"
"27866","40.73746337","-73.98558399","3","Callery pear","Good"
"27870","40.73759164","-73.98588906","3","crab apple","Fair"
"25289","40.73811394","-73.99440639","2","American linden","Good"
"25296","40.73768956","-73.99339623","7","American linden","Fair"
"25291","40.73799955","-73.99413411","4","honeylocust","Good"
"30381","40.73135468","-74.00037794","9","honeylocust","Fair"
"17930","40.72693958","-74.00394012","6","ginkgo","Good"
"30498","40.72767773","-73.99593731","6","Callery pear","Poor"
"30647","40.7340672","-73.99713291","5","Callery pear","Good"
"13384","40.73502558","-74.00250632","4","Callery pear","Good"
"26754","40.74013381","-73.99736227","4","Callery pear","Good"
"35424","40.7311531","-73.97418515","14","honeylocust","Good"
"30467","40.73135291","-74.00012598","9","honeylocust","Fair"
"27404","40.72986812","-73.99888784","6","ginkgo","Fair"
"13031","40.73133978","-74.00543899","11","American linden","Fair"
"35416","40.7318044","-73.97435289","9","honeylocust","Good"
"30468","40.73137977","-74.00018049","6","honeylocust","Fair"
"26742","40.73954633","-73.9959717","10","honeylocust","Good"
"26749","40.73995069","-73.99692882","8","honeylocust","Good"
"31959","40.7409892","-73.98917519","9","ginkgo","Good"
"31960","40.74096393","-73.98918202","7","ginkgo","Good"
"34082","40.73477832","-73.99438637","9","ginkgo","Good"
"34085","40.73501692","-73.99421095","8","ginkgo","Good"
"35419","40.73159215","-73.97429823","10","honeylocust","Good"
"35420","40.7315302","-73.97428227","11","honeylocust","Good"
"26746","40.73984247","-73.99667266","7","ginkgo","Good"
"30469","40.73146243","-74.00034828","7","honeylocust","Good"
"30471","40.7316346","-74.00069777","12","honeylocust","Good"
"26759","40.74035318","-73.99788153","11","ginkgo","Good"
"30576","40.726899","-73.9964886","11","ginkgo","Good"
"26243","40.73800589","-73.98713426","10","London planetree","Fair"
"27699","40.74073319","-73.99696741","8","ginkgo","Good"
"12827","40.73187777","-74.00332171","9","Sophora","Fair"
"13206","40.73155018","-74.00607219","6","Sophora","Fair"
"34298","40.73032098","-74.00125384","3","Sophora","Fair"
"13383","40.73501047","-74.00260833","6","Callery pear","Good"
"27823","40.7378862","-73.99047998","2","Callery pear","Good"
"26753","40.74010396","-73.99729161","3","Callery pear","Good"
"34224","40.72981904","-74.004256","4","silver linden","Good"
"26756","40.74018659","-73.9974872","5","Callery pear","Good"
"27570","40.72931843","-74.00098768","6","honeylocust","Fair"
"32016","40.73872032","-73.98892134","8","honeylocust","Good"
"31955","40.74043946","-73.98949268","11","honeylocust","Good"
"26741","40.73951248","-73.99589158","15","honeylocust","Good"
"26750","40.7400104","-73.99707015","4","ginkgo","Good"
"26952","40.73922931","-73.99705476","11","honeylocust","Good"
"30283","40.73189368","-73.99568669","8","American linden","Good"
"26745","40.7397801","-73.99652503","10","honeylocust","Good"
"13010","40.7298759","-74.00365132","10","American linden","Good"
"34228","40.72968993","-74.00467151","4","katsura tree","Good"
"30648","40.7340869","-73.99717962","7","Callery pear","Good"
"43733","40.73697053","-73.98667254","5","Callery pear","Good"
"36633","40.7418726","-73.98625401","4","Callery pear","Good"
"39288","40.73627909","-73.98699949","11","Callery pear","Good"
"41514","40.74330105","-73.9858025","8","pin oak","Poor"
"30557","40.73442234","-73.99772063","15","Sophora","Good"
"39289","40.73622227","-73.98704112","10","Callery pear","Good"
"27406","40.72998094","-73.99911677","6","ginkgo","Good"
"30280","40.72892596","-73.9948803","10","ginkgo","Good"
"26809","40.74020883","-73.99600487","8","ginkgo","Good"
"39293","40.73593984","-73.98724806","6","Callery pear","Good"
"36626","40.74261662","-73.98639263","7","Callery pear","Fair"
"30610","40.73247602","-73.99491022","2","honeylocust","Good"
"39287","40.7363232","-73.98696717","10","Callery pear","Good"
"30633","40.73350268","-73.99579422","3","American linden","Good"
"27232","40.72880585","-74.00059163","7","Callery pear","Fair"
"30463","40.73214212","-73.99593363","8","American linden","Good"
"30614","40.73263863","-73.99529916","2","honeylocust","Good"
"12927","40.73144166","-74.00552424","10","silver linden","Good"
"27276","40.72923858","-73.99999004","4","Japanese zelkova","Fair"
"13408","40.73459599","-74.00485062","9","green ash","Fair"
"13015","40.73006064","-74.00297897","4","honeylocust","Fair"
"30380","40.73142995","-74.00053224","9","honeylocust","Good"
"13334","40.7312998","-74.00657526","10","ginkgo","Fair"
"36632","40.74190613","-73.98633356","2","honeylocust","Good"
"43735","40.73687174","-73.98674488","8","honeylocust","Fair"
"30346","40.73119553","-73.9950295","10","ginkgo","Good"
"36883","40.75742483","-73.97832527","7","honeylocust","Poor"
"13276","40.73161461","-74.00479031","11","Sophora","Good"
"27273","40.72938847","-73.99986285","4","Japanese zelkova","Fair"
"30390","40.73328316","-73.9996671","6","littleleaf linden","Fair"
"26961","40.73966266","-73.99808894","10","ginkgo","Good"
"31795","40.73895932","-73.99838618","9","Sophora","Good"
"12999","40.73464151","-74.0044878","7","northern red oak","Good"
"35861","40.73904737","-74.00065882","20","Japanese zelkova","Good"
"27871","40.73762139","-73.9859598","4","crab apple","Fair"
"44646","40.73586892","-73.98178897","0",,
"30343","40.73086813","-73.99530748","3","ginkgo","Good"
"13332","40.73114844","-74.0066009","7","Sophora","Poor"
"30367","40.7317904","-73.9947039","4","Sophora","Good"
"27698","40.74063669","-73.99673819","8","ginkgo","Good"
"25294","40.73779041","-73.99363629","20","honeylocust","Good"
"35418","40.73165679","-73.97431488","13","honeylocust","Good"
"35422","40.73138125","-73.97424391","12","honeylocust","Good"
"35436","40.73016621","-73.97472158","12","honeylocust","Good"
"32028","40.7389958","-73.98920488","10","Japanese zelkova","Good"
"34273","40.7297008","-74.0018516","4","Sophora","Fair"
"31822","40.73886861","-73.99931741","4","Sophora","Fair"
"35279","40.7423206","-74.00813581","22","Chinese elm","Fair"
"34295","40.72469617","-73.99340362","3","Sophora","Poor"
"34209","40.72469466","-73.99329316","18","Sophora","Good"
"43734","40.73692018","-73.98670941","5","Callery pear","Good"
"26254","40.73740883","-73.98635539","2","ginkgo","Good"
"36784","40.75867448","-73.97721053","11","honeylocust","Good"
"30616","40.73273699","-73.99553442","15","pin oak","Good"
"30638","40.7337739","-73.99643737","11","ginkgo","Good"
"26744","40.73973292","-73.99641335","10","honeylocust","Good"
"30344","40.73094652","-73.99524093","10","ginkgo","Good"
"35421","40.73145505","-73.97426292","12","honeylocust","Good"
"35435","40.73023391","-73.97467225","10","honeylocust","Good"
"26747","40.73987259","-73.99674396","10","honeylocust","Good"
"26748","40.73989792","-73.9968039","8","ginkgo","Good"
"30640","40.73384869","-73.99661473","9","ginkgo","Good"
"35433","40.73036667","-73.97457553","4","honeylocust","Good"
"34230","40.72963803","-74.00483852","6","katsura tree","Good"
"35423","40.7312296","-73.97420485","2","honeylocust","Good"
"27405","40.72995079","-73.9990556","5","ginkgo","Fair"
"30281","40.72898272","-73.9948329","10","ginkgo","Good"
"43736","40.73682906","-73.98677613","5","American linden","Good"
"13272","40.73177635","-74.00427577","14","southern red oak","Good"
"35432","40.73073157","-73.97430965","12","honeylocust","Good"
"34339","40.7375231","-73.98754872","5","ginkgo","Good"
"34090","40.72554097","-73.99321006","17","Sophora","Good"
"26250","40.73725869","-73.98628739","5","ginkgo","Good"
"26752","40.74007997","-73.99723482","10","honeylocust","Good"
"34338","40.73748235","-73.98745176","9","ginkgo","Good"
"31807","40.7381233","-73.99668499","7","ginkgo","Good"
"30169","40.73695458","-73.99389527","7","littleleaf linden","Good"
"27324","40.72787749","-74.00126412","7","Callery pear","Fair"
"30608","40.73240119","-73.99473125","6","ginkgo","Good"
"35434","40.73029753","-73.9746259","14","honeylocust","Good"
"30636","40.73367915","-73.99621268","16","honeylocust","Good"
"26760","40.74039983","-73.99799195","8","ginkgo","Good"
"30611","40.73254662","-73.99507908","9","ginkgo","Good"
"13335","40.73136622","-74.006564","11","Sophora","Fair"
"36622","40.74246367","-73.9860296","13","Callery pear","Good"
"13007","40.73478374","-74.00358356","20","Callery pear","Good"
"34175","40.7255664","-73.99366482","18","Sophora","Good"
"26253","40.73729418","-73.98643851","4","ginkgo","Good"
"31984","40.73794871","-73.9881375","8","honeylocust","Good"
"30613","40.73260875","-73.9952277","10","ginkgo","Good"
"26958","40.73950691","-73.99771724","15","Japanese zelkova","Good"
"35268","40.74247652","-73.99957555","4","Callery pear","Good"
"27865","40.73743641","-73.98551988","3","Callery pear","Good"
"30485","40.73251392","-73.99605207","13","ginkgo","Good"
"30487","40.73266879","-73.9959371","13","ginkgo","Good"
"13012","40.7299525","-74.0034095","4","littleleaf linden","Fair"
"27407","40.73001108","-73.99917794","7","ginkgo","Good"
"35272","40.74194483","-74.00847496","11","Callery pear","Good"
"36889","40.75803835","-73.97978224","4","honeylocust","Good"
"13037","40.73149098","-74.00496441","7","littleleaf linden","Fair"
"30615","40.73268385","-73.9954073","8","American linden","Fair"
"48316","40.73281223","-73.98180069","0",,
"39291","40.73608201","-73.98714389","12","London planetree","Good"
"31793","40.73903284","-73.99856117","11","littleleaf linden","Fair"
"26244","40.73797258","-73.98705539","4","honeylocust","Good"
"13367","40.7345398","-74.00122225","2","Japanese zelkova","Fair"
"13077","40.73146896","-74.00564698","6","littleleaf linden","Fair"
"31811","40.73833197","-73.99718645","4","littleleaf linden","Good"
"61037","40.75028094","-73.99691514","7",,
"13379","40.73495915","-74.00295471","18","London planetree","Good"
"31794","40.7389917","-73.99846325","9","Sophora","Good"
"31814","40.73846397","-73.99750365","7","littleleaf linden","Good"
"36885","40.75774887","-73.9790948","5","honeylocust","Good"
"36887","40.75796681","-73.97961236","8","honeylocust","Fair"
"34272","40.7297268","-74.00176579","6","Sophora","Fair"
"31796","40.73892721","-73.99830973","10","Sophora","Good"
"34229","40.72966917","-74.00473831","4","katsura tree","Good"
"12998","40.73463184","-74.00454928","13","London planetree","Fair"
"13004","40.7347266","-74.00394681","17","American elm","Good"
"13424","40.73271463","-74.00122238","10","ginkgo","Good"
"35808","40.74026323","-73.99977471","12","willow oak","Good"
"13511","40.73393909","-74.00615254","21","willow oak","Good"
"31812","40.73837175","-73.99728205","8","littleleaf linden","Good"
"30442","40.73015019","-73.99768156","10","pin oak","Fair"
"30439","40.72990147","-73.99717456","20","pin oak","Good"
"12888","40.73106121","-74.00471883","12","littleleaf linden","Fair"
"34334","40.73735863","-73.9871574","10","honeylocust","Good"
"30621","40.73028848","-73.99600418","8","honeylocust","Good"
"30345","40.73107103","-73.99513522","7","ginkgo","Fair"
"31806","40.73808299","-73.99658812","7","ginkgo","Good"
"13509","40.73406775","-74.00613261","16","pin oak","Good"
"26582","40.73799062","-73.9878007","5",,
"13000","40.73465207","-74.00442066","11","London planetree","Fair"
"31817","40.73902858","-73.9988605","9","honeylocust","Good"
"13054","40.73263693","-74.00129774","7","northern red oak","Good"
"13493","40.73428951","-73.9998317","10","Callery pear","Good"
"12811","40.73193693","-74.00283336","6","Chinese elm","Good"
"34264","40.73375578","-73.9951351","3","northern red oak","Good"
"26751","40.74003759","-73.99713451","10","honeylocust","Good"
"36891","40.75811786","-73.97997108","4","honeylocust","Good"
"30622","40.73034663","-73.99595493","8","honeylocust","Good"
"13359","40.73574328","-74.00213688","9","ginkgo","Good"
"36625","40.74257859","-73.98630234","6","Callery pear","Good"
"13006","40.73475517","-74.00376518","19","Callery pear","Good"
"36890","40.75806308","-73.97984098","4","honeylocust","Good"
"13358","40.73573288","-74.00220848","9","ginkgo","Good"
"13057","40.73273502","-74.00149795","6","American linden","Good"
"30620","40.73021881","-73.9960632","11","honeylocust","Good"
"30484","40.73242406","-73.99611878","10","ginkgo","Good"
"29935","40.73748138","-73.99315363","13","Japanese zelkova","Good"
"36631","40.74193274","-73.98639668","3","honeylocust","Good"
"36884","40.75746099","-73.97841116","7","honeylocust","Good"
"30347","40.73130159","-73.99493945","9","ginkgo","Good"
"30483","40.73236765","-73.99616065","11","ginkgo","Good"
"13352","40.73560615","-74.0030811","17","ginkgo","Good"
"31985","40.73802334","-73.98808378","4","honeylocust","Good"
"13562","40.73513048","-74.00124596","23","Callery pear","Good"
"36892","40.75818275","-73.98012518","5","honeylocust","Good"
"13360","40.73575409","-74.00206245","6","ginkgo","Good"
"12742","40.73172515","-74.00510434","10","ginkgo","Good"
"27822","40.73785637","-73.9904093","11","Callery pear","Good"
"26743","40.73958632","-73.99606634","5","Callery pear","Good"
"29936","40.73761339","-73.99346835","3","Japanese zelkova","Good"
"29940","40.73782043","-73.99396192","0",,
"35302","40.74138371","-73.99851224","5","Japanese zelkova","Good"
"35292","40.7418978","-73.99973229","12","Japanese zelkova","Good"
"48896","40.74134203","-74.00429643","7","Japanese zelkova","Good"
"13055","40.73268003","-74.00138571","10","ginkgo","Good"
"35312","40.74203928","-74.00070006","11","honeylocust","Good"
"32029","40.73893366","-73.9890579","9","Japanese zelkova","Good"
"13357","40.73570951","-74.00236939","11","ginkgo","Good"
"35274","40.7417403","-74.00862328","10","Callery pear","Good"
"13051","40.73251074","-74.0010402","9","ginkgo","Good"
"35262","40.74218695","-73.99888793","8","ginkgo","Good"
"31809","40.73825187","-73.99699397","10","littleleaf linden","Good"
"34073","40.72925707","-73.99026581","5","ginkgo","Good"
"13353","40.73561933","-74.00299037","9","honeylocust","Fair"
"26241","40.73809661","-73.98734911","5","honeylocust","Good"
"41515","40.74323076","-73.98563586","7","ginkgo","Good"
"29934","40.73740557","-73.99297288","7",,
"44283","40.73470251","-73.98112124","19","London planetree","Good"
"34060","40.73308819","-73.99584807","10","ginkgo","Good"
"35258","40.74189392","-73.99819211","8","honeylocust","Good"
"36624","40.74253975","-73.98621017","9","Callery pear","Good"
"35313","40.74195416","-74.00076166","12","honeylocust","Good"
"31820","40.73898086","-73.99923679","7","ginkgo","Good"
"35278","40.74223254","-74.00821672","16","Chinese elm","Good"
"30643","40.73393679","-73.99682364","6","littleleaf linden","Good"
"35859","40.73912239","-74.00083685","10","littleleaf linden","Good"
"49551","40.73498761","-74.00158769","8","northern red oak","Fair"
"35850","40.74001927","-74.00118547","0",,
"25202","40.73910423","-73.99520854","6","Callery pear","Good"
"31816","40.73851666","-73.99763028","5","littleleaf linden","Good"
"30646","40.73401769","-73.99701552","11","littleleaf linden","Good"
"30497","40.72780286","-73.99583156","3","cherry","Good"
"30567","40.73398858","-73.99669096","8","cherry","Good"
"35838","40.73930912","-73.9994973","2","Japanese zelkova","Good"
"35261","40.74214627","-73.99879132","10","ginkgo","Good"
"36629","40.74249644","-73.9866875","7","Callery pear","Fair"
"43738","40.73672331","-73.98685357","10","Callery pear","Fair"
"26963","40.73983006","-73.99848845","10","Callery pear","Good"
"13492","40.73433667","-73.99986097","10","Callery pear","Good"
"36888","40.75799819","-73.97968688","9","honeylocust","Good"
"30486","40.73260952","-73.9959811","14","ginkgo","Good"
"13011","40.72992886","-74.00348411","8","littleleaf linden","Good"
"32031","40.73885419","-73.98886992","1","littleleaf linden","Poor"
"30645","40.73399161","-73.99695366","8","littleleaf linden","Good"
"13050","40.73242291","-74.00086093","11","ginkgo","Good"
"13052","40.73253809","-74.00109602","14","ginkgo","Fair"
"31819","40.73904204","-73.99919284","10","ginkgo","Good"
"35263","40.74222737","-73.99898391","7","ginkgo","Good"
"36886","40.75778199","-73.97917343","4","honeylocust","Good"
"36893","40.75835547","-73.98053537","5","honeylocust","Fair"
"30559","40.7343383","-73.99752114","6","honeylocust","Good"
"26808","40.7402374","-73.99607234","8","ginkgo","Good"
"26240","40.7381475","-73.98746963","5","honeylocust","Good"
"26247","40.73771306","-73.98644081","4","ginkgo","Good"
"35303","40.7413571","-73.99844911","5","Japanese zelkova","Good"
"35846","40.73976236","-74.00057475","5","Callery pear","Good"
"31827","40.73839114","-73.9990908","16","London planetree","Fair"
"39290","40.73616736","-73.98708135","10","Callery pear","Good"
"36628","40.74254544","-73.98665188","7","Callery pear","Good"
"26242","40.73805558","-73.98725194","5","honeylocust","Good"
"36627","40.74259252","-73.98661765","6",,
"13354","40.73562972","-74.00291877","12","honeylocust","Fair"
"41516","40.74316154","-73.98547175","8","ginkgo","Good"
"13008","40.73480519","-74.00344716","11","London planetree","Fair"
"31828","40.73833072","-73.9989467","4","London planetree","Fair"
"33838","40.72768545","-73.99459681","11","Callery pear","Good"
"25171","40.73959868","-73.99505607","14","Callery pear","Good"
"35293","40.74184885","-73.99961612","10","Japanese zelkova","Good"
"44219","40.74189033","-74.00154706","7","Japanese zelkova","Good"
"44285","40.73462533","-73.9809382","4","northern red oak","Good"
"44217","40.74182064","-74.00138165","10","Japanese zelkova","Good"
"44024","40.74156618","-74.00257018","6","Japanese zelkova","Good"
"26245","40.73780605","-73.98666102","16","honeylocust","Good"
"12741","40.7316724","-74.00507382","11","ginkgo","Good"
"30565","40.73405214","-73.99684184","8","ginkgo","Good"
"31818","40.73907732","-73.99897764","10","honeylocust","Good"
"44158","40.74255439","-74.00337728","3",,
"13561","40.73518674","-74.00086812","18","Callery pear","Fair"
"27016","40.74003991","-73.99743047","12","Callery pear","Good"
"27018","40.73995755","-73.99723551","9","Callery pear","Good"
"17885","40.72564841","-74.00500726","5","littleleaf linden","Fair"
"35301","40.7414683","-73.998713","5","ginkgo","Good"
"35305","40.74123047","-73.9981486","9","ginkgo","Good"
"35769","40.73772796","-73.98466127","15","willow oak","Good"
"35770","40.73776821","-73.98475612","18","willow oak","Good"
"13368","40.73455115","-74.00114576","8","Japanese zelkova","Good"
"31815","40.73849032","-73.99756697","6","littleleaf linden","Good"
"32030","40.73889953","-73.98897716","13","littleleaf linden","Good"
"48922","40.74128292","-74.00869036","8","Chinese elm","Good"
"35839","40.7393402","-73.99957119","2","Japanese zelkova","Good"
"13002","40.7346753","-74.00427296","9","London planetree","Fair"
"44027","40.74164948","-74.00276776","7","Japanese zelkova","Good"
"30441","40.73009813","-73.99757543","4","littleleaf linden","Good"
"30168","40.73691752","-73.99380675","5","Callery pear","Good"
"13034","40.73141676","-74.00519738","10","cherry","Fair"
"35296","40.7417592","-73.99940336","8","pin oak","Good"
"27012","40.74018277","-73.99776866","7","Callery pear","Good"
"27015","40.74007189","-73.99750619","8","Callery pear","Good"
"30373","40.72970561","-73.99503718","10","Callery pear","Fair"
"30374","40.72967614","-73.9949763","8","Callery pear","Fair"
"35849","40.73998553","-74.00110526","8","Callery pear","Good"
"31710","40.73944754","-73.99782117","3","littleleaf linden","Fair"
"12820","40.73166626","-74.00548978","7","littleleaf linden","Fair"
"48931","40.74172607","-74.00463229","6","Japanese zelkova","Good"
"44353","40.73702495","-73.98140077","0",,
"44468","40.73760754","-73.98245642","9",,
"48933","40.74189042","-74.00451447","6","Japanese zelkova","Good"
"33843","40.72740988","-73.99404271","8","Callery pear","Fair"
"13380","40.7349752","-74.00284633","14","littleleaf linden","Good"
"35869","40.73774182","-73.98504735","7","littleleaf linden","Good"
"12760","40.73411348","-74.00411575","7","Norway maple","Good"
"49222","40.73668479","-73.99546933","12","pin oak","Good"
"49223","40.73671523","-73.99554203","9","pin oak","Good"
"27603","40.73073717","-73.99978807","4","London planetree","Poor"
"13320","40.73530499","-74.00321754","16","American hophornbeam","Good"
"35265","40.74229837","-73.9991525","9","ginkgo","Good"
"17868","40.72574919","-74.0060582","4","northern red oak","Fair"
"31972","40.7375819","-73.9897521","3","honeylocust","Good"
"12996","40.73147313","-74.00484319","2","Norway maple","Fair"
"31805","40.73818034","-73.996532","10","littleleaf linden","Good"
"31808","40.73815017","-73.99674958","7","ginkgo","Good"
"13056","40.73270649","-74.00143971","10","ginkgo","Good"
"34187","40.7310978","-73.98981625","9","honeylocust","Good"
"30564","40.73408485","-73.99691949","15","Sophora","Good"
"31800","40.73855563","-73.99742528","14","Sophora","Good"
"31821","40.73891871","-73.99928142","3","Sophora","Good"
"31823","40.73877226","-73.99938661","4","Sophora","Good"
"35295","40.7417858","-73.9994665","4",,
"26820","40.73952656","-73.99539615","2","Japanese zelkova","Good"
"35300","40.74149943","-73.99878687","6","ginkgo","Good"
"34182","40.73091345","-73.98937714","11","honeylocust","Good"
"36839","40.7580504","-73.9776564","13","honeylocust","Good"
"13059","40.73279284","-74.00161595","13","ginkgo","Good"
"34183","40.73094077","-73.98944222","11","honeylocust","Good"
"35270","40.74257703","-73.99981423","11","ginkgo","Good"
"48923","40.74122338","-74.00872989","9","Chinese elm","Good"
"13510","40.73400724","-74.00614198","10","honeylocust","Good"
"33873","40.72728062","-73.99208585","4","honeylocust","Good"
"35299","40.74153401","-73.99886894","4","ginkgo","Good"
"34061","40.73302754","-73.99589179","6","ginkgo","Good"
"12740","40.73161838","-74.00504257","8","ginkgo","Good"
"34262","40.73386838","-73.99505308","10","American linden","Good"
"13506","40.73426892","-74.00610145","11","honeylocust","Good"
"36838","40.75816632","-73.97757407","14","honeylocust","Good"
"30634","40.73355352","-73.99591477","7","littleleaf linden","Good"
"35857","40.73923413","-74.00110199","15","littleleaf linden","Good"
"33821","40.72633277","-73.99338838","5","littleleaf linden","Good"
"12818","40.73173669","-74.00527352","16","Sophora","Good"
"25331","40.73771276","-73.9924909","9","honeylocust","Good"
"44359","40.73596091","-73.9838322","12","honeylocust","Good"
"34302","40.73013593","-74.00074274","6","honeylocust","Fair"
"35304","40.74126399","-73.99822815","8","ginkgo","Good"
"33820","40.72638672","-73.9934972","7","littleleaf linden","Good"
"20226","40.75792218","-73.97116275","4","honeylocust","Good"
"34227","40.72971504","-74.00459068","5","ginkgo","Good"
"34059","40.7331758","-73.99578493","13","ginkgo","Good"
"13369","40.73460012","-74.00081568","11","ginkgo","Good"
"33966","40.72604114","-73.99308024","3","ginkgo","Good"
"48934","40.74197958","-74.00445055","6","Japanese zelkova","Good"
"13508","40.73413317","-74.00612248","10","honeylocust","Fair"
"48939","40.74179746","-74.00344221","4","black oak","Good"
"48940","40.74173637","-74.00329693","5","black oak","Good"
"44157","40.74262895","-74.003554","0",,
"13030","40.73131263","-74.00552419","15","Sophora","Fair"
"13563","40.73511013","-74.00138265","12","Callery pear","Poor"
"13001","40.7346653","-74.00433656","7","Callery pear","Good"
"30440","40.73004814","-73.99747354","5","littleleaf linden","Good"
"44229","40.74242814","-74.00282369","6","littleleaf linden","Good"
"33753","40.73068933","-73.99338925","10","honeylocust","Fair"
"27026","40.73956946","-73.99631687","2","Japanese zelkova","Good"
"31825","40.73867061","-73.99945961","4","Sophora","Good"
"35806","40.74016353","-73.99953791","12","Sophora","Good"
"44277","40.7350665","-73.98198436","0",,
"44278","40.7350299","-73.98189757","0",,
"34186","40.73107021","-73.98975054","4","Sophora","Good"
"27017","40.74000792","-73.99735476","9","Callery pear","Good"
"33844","40.72737901","-73.99398131","11","Callery pear","Good"
"43729","40.73678204","-73.98663434","6","Callery pear","Good"
"48927","40.74098","-74.00880325","10","Chinese elm","Good"
"36859","40.75743815","-73.97811389","12","honeylocust","Good"
"48904","40.74102589","-74.00354979","11","Japanese zelkova","Good"
"27014","40.74010547","-73.99758568","13","Callery pear","Good"
"30239","40.73715593","-73.99290369","9","Callery pear","Good"
"30240","40.73721396","-73.99286272","10","Callery pear","Good"
"44167","40.74200658","-74.00207906","5",,
"44218","40.74185921","-74.00147319","6","Japanese zelkova","Good"
"31824","40.73872216","-73.99942259","7","Sophora","Good"
"12737","40.73255176","-74.00281948","12","Sophora","Good"
"30460","40.73186991","-73.99528627","4","Sophora","Good"
"12812","40.73187196","-74.00301568","14","Sophora","Good"
"13005","40.73474216","-74.00384787","2","Sophora","Good"
"27506","40.72800386","-73.99995539","4","Sophora","Fair"
"12810","40.73211694","-74.00232822","21","Sophora","Good"
"35257","40.7418442","-73.99807403","8","ginkgo","Good"
"44275","40.7352041","-73.98231067","10","Sophora","Good"
"13053","40.73257153","-74.00116427","11","ginkgo","Good"
"48926","40.74104195","-74.00878729","9","Chinese elm","Good"
"30609","40.73244217","-73.99482928","7","Sophora","Good"
"44274","40.73524216","-73.98240093","10","Sophora","Good"
"34286","40.729909","-74.00135456","2","Japanese zelkova","Fair"
"30383","40.7311846","-74.00002925","18","Sophora","Fair"
"36858","40.75758611","-73.97800629","13","honeylocust","Good"
"12994","40.73125253","-74.00471748","9","eastern redcedar","Good"
"34304","40.73028534","-74.00030177","8","honeylocust","Fair"
"34263","40.73380764","-73.99509733","11","ginkgo","Good"
"13505","40.73432344","-74.00609301","13","honeylocust","Good"
"13507","40.7341986","-74.00611235","9","honeylocust","Good"
"44358","40.73591856","-73.98373228","11","honeylocust","Fair"
"35260","40.74210558","-73.99869472","10","ginkgo","Good"
"34226","40.72976154","-74.00444104","6","ginkgo","Good"
"36898","40.75859415","-73.98110219","3","honeylocust","Fair"
"30438","40.72985238","-73.9970745","3","Sophora","Good"
"36894","40.75842143","-73.980692","3","honeylocust","Good"
"36896","40.75847355","-73.98081578","4","honeylocust","Good"
"34303","40.73004966","-74.00056988","11","honeylocust","Fair"
"35264","40.74226752","-73.99907925","7","ginkgo","Good"
"35267","40.74242068","-73.99944295","4","American linden","Poor"
"35297","40.74172502","-73.99932224","11","ginkgo","Good"
"36837","40.75834793","-73.97744508","18","honeylocust","Good"
"20227","40.75787383","-73.97119844","4","honeylocust","Good"
"27229","40.72896719","-74.00092367","7","littleleaf linden","Good"
"36897","40.75849442","-73.98086536","3","honeylocust","Fair"
"33874","40.72722685","-73.99197688","4","honeylocust","Good"
"17893","40.72571232","-74.00688162","17","cherry","Fair"
"13499","40.7361286","-74.00195289","7","crepe myrtle","Good"
"30371","40.731287","-73.99424612","7","littleleaf linden","Good"
"35828","40.73969705","-74.00012548","10","Japanese zelkova","Good"
"48932","40.74183692","-74.00455282","5","Japanese zelkova","Good"
"13058","40.73276593","-74.00156105","5","American linden","Good"
"36836","40.75847737","-73.97735313","17","honeylocust","Fair"
"30430","40.73504061","-73.99759435","12","littleleaf linden","Good"
"27875","40.73786372","-73.98653616","9","littleleaf linden","Good"
"27011","40.74020623","-73.99782418","9","Callery pear","Good"
"48941","40.74167581","-74.00315292","4","black oak","Good"
"48942","40.74152388","-74.00279163","4","black oak","Good"
"27507","40.72805144","-73.99991524","11","Sophora","Fair"
"44356","40.73580501","-73.98346435","12","honeylocust","Fair"
"44349","40.7367071","-73.98162937","8","ginkgo","Good"
"74470","40.73596745","-73.98593102","0",,
"44357","40.7358678","-73.9836125","10","honeylocust","Fair"
"37886","40.73664462","-73.98956305","7","Sophora","Good"
"48911","40.74066302","-74.0026928","3","honeylocust","Good"
"13036","40.73147041","-74.00502898","10","littleleaf linden","Fair"
"17888","40.72575336","-74.00731846","13","cherry","Fair"
"44159","40.7425211","-74.00329839","3",,
"44160","40.74242123","-74.00306172","4","Japanese zelkova","Good"
"44230","40.74252788","-74.00306046","12","Japanese zelkova","Good"
"48937","40.74212815","-74.00422859","4","black oak","Fair"
"48946","40.74115333","-74.00191052","3","black oak","Poor"
"48935","40.74206055","-74.0043925","6","Japanese zelkova","Good"
"30655","40.72526274","-73.99547407","4","Japanese zelkova","Good"
"30644","40.73396313","-73.99688613","6","littleleaf linden","Good"
"35858","40.73918092","-74.00097573","14","littleleaf linden","Good"
"27626","40.72903159","-74.00081088","4","littleleaf linden","Good"
"30419","40.73428521","-73.99579489","12","green ash","Good"
"35840","40.73937182","-73.99964635","2","Japanese zelkova","Good"
"48944","40.74140435","-74.0025074","4","black oak","Good"
"44295","40.73713702","-73.9829967","0",,
"34285","40.72986958","-74.00148383","2",,
"13504","40.7362854","-74.00196293","3",,
"48943","40.74146358","-74.00264825","4","black oak","Good"
"31704","40.7392236","-73.99729039","6","Japanese zelkova","Good"
"44293","40.7371721","-73.98308006","16","Sophora","Good"
"31826","40.73846933","-73.99927724","10","Sophora","Good"
"73182","40.73412928","-73.99269606","5",,
"37885","40.73660443","-73.98946691","6","Sophora","Good"
"30382","40.73127616","-74.00021695","11","Sophora","Fair"
"44282","40.73476107","-73.9812601","30","London planetree","Good"
"27023","40.73966302","-73.99653833","3",,
"48898","40.7412638","-74.00411166","6",,
"44222","40.74203257","-74.00181394","16","London planetree","Good"
"35334","40.7409089","-74.00102319","10","Sophora","Good"
"35341","40.74023348","-73.99943265","8","Sophora","Good"
"35829","40.73965014","-74.00001443","10","littleleaf linden","Good"
"33823","40.72625934","-73.99324027","7","littleleaf linden","Good"
"44221","40.74196587","-74.00172637","6","pin oak","Fair"
"27459","40.72844726","-73.99743538","11","London planetree","Good"
"27461","40.72852817","-73.99736664","15","London planetree","Good"
"37890","40.73680405","-73.98994442","7","Sophora","Good"
"57039","40.74381498","-74.00641555","2",,
"44169","40.74184609","-74.0017694","15","London planetree","Good"
"44643","40.73571793","-73.98143155","18","London planetree","Good"
"13003","40.73470387","-74.00409133","19","American elm","Good"
"44640","40.73551631","-73.98095427","10","pin oak","Good"
"33872","40.72735038","-73.9922272","2","pin oak","Good"
"35874","40.73725361","-73.98444403","15","London planetree","Good"
"44220","40.74193741","-74.00165882","7","pin oak","Good"
"44581","40.73621435","-73.98470108","12","London planetree","Fair"
"44223","40.74207167","-74.00190675","16","London planetree","Good"
"44642","40.73563331","-73.98123124","10","pin oak","Good"
"44168","40.74192519","-74.00195684","16","London planetree","Good"
"44645","40.73581202","-73.98165427","15","London planetree","Poor"
"44638","40.73545195","-73.9808019","6","pin oak","Good"
"12813","40.73014579","-74.0040729","10","honeylocust","Good"
"12738","40.7325786","-74.00274277","10","ginkgo","Good"
"36745","40.75977696","-73.97808394","5","Callery pear","Fair"
"12963","40.73192718","-74.00125699","4","Callery pear","Good"
"27210","40.72806215","-73.99789203","6","Callery pear","Fair"
"26818","40.73974215","-73.99524057","4","ginkgo","Good"
"20225","40.75797052","-73.97112706","5","honeylocust","Good"
"44355","40.73570988","-73.98323992","12","honeylocust","Good"
"12926","40.73150693","-74.00556216","6","Callery pear","Good"
"44641","40.73556908","-73.98107919","11","pin oak","Good"
"27025","40.73960278","-73.99639574","6","Callery pear","Good"
"30376","40.72957227","-73.99476169","10","Callery pear","Fair"
"30375","40.72960085","-73.99482074","10","Callery pear","Good"
"27019","40.73992263","-73.99715286","11","Callery pear","Good"
"30377","40.72954634","-73.99470811","12","Callery pear","Fair"
"27013","40.74013533","-73.99765635","14","Callery pear","Good"
"30568","40.73396092","-73.9966253","8","cherry","Good"
"30413","40.73233267","-73.99485519","10","pin oak","Good"
"27024","40.73962943","-73.99645883","4","Callery pear","Fair"
"35783","40.73331706","-73.98146121","12","Callery pear","Good"
"27783","40.73828851","-73.98665401","6","Callery pear","Good"
"13494","40.73585426","-74.00183883","7","Callery pear","Good"
"44361","40.73609451","-73.98414742","12","honeylocust","Fair"
"30476","40.73127218","-73.99933961","2","willow oak","Poor"
"30378","40.72952306","-73.99466001","9","Callery pear","Good"
"13498","40.73612721","-74.0019174","14","Callery pear","Good"
"27195","40.72893001","-74.00131672","9","Callery pear","Fair"
"35315","40.74174351","-74.00091408","9","honeylocust","Fair"
"35848","40.73992363","-74.00095811","4","honeylocust","Good"
"35831","40.73956672","-73.99981695","12","ginkgo","Good"
"44644","40.73576751","-73.9815489","4","honeylocust","Fair"
"35855","40.74027458","-74.00179242","5","ginkgo","Good"
"35819","40.74016454","-74.00123216","8","honeylocust","Good"
"33841","40.72757172","-73.99436694","11","Callery pear","Good"
"27525","40.72813669","-73.99923406","6","Callery pear","Fair"
"44567","40.73550532","-73.98120283","7","silver linden","Poor"
"13497","40.73603229","-74.00189007","9","Callery pear","Good"
"27187","40.72822514","-74.00191971","6","Callery pear","Good"
"35824","40.73984044","-74.00046493","13","Callery pear","Good"
"44280","40.73488351","-73.98155043","12","Callery pear","Good"
"29942","40.73811864","-73.9946729","9","Callery pear","Good"
"13631","40.73450073","-74.00088374","8","cherry","Good"
"33751","40.73054217","-73.99351401","9","honeylocust","Good"
"33754","40.73075577","-73.99333294","11","honeylocust","Fair"
"44239","40.74302231","-74.00368981","8","honeylocust","Good"
"35269","40.74252385","-73.99968795","4","Callery pear","Fair"
"44564","40.73567888","-73.98161599","6","silver linden","Good"
"44155","40.74271471","-74.00375722","4","Callery pear","Good"
"35342","40.7401746","-73.99929401","7","Callery pear","Good"
"44568","40.73546551","-73.98110807","6","silver linden","Good"
"13501","40.73621676","-74.00194317","7","Callery pear","Fair"
"44436","40.73537095","-73.98236671","5","silver linden","Good"
"27188","40.72830289","-74.00185319","7","Callery pear","Fair"
"35864","40.73907701","-73.9994271","9","Callery pear","Good"
"27784","40.7383608","-73.98660142","10","Callery pear","Good"
"48900","40.74115032","-74.00384365","3","honeylocust","Good"
"48913","40.74058719","-74.00251371","6","American linden","Good"
"44583","40.73613555","-73.98451385","8","honeylocust","Good"
"35852","40.74009127","-74.00135663","14","American linden","Poor"
"43740","40.73664202","-73.98691309","3","American linden","Good"
"44172","40.741736","-74.00143784","5","honeylocust","Good"
"12805","40.73130802","-74.00373691","5","Kentucky coffeetree","Fair"
"27782","40.73820686","-73.98671342","11","Callery pear","Good"
"13495","40.73590949","-74.00185473","11","Callery pear","Fair"
"44362","40.73624695","-73.98450707","13","Callery pear","Fair"
"30508","40.73108614","-73.99376614","7","Callery pear","Fair"
"44363","40.73630279","-73.98463883","6","Callery pear","Poor"
"33749","40.73013665","-73.99385778","10","honeylocust","Fair"
"33750","40.73019478","-73.99380851","8","honeylocust","Fair"
"44161","40.7423685","-74.00293675","9","Callery pear","Good"
"27231","40.72887204","-74.00072785","3","cherry","Poor"
"35845","40.73973048","-74.00049896","6","honeylocust","Good"
"44171","40.74178047","-74.00154324","9","honeylocust","Good"
"27140","40.72886366","-73.99818378","12","honeylocust","Good"
"33752","40.73061091","-73.99345574","10","honeylocust","Fair"
"44582","40.73617489","-73.9846073","11","honeylocust","Fair"
"35851","40.74005407","-74.00126821","4","ginkgo","Good"
"43737","40.73677079","-73.9868188","7","honeylocust","Good"
"43739","40.73667823","-73.98688658","3","American linden","Good"
"48901","40.74112682","-74.00378815","4","honeylocust","Good"
"48903","40.74104699","-74.0035996","2","honeylocust","Good"
"48910","40.74071616","-74.00281829","3","honeylocust","Good"
"35844","40.73953521","-74.00003476","10","ginkgo","Good"
"17889","40.72574495","-74.00722894","13","cherry","Fair"
"29944","40.73821062","-73.9948922","9","honeylocust","Good"
"44351","40.73682822","-73.98154226","6","ginkgo","Fair"
"48936","40.73951135","-74.00654045","7","Callery pear","Good"
"43731","40.73663373","-73.98674182","8","Callery pear","Good"
"27108","40.72793285","-74.00161109","15","Callery pear","Poor"
"30668","40.73130135","-73.99241246","5","Callery pear","Fair"
"35784","40.73337615","-73.9816038","5","Callery pear","Good"
"48902","40.74107155","-74.00365762","12","honeylocust","Good"
"13496","40.73596687","-74.00187124","7","Callery pear","Fair"
"30512","40.7309426","-73.99342107","11","Callery pear","Fair"
"48928","40.74091885","-74.00881901","12","Callery pear","Good"
"20228","40.75782548","-73.97123413","4","honeylocust","Good"
"43730","40.73669743","-73.98669566","7","Callery pear","Good"
"43732","40.73658541","-73.98677683","8","Callery pear","Good"
"36630","40.74244936","-73.98672173","7","Callery pear","Poor"
"33840","40.72761721","-73.99445889","10","Callery pear","Good"
"33842","40.72743985","-73.99410231","9","Callery pear","Good"
"30604","40.73116511","-73.99523883","7","ginkgo","Good"
"20258","40.75732344","-73.97060385","4","honeylocust","Fair"
"27142","40.72875741","-73.99827344","16","honeylocust","Good"
"35314","40.74183152","-74.0008504","9","honeylocust","Good"
"44360","40.73599886","-73.98392172","11","honeylocust","Good"
"48907","40.74087156","-74.0031853","3","honeylocust","Good"
"43741","40.73659023","-73.98695102","4","American linden","Good"
"35821","40.73998997","-74.00081889","2","ginkgo","Good"
"35822","40.73994652","-74.00071604","7","honeylocust","Good"
"44350","40.7367685","-73.98158521","9","ginkgo","Good"
"44273","40.73529194","-73.98251896","7","ginkgo","Good"
"35826","40.73976182","-74.0002788","7","honeylocust","Good"
"27021","40.73986346","-73.99701279","8","Callery pear","Good"
"33916","40.72663168","-73.99185463","19","honeylocust","Good"
"48909","40.74075968","-74.00292107","3","honeylocust","Good"
"35820","40.74009178","-74.00105991","4","honeylocust","Good"
"29939","40.73778199","-73.99387029","2","honeylocust","Good"
"35382","40.73254587","-73.97461571","9","honeylocust","Good"
"35818","40.74028208","-74.00151041","7","honeylocust","Good"
"44163","40.74223667","-74.00262435","6","honeylocust","Good"
"20256","40.75740907","-73.97080886","4","honeylocust","Fair"
"27144","40.72852666","-73.99846815","17","honeylocust","Fair"
"35875","40.73736497","-73.98436278","13","honeylocust","Good"
"33875","40.72720295","-73.99192845","5","honeylocust","Good"
"30605","40.73108354","-73.9953069","10","ginkgo","Good"
"27147","40.72830237","-73.9986574","13","honeylocust","Fair"
"12679","40.73228567","-74.00342515","3","river birch","Good"
"34212","40.7249412","-73.99319438","2","red maple","Fair"
"35823","40.73990841","-74.00062582","6","ginkgo","Good"
"44162","40.74234187","-74.00287364","5",,
"35497","40.72939681","-73.97483695","12","Callery pear","Good"
"30406","40.73269912","-73.99571771","12","ginkgo","Good"
"33839","40.72764714","-73.99451938","7","American linden","Good"
"35847","40.73986598","-74.00082106","3","American linden","Poor"
"44284","40.73466192","-73.98102499","7","ginkgo","Good"
"35830","40.73960563","-73.99990907","4","London planetree","Poor"
"35853","40.74012634","-74.00144","7","ginkgo","Good"
"49026","40.73878661","-74.00502202","3","honeylocust","Good"
"44627","40.73597027","-73.98506395","10","honeylocust","Good"
"44628","40.73592269","-73.98509846","8","honeylocust","Good"
"44429","40.73496486","-73.98147992","2","ginkgo","Good"
"30492","40.73318971","-73.99555146","9","ginkgo","Poor"
"25201","40.73905216","-73.99508476","5",,
"48897","40.74130865","-74.0042176","10","Japanese zelkova","Good"
"30656","40.72528272","-73.99556262","4","Japanese zelkova","Good"
"30490","40.73296914","-73.99571456","4","northern red oak","Good"
"49021","40.73878507","-74.00429779","7",,
"27781","40.7381144","-73.98678068","4","London planetree","Good"
"44170","40.74180481","-74.00167158","16","London planetree","Good"
"27189","40.72836133","-74.00180321","18","London planetree","Good"
"44432","40.73516688","-73.98195609","0",,
"27785","40.73845662","-73.98653171","32","willow oak","Good"
"27110","40.7280755","-74.00189972","16","London planetree","Fair"
"30432","40.73513238","-73.99781297","21","London planetree","Good"
"33925","40.73034642","-73.98985416","12","honeylocust","Good"
"28489","40.73687472","-73.992854","3","honeylocust","Good"
"13170","40.73019241","-74.00596135","7","ginkgo","Good"
"27009","40.74026593","-73.99796551","4","honeylocust","Good"
"44166","40.7421131","-74.00233151","10","honeylocust","Good"
"27190","40.72853847","-74.00165167","17","London planetree","Poor"
"27137","40.72913321","-73.99795633","16","honeylocust","Fair"
"27194","40.7288679","-74.00136986","19","London planetree","Good"
"44238","40.74297303","-74.00372627","8","honeylocust","Good"
"27008","40.74029125","-73.99802545","4","honeylocust","Good"
"35832","40.73949369","-73.99964407","11","ginkgo","Good"
"35871","40.73757932","-73.98516434","11","Callery pear","Good"
"29938","40.73773427","-73.99375653","4","Callery pear","Good"
"49225","40.73690452","-73.99599407","13","Callery pear","Good"
"48908","40.74083658","-74.00310269","3","honeylocust","Good"
"48912","40.74062698","-74.00260767","3","honeylocust","Good"
"35833","40.73945397","-73.99955006","11","ginkgo","Good"
"44164","40.74218474","-74.00250128","5","honeylocust","Good"
"20257","40.75738343","-73.97074748","4","honeylocust","Fair"
"30494","40.73329497","-73.99547363","9","ginkgo","Good"
"35344","40.74007024","-73.99904825","4","Callery pear","Good"
"35843","40.73950386","-73.99996023","9","ginkgo","Good"
"35825","40.73976448","-74.00028511","9","honeylocust","Good"
"44156","40.74266224","-74.00363289","6","honeylocust","Good"
"27146","40.72841902","-73.99855897","14","honeylocust","Good"
"44382","40.73684491","-73.98178544","6","ginkgo","Fair"
"48919","40.74099481","-74.00318829","5","honeylocust","Good"
"48921","40.74105574","-74.00333286","3","honeylocust","Fair"
"35856","40.73932857","-74.0013261","25","American linden","Good"
"44352","40.73696668","-73.98144268","7","ginkgo","Good"
"49232","40.73594125","-73.99548632","9","honeylocust","Good"
"27138","40.72908563","-73.99799648","17","honeylocust","Good"
"29946","40.73851811","-73.99562531","3","honeylocust","Good"
"30479","40.73175877","-73.99892676","4","willow oak","Fair"
"35841","40.73943956","-73.9998074","10","London planetree","Fair"
"44383","40.73677533","-73.98183627","6","ginkgo","Good"
"44647","40.73592582","-73.98192367","10","London planetree","Fair"
"44025","40.74159066","-74.00262826","6","American linden","Good"
"27181","40.7294918","-73.9978509","6","honeylocust","Good"
"57066","40.74260085","-74.00703986","5","Japanese zelkova","Good"
"44625","40.73611206","-73.98496111","11","honeylocust","Good"
"27184","40.72970183","-73.99767452","8","honeylocust","Good"
"27139","40.72904637","-73.99802961","2","honeylocust","Good"
"49023","40.73878594","-74.00470519","7","honeylocust","Good"
"30408","40.73260503","-73.99549625","9","ginkgo","Good"
"44379","40.73707596","-73.98161665","14","honeylocust","Good"
"27182","40.72953807","-73.99781205","6","honeylocust","Good"
"35805","40.74010904","-73.99940847","10","honeylocust","Good"
"49273","40.73388288","-74.00030628","9","ginkgo","Good"
"49028","40.73878709","-74.00524936","9","honeylocust","Good"
"44380","40.73699126","-73.98167852","9","honeylocust","Fair"
"30409","40.73256394","-73.99539954","10","ginkgo","Good"
"48899","40.74120746","-74.0039786","3","honeylocust","Good"
"25199","40.73872192","-73.99429973","4","American linden","Fair"
"27141","40.72881007","-73.998229","12","honeylocust","Good"
"29945","40.73838478","-73.99530742","16","honeylocust","Good"
"49024","40.73878617","-74.00481345","8","honeylocust","Good"
"30407","40.73265857","-73.99562226","12","ginkgo","Good"
"44430","40.73501968","-73.98160913","12","ginkgo","Good"
"27400","40.72861643","-73.99996358","3","ginkgo","Good"
"49274","40.73383997","-74.000294","8","ginkgo","Good"
"30372","40.73096727","-73.99435189","5","honeylocust","Fair"
"48917","40.74093416","-74.00304435","5","honeylocust","Good"
"30667","40.73126403","-73.99232415","7","ginkgo","Fair"
"49098","40.73878713","-74.00599421","8","ginkgo","Good"
"49025","40.7387864","-74.00492098","6","honeylocust","Good"
"48920","40.74102514","-74.00326026","5","honeylocust","Good"
"34287","40.73000233","-74.00127228","7","honeylocust","Fair"
"44077","40.74240914","-74.00414915","8","honeylocust","Good"
"44078","40.7424599","-74.00413419","10","honeylocust","Good"
"35803","40.73998196","-73.99910663","6","honeylocust","Good"
"35804","40.74006118","-73.99929481","2","honeylocust","Good"
"49275","40.73378231","-74.0002775","9","ginkgo","Good"
"35768","40.73769319","-73.98457934","13","honeylocust","Good"
"49230","40.73626255","-73.99624853","11","honeylocust","Good"
"49096","40.73878723","-74.00616345","6","ginkgo","Good"
"30478","40.73142346","-73.99921126","15","honeylocust","Good"
"48323","40.73310439","-73.982495","0",,
"27196","40.72903492","-74.00122698","4","Japanese zelkova","Good"
"37884","40.73656424","-73.98937078","5","Sophora","Fair"
"33774","40.73126361","-73.99172027","14","Sophora","Fair"
"35362","40.74021457","-73.99859552","10","ginkgo","Good"
"13500","40.73616582","-74.00192851","10","Callery pear","Good"
"13268","40.72967192","-74.00378561","4","honeylocust","Good"
"27425","40.7296591","-73.99975623","6","ginkgo","Good"
"31983","40.73788612","-73.98840988","4","Japanese zelkova","Fair"
"27261","40.73009638","-73.99830109","4","honeylocust","Good"
"48916","40.74090356","-74.00297175","4","honeylocust","Good"
"30461","40.7319379","-73.99544796","4","Sophora","Good"
"33869","40.73091732","-73.99061591","17","Sophora","Good"
"27193","40.72881775","-74.00141276","17","honeylocust","Fair"
"12808","40.73225993","-74.00192698","15","Sophora","Good"
"35872","40.7375006","-73.98522102","20","Sophora","Good"
"44276","40.7351341","-73.98214467","15","Callery pear","Good"
"44279","40.73494167","-73.98168834","14","Callery pear","Good"
"35870","40.73769175","-73.9850834","13","Callery pear","Good"
"57065","40.74265104","-74.00715924","6","Japanese zelkova","Good"
"30666","40.73122538","-73.99223267","5","ginkgo","Fair"
"49099","40.73878707","-74.00588595","7","ginkgo","Good"
"27020","40.73988718","-73.99706894","5","honeylocust","Good"
"44435","40.73532148","-73.98225011","5","silver linden","Fair"
"35862","40.73889306","-74.00029267","6","Callery pear","Good"
"49051","40.73971945","-74.00543754","5","Callery pear","Good"
"30214","40.73645156","-73.99449094","15","Callery pear","Good"
"27200","40.73008264","-73.99778924","6","honeylocust","Good"
"48924","40.74117085","-74.00874939","14","Callery pear","Good"
"44381","40.73690585","-73.98174092","16","honeylocust","Good"
"27183","40.72958479","-73.99777281","7","honeylocust","Good"
"48918","40.74096528","-74.00311821","5","honeylocust","Good"
"49236","40.73578611","-73.99511832","5","ginkgo","Good"
"27780","40.73804883","-73.98682838","11","ginkgo","Good"
"44288","40.73744113","-73.98371947","11","Sophora","Fair"
"44076","40.74238164","-74.00417235","10","honeylocust","Good"
"34284","40.72984385","-74.00156823","5","honeylocust","Fair"
"27263","40.72992693","-73.9984509","4","honeylocust","Good"
"35345","40.74003571","-73.99896696","10","Sophora","Good"
"17831","40.72662166","-74.00716375","2",,
"34086","40.73510963","-73.99414279","8","Sophora","Good"
"37891","40.73684371","-73.99003929","6","Sophora","Good"
"44292","40.73726869","-73.98330962","18","Sophora","Fair"
"35332","40.74098597","-74.00120468","11","Sophora","Fair"
"35339","40.74045559","-73.99995568","12","Sophora","Good"
"27527","40.72940683","-74.00212478","3","Japanese zelkova","Good"
"30475","40.73110522","-73.99948128","3","green ash","Fair"
"35340","40.74033597","-73.999674","8","honeylocust","Good"
"13280","40.73513865","-74.00482276","10","honeylocust","Good"
"44566","40.735612","-73.98145679","3","American linden","Good"
"53172","40.7432844","-74.00722856","6","Japanese zelkova","Good"
"30603","40.72603589","-73.9949895","15","Sophora","Good"
"37889","40.7367636","-73.98984765","6","Sophora","Good"
"49100","40.73878702","-74.00580476","13","honeylocust","Good"
"41480","40.74317158","-73.98580791","3","ginkgo","Good"
"33968","40.73053429","-74.00195326","7","honeylocust","Good"
"43727","40.73692338","-73.98653192","10","honeylocust","Good"
"43728","40.73686473","-73.98657442","7","honeylocust","Good"
"27265","40.72981214","-73.99855238","8","honeylocust","Good"
"34282","40.7297985","-74.00171692","5","Sophora","Poor"
"35335","40.7408586","-74.00090471","15","Sophora","Good"
"49029","40.73878733","-74.00535942","9","honeylocust","Good"
"44074","40.74233673","-74.00420426","9","honeylocust","Good"
"30215","40.73635667","-73.99426633","11","honeylocust","Good"
"27022","40.73981761","-73.99690427","8","honeylocust","Good"
"27143","40.72858787","-73.9984165","16","honeylocust","Fair"
"27145","40.72847238","-73.99851395","13","honeylocust","Fair"
"30481","40.73192527","-73.99878548","9","crab apple","Good"
"27531","40.72930836","-74.00220815","3","Japanese zelkova","Fair"
"49027","40.73878686","-74.00513894","8","honeylocust","Good"
"27185","40.7297578","-73.99762751","7","honeylocust","Good"
"49095","40.73878728","-74.00626304","6","honeylocust","Good"
"44225","40.7421478","-74.00215823","8","ginkgo","Good"
"27262","40.73004992","-73.99834216","4","honeylocust","Good"
"31981","40.73795654","-73.98857723","4","Japanese zelkova","Fair"
"35336","40.74080588","-74.00078057","6","Sophora","Good"
"27215","40.72856792","-73.99746235","2","cherry","Good"
"17887","40.72567449","-74.0052844","4","sugar maple","Fair"
"13362","40.73577375","-74.00192706","23","cherry","Fair"
"35361","40.74014715","-73.99864402","12","ginkgo","Good"
"49229","40.7363167","-73.99637699","12","ginkgo","Good"
"44224","40.74211136","-74.00207173","7","honeylocust","Good"
"13024","40.73255767","-74.00548185","8","green ash","Fair"
"35363","40.74030077","-73.9985335","11","ginkgo","Good"
"30661","40.73447435","-73.99878262","11","honeylocust","Good"
"41482","40.74322911","-73.98594506","3","ginkgo","Good"
"27260","40.73017678","-73.99823","4","honeylocust","Good"
"27186","40.72987576","-73.99752844","7","honeylocust","Good"
"44291","40.73729898","-73.98338161","12","Sophora","Good"
"30488","40.73269354","-73.99757101","11","pin oak","Fair"
"102392","40.72693985","-73.98023559","0",,
"37887","40.73668428","-73.98965791","7","Sophora","Good"
"30213","40.73650833","-73.99462532","4","Japanese zelkova","Good"
"27528","40.72937122","-74.00214174","5","northern red oak","Good"
"13559","40.73523661","-74.00053313","10","green ash","Good"
"13560","40.73522438","-74.00061528","8","green ash","Good"
"44289","40.73739118","-73.98360075","2","Sophora","Good"
"44298","40.73691196","-73.98246181","14","Sophora","Good"
"44300","40.73678282","-73.9821549","16","Sophora","Good"
"35333","40.74094744","-74.00111393","14","Sophora","Good"
"33868","40.7310075","-73.9905942","17","Sophora","Good"
"43998","40.74157771","-74.00134171","7","honeylocust","Good"
"35767","40.73761268","-73.98438964","11","honeylocust","Good"
"33867","40.73118353","-73.99055184","16","Sophora","Good"
"35873","40.73740767","-73.98528792","18","Sophora","Good"
"35337","40.74076146","-74.00067596","5","Sophora","Good"
"41481","40.74319942","-73.98587427","3","ginkgo","Good"
"17828","40.72659623","-74.00689378","3","honeylocust","Good"
"33777","40.73152299","-73.99150337","20","Sophora","Fair"
"37921","40.7369169","-73.99043387","5","Sophora","Poor"
"34223","40.72985184","-74.00415045","3","Kentucky coffeetree","Good"
"12990","40.73378605","-74.00187458","7","swamp white oak","Good"
"37888","40.73672394","-73.98975278","2",,
"12988","40.73376344","-74.00202613","5","swamp white oak","Good"
"27109","40.72796963","-74.00168552","17","Callery pear","Good"
"13597","40.73462059","-74.00138115","18","Sophora","Good"
"44299","40.7368446","-73.98230173","12","Sophora","Fair"
"37920","40.73698422","-73.99038512","7","Sophora","Good"
"44434","40.73526368","-73.98218424","7","silver linden","Fair"
"35276","40.74252165","-74.00034505","3",,
"28008","40.73265514","-73.98371163","11","Sophora","Fair"
"30400","40.73301314","-73.99832802","7","pin oak","Good"
"27201","40.73010497","-73.99783556","5","honeylocust","Good"
"35782","40.73373215","-73.98098712","8","ginkgo","Good"
"35854","40.74023924","-74.00170842","14","London planetree","Fair"
"28009","40.73270174","-73.98382206","16","Sophora","Good"
"27199","40.7299845","-73.99758565","5","honeylocust","Good"
"30433","40.73516978","-73.99790206","18","London planetree","Good"
"35842","40.7394741","-73.9998895","11","London planetree","Fair"
"61994","40.75308648","-74.00356751","4","Sophora","Good"
"44427","40.73473516","-73.98093853","19","London planetree","Good"
"27895","40.73410621","-73.98514246","0",,
"49927","40.73333599","-73.97648184","0",,
"27191","40.72863877","-74.00156587","18","London planetree","Good"
"35343","40.74010155","-73.99912198","12","willow oak","Good"
"30364","40.73145225","-74.00100065","12","American elm","Poor"
"61998","40.75228621","-74.00166078","3","river birch","Fair"
"44426","40.73464451","-73.98072487","14","London planetree","Good"
"33915","40.72678834","-73.99180074","22","London planetree","Fair"
"27264","40.72987045","-73.99850084","9","honeylocust","Good"
"30434","40.73522044","-73.99802274","18","London planetree","Good"
"44296","40.73706448","-73.9828243","4","Sophora","Fair"
"30360","40.73119809","-74.0011466","15","London planetree","Poor"
"48317","40.73285116","-73.9818932","8","ginkgo","Good"
"30607","40.73091068","-73.99545117","2","ginkgo","Good"
"53223","40.74481231","-74.00612375","4","London planetree","Good"
"44433","40.73523939","-73.98205662","21","London planetree","Fair"
"30391","40.73084925","-73.9998263","4","dawn redwood","Fair"
"27426","40.72973344","-73.99969339","11","London planetree","Fair"
"30606","40.73100105","-73.99537575","9","ginkgo","Good"
"12989","40.73377686","-74.00193619","5","swamp white oak","Good"
"35439","40.72991414","-73.97490524","10","honeylocust","Good"
"48318","40.73291812","-73.98205233","6","ginkgo","Good"
"33981","40.73155961","-73.99273065","12","honeylocust","Good"
"48321","40.73303331","-73.98232608","3","ginkgo","Good"
"44428","40.73476752","-73.98101479","11","London planetree","Good"
"33926","40.73029853","-73.98974054","3","London planetree","Poor"
"53222","40.74471938","-74.00619064","5","London planetree","Good"
"13449","40.73365425","-74.0022164","2","'Schubert' chokecherry","Poor"
"35810","40.74045702","-74.00023503","10","willow oak","Good"
"53224","40.74498085","-74.00600246","4","London planetree","Good"
"57034","40.74396283","-74.00493894","2","London planetree","Good"
"30362","40.73130724","-74.00110628","11","American elm","Poor"
"27198","40.72996246","-73.99753993","6","honeylocust","Good"
"27423","40.72949842","-73.99989206","13","London planetree","Poor"
"30506","40.73115988","-73.99394342","8","American linden","Good"
"27424","40.72957368","-73.99982844","18","London planetree","Poor"
"32068","40.73918824","-73.98812493","4","honeylocust","Good"
"30418","40.73419025","-73.99556869","13","green ash","Fair"
"27853","40.73806735","-73.98546325","17","green ash","Good"
"33951","40.73041425","-73.98942469","4","London planetree","Fair"
"56979","40.74504596","-74.00568949","4","London planetree","Good"
"17829","40.72660466","-74.00698329","3","honeylocust","Good"
"49067","40.73979109","-74.00522094","3","swamp white oak","Good"
"27794","40.73776219","-73.98514436","16","ginkgo","Good"
"15020","40.74622117","-73.99684848","18","American elm","Good"
"27796","40.73761686","-73.98525071","16","ginkgo","Good"
"27960","40.73188452","-73.98233478","11","honeylocust","Good"
"30679","40.73180115","-73.99359529","10","London planetree","Poor"
"56978","40.74500628","-74.00559544","4","London planetree","Good"
"33890","40.73080748","-73.99094265","10","honeylocust","Good"
"27886","40.73282268","-73.98445759","13","honeylocust","Good"
"13596","40.73487367","-74.00144332","8","green ash","Poor"
"12749","40.73538525","-74.00334974","3","American beech","Good"
"48319","40.73295107","-73.98213064","7","ginkgo","Good"
"48324","40.73313773","-73.98257425","9","ginkgo","Good"
"17840","40.72690825","-74.00546501","3","honeylocust","Good"
"30507","40.73112169","-73.99385161","6","American linden","Good"
"30673","40.73153326","-73.99296129","2","ginkgo","Good"
"30678","40.73172518","-73.9934155","13","London planetree","Poor"
"13338","40.73278113","-74.00030157","3","tree of heaven","Good"
"44026","40.74161807","-74.00269328","4","pin oak","Poor"
"30684","40.73202506","-73.99412521","11","London planetree","Poor"
"30480","40.73184318","-73.99885514","15","pin oak","Good"
"30411","40.73241244","-73.99504294","13","pin oak","Good"
"44639","40.73548366","-73.98087698","7","pin oak","Good"
"35289","40.74216408","-74.00036426","4","littleleaf linden","Good"
"49053","40.73991848","-74.00540713","4","swamp white oak","Good"
"27533","40.72924385","-74.00223889","12","American elm","Fair"
"17841","40.7269917","-74.00545249","3","honeylocust","Good"
"32117","40.74044175","-73.98722158","4","ginkgo","Good"
"35498","40.72932245","-73.97489132","3","pin oak","Good"
"33985","40.73173685","-73.99315101","7","honeylocust","Good"
"15023","40.74599334","-73.99630481","17","American elm","Good"
"33819","40.72646764","-73.99366042","2","littleleaf linden","Good"
"27399","40.72867138","-74.00007584","9","littleleaf linden","Good"
"62242","40.7500111","-73.99983073","7","littleleaf linden","Good"
"30489","40.73263693","-73.99743652","8","pin oak","Good"
"30045","40.73769817","-73.99540236","8","pin oak","Good"
"30047","40.73761657","-73.99520851","7","pin oak","Good"
"30410","40.73251817","-73.9952918","10","pin oak","Fair"
"30414","40.73219722","-73.9945364","9","pin oak","Fair"
"30363","40.73131669","-74.00106021","24","pin oak","Good"
"62238","40.7498218","-73.99938026","6","littleleaf linden","Good"
"62249","40.75029969","-74.00051749","6","littleleaf linden","Good"
"30654","40.73456277","-73.99830815","8","littleleaf linden","Good"
"56976","40.74475863","-74.00500845","5","littleleaf linden","Good"
"28359","40.73628763","-73.99227332","1","littleleaf linden","Good"
"30680","40.73183181","-73.99366784","2","littleleaf linden","Fair"
"62251","40.75036607","-74.00067544","10","littleleaf linden","Good"
"30617","40.73280495","-73.99569695","8","pin oak","Good"
"30044","40.7377314","-73.99548129","7","pin oak","Good"
"33822","40.7262953","-73.99331281","6","littleleaf linden","Good"
"62253","40.75042687","-74.00082012","7","littleleaf linden","Good"
"62239","40.74989056","-73.9995439","6","littleleaf linden","Good"
"62241","40.74997738","-73.99975049","8","littleleaf linden","Good"
"30650","40.73415822","-73.99734877","6","littleleaf linden","Good"
"27401","40.7285683","-73.99986527","6","littleleaf linden","Fair"
"62240","40.74995083","-73.99968731","5","littleleaf linden","Good"
"62246","40.75015234","-74.00016684","7","littleleaf linden","Good"
"62248","40.75027288","-74.00045368","6","littleleaf linden","Good"
"13267","40.72956651","-74.00372885","6","littleleaf linden","Good"
"62247","40.75021951","-74.00032669","8","littleleaf linden","Good"
"62254","40.75046005","-74.0008991","5","littleleaf linden","Good"
"56974","40.74470484","-74.00488096","5","littleleaf linden","Good"
"30315","40.73371752","-73.99538671","10","littleleaf linden","Good"
"30046","40.73766442","-73.99532217","8","pin oak","Good"
"30450","40.73082135","-73.99904973","18","pin oak","Good"
"49554","40.73463127","-74.00148184","5","pin oak","Good"
"61965","40.75203737","-74.00299313","5","pin oak","Good"
"31804","40.73821006","-73.99660275","11","littleleaf linden","Good"
"17850","40.72545848","-74.00752149","2","littleleaf linden","Good"
"17886","40.72565548","-74.00508246","6","littleleaf linden","Fair"
"34330","40.73718341","-73.98674049","9","littleleaf linden","Good"
"30618","40.72982704","-73.99639505","3","Japanese zelkova","Good"
"26953","40.73926851","-73.99714832","11","Japanese zelkova","Good"
"27503","40.72777703","-74.00014678","10","Chinese elm","Good"
"25188","40.73916734","-73.99352384","3","ginkgo","Good"
"35338","40.74065361","-74.000422","12","Callery pear","Good"
"49224","40.73686746","-73.99590556","14","Callery pear","Good"
"30675","40.73159723","-73.9931127","12","Callery pear","Fair"
"29941","40.73804309","-73.99449279","10","Callery pear","Good"
"30677","40.73169186","-73.99333665","9","Callery pear","Good"
"27427","40.72980916","-73.99962938","4","silver linden","Fair"
"30048","40.73756048","-73.99507527","8","pin oak","Good"
"30216","40.73630256","-73.99413826","7","Callery pear","Good"
"33924","40.73046029","-73.99012431","18","Callery pear","Good"
"30451","40.7308697","-73.99914828","12","pin oak","Good"
"27397","40.72875203","-74.00024059","5","Callery pear","Good"
"33982","40.73160672","-73.99284237","17","Callery pear","Fair"
"33748","40.7300799","-73.99390589","7","Callery pear","Fair"
"61350","40.75508147","-73.97276829","9","Callery pear","Fair"
"48929","40.74085717","-74.0088349","11","Callery pear","Good"
"33871","40.72747584","-73.99248147","7","Callery pear","Fair"
"33978","40.73136454","-73.99226801","6","Callery pear","Poor"
"31982","40.73792279","-73.98849703","4",,
"30569","40.73393352","-73.99656028","10","Callery pear","Good"
"33977","40.73131797","-73.99215756","9","Callery pear","Fair"
"30669","40.73134","-73.99250393","7","Callery pear","Poor"
"27927","40.73208683","-73.98411916","15","Callery pear","Good"
"27933","40.7316586","-73.98308717","6","Callery pear","Fair"
"17830","40.72661316","-74.00707352","3",,
"30041","40.73791109","-73.99590815","15","Callery pear","Good"
"35807","40.74022202","-73.99967683","15",,
"30682","40.73191844","-73.99387287","10","Callery pear","Fair"
"61351","40.7550634","-73.97272534","9","Callery pear","Good"
"49523","40.7351734","-74.00164115","10","Callery pear","Poor"
"57041","40.74391037","-74.00664312","3",,
"30491","40.73306244","-73.99564557","3","sugar maple","Fair"
"53171","40.74320034","-74.00729118","6","Japanese zelkova","Good"
"28010","40.73276139","-73.98396342","18","Callery pear","Fair"
"13317","40.73351937","-74.00264642","2","northern red oak","Good"
"33765","40.73017144","-73.99395688","6","Callery pear","Good"
"37861","40.73519733","-73.99153326","2","Chinese elm","Good"
"37862","40.73516531","-73.99145511","2","Chinese elm","Good"
"35764","40.73724711","-73.98507721","8","Callery pear","Good"
"30683","40.73197308","-73.99400219","6","Callery pear","Fair"
"35763","40.73728373","-73.98516398","12","Callery pear","Good"
"27926","40.73214046","-73.98424839","14","Callery pear","Good"
"27962","40.73198106","-73.9822638","4",,
"48925","40.74110581","-74.00876881","11","Callery pear","Good"
"27398","40.72870435","-74.0001432","5","Callery pear","Good"
"49022","40.73878539","-74.00444718","0",,
"57064","40.74268371","-74.00723694","5","Japanese zelkova","Good"
"30052","40.73726622","-73.99437627","7","Japanese zelkova","Good"
"35765","40.73713686","-73.98481595","14","Callery pear","Good"
"20091","40.75690307","-73.96739413","8","Callery pear","Fair"
"30051","40.73731939","-73.99450256","11","Callery pear","Good"
"30053","40.73719578","-73.99420894","10","Callery pear","Good"
"30353","40.73013322","-73.99426329","4","Callery pear","Fair"
"28020","40.73323346","-73.98480125","2","silver linden","Good"
"61353","40.75500561","-73.97258795","8","Callery pear","Fair"
"29937","40.73765634","-73.99357073","6","Callery pear","Good"
"33769","40.73046112","-73.99371387","3","Callery pear","Good"
"57040","40.74384068","-74.00647687","3","Japanese zelkova","Poor"
"15022","40.74609136","-73.99653871","5","Callery pear","Poor"
"33770","40.73052636","-73.99365913","6","Callery pear","Good"
"30042","40.73780211","-73.99564926","1",,
"12754","40.73342447","-74.00623625","4","Japanese zelkova","Good"
"33768","40.73040744","-73.9937589","4","Callery pear","Fair"
"61071","40.75100728","-73.99788018","7","Callery pear","Good"
"30594","40.73156679","-73.99675003","7","Callery pear","Good"
"28052","40.73497139","-73.98512097","3","London planetree","Good"
"57067","40.74257377","-74.00697542","5","Japanese zelkova","Good"
"27651","40.72921896","-74.00142982","11","Japanese zelkova","Good"
"57069","40.74244816","-74.00667664","4","Japanese zelkova","Good"
"30316","40.73380554","-73.99532011","15","Chinese elm","Good"
"27918","40.73444561","-73.98450665","2",,
"27702","40.74088154","-73.99731975","7","Japanese zelkova","Good"
"27736","40.7410656","-73.99622776","5","Japanese zelkova","Good"
"15025","40.74582512","-73.99590338","17","American elm","Good"
"27738","40.7409977","-73.99606682","4",,
"30049","40.73751529","-73.99496793","7","Japanese zelkova","Good"
"28047","40.73515294","-73.9855514","0",,
"30454","40.73099435","-73.99940239","2",,
"27530","40.72934128","-74.00215601","14","American elm","Fair"
"30057","40.73699243","-73.99372589","5","Callery pear","Good"
"28050","40.73505125","-73.98531031","13","Japanese zelkova","Good"
"44561","40.7358377","-73.98206499","22","London planetree","Good"
"44562","40.73579896","-73.98197275","19","London planetree","Good"
"49596","40.73448394","-74.00165397","18","London planetree","Fair"
"27529","40.72937288","-74.00217741","13","American elm","Fair"
"27642","40.72796082","-74.00106327","5","Callery pear","Good"
"27701","40.74084804","-73.99724019","6","Japanese zelkova","Good"
"27737","40.74103099","-73.99614572","5","Japanese zelkova","Good"
"33953","40.73061485","-73.98927749","5","Japanese zelkova","Good"
"27917","40.73432175","-73.98459696","15","London planetree","Fair"
"57037","40.74375722","-74.00627775","5","willow oak","Good"
"27995","40.73429375","-73.98533393","15","American elm","Good"
"27534","40.72922785","-74.00224651","14","American elm","Fair"
"27993","40.73438739","-73.98555614","14","London planetree","Good"
"28057","40.73454492","-73.98410989","11","London planetree","Good"
"30596","40.7317409","-73.99662262","23","London planetree","Good"
"27646","40.72946292","-74.00198772","18","American elm","Fair"
"57044","40.74327998","-74.00665254","4","willow oak","Good"
"57035","40.74370238","-74.0061469","5","willow oak","Good"
"27526","40.72949121","-74.00208458","17","American elm","Fair"
"30055","40.73705941","-73.99388501","5","Callery pear","Good"
"30056","40.73701954","-73.9937903","8","Callery pear","Good"
"30674","40.73155992","-73.99302438","2","ginkgo","Good"
"56980","40.74509389","-74.0058031","3","London planetree","Good"
"17839","40.72667591","-74.00549989","4","honeylocust","Good"
"27997","40.73412509","-73.98493371","12","London planetree","Good"
"33986","40.7317749","-73.99324127","10","ginkgo","Good"
"33988","40.73183917","-73.99339369","5","ginkgo","Good"
"30671","40.73141997","-73.99269319","4","honeylocust","Fair"
"28048","40.73512526","-73.98548576","11","honeylocust","Good"
"37927","40.73630198","-73.99086958","2",,
"57036","40.74372993","-74.00621264","4","willow oak","Good"
"57038","40.74379829","-74.00637573","4","willow oak","Good"
"33989","40.73187164","-73.9934707","10","honeylocust","Good"
"27795","40.73768809","-73.98519859","20","ginkgo","Good"
"27961","40.73194201","-73.98229251","8","honeylocust","Good"
"57042","40.74334747","-74.00681296","4","willow oak","Good"
"62245","40.75011916","-74.00008787","6","littleleaf linden","Fair"
"28025","40.73384657","-73.98625074","3","ginkgo","Good"
"33923","40.73006547","-74.00209905","10","honeylocust","Good"
"27925","40.73217647","-73.98433518","4","American linden","Good"
"27996","40.7341759","-73.98505428","12","London planetree","Good"
"30412","40.73236425","-73.99492954","2","crab apple","Fair"
"81103","40.74470697","-73.99490805","3",,
"30453","40.73096073","-73.99933386","2","willow oak","Poor"
"27888","40.73253355","-73.98466948","12","honeylocust","Good"
"27852","40.73809306","-73.98552413","13","ginkgo","Good"
"57045","40.74325315","-74.00658875","4","willow oak","Good"
"27923","40.73228924","-73.98460696","11","ginkgo","Good"
"27959","40.73180355","-73.98239432","7","honeylocust","Good"
"32118","40.74058057","-73.98755116","7","ginkgo","Good"
"35811","40.74048893","-74.00031081","8","honeylocust","Good"
"61934","40.752089","-74.00451593","2","honeylocust","Good"
"27849","40.73826548","-73.98593236","8","ginkgo","Good"
"27999","40.7366393","-73.98457961","11","honeylocust","Good"
"33922","40.73012891","-74.00206281","6","honeylocust","Good"
"27924","40.73222931","-73.98446252","10","ginkgo","Good"
"35814","40.7407319","-74.00088796","10","honeylocust","Good"
"27858","40.73792957","-73.98513704","4","crab apple","Good"
"28024","40.73374901","-73.98601984","10","American linden","Good"
"61935","40.75214805","-74.00447287","3","honeylocust","Fair"
"56975","40.74473147","-74.00494407","4","littleleaf linden","Good"
"27627","40.72900344","-74.00075404","7","littleleaf linden","Fair"
"35438","40.72997224","-73.97486291","10","honeylocust","Good"
"62243","40.75004561","-73.99991286","6","littleleaf linden","Good"
"62244","40.75008544","-74.00000763","9","littleleaf linden","Good"
"30681","40.73186379","-73.99374354","2","littleleaf linden","Good"
"62250","40.75033288","-74.00059647","7","littleleaf linden","Good"
"62252","40.75039262","-74.00073862","8","littleleaf linden","Good"
"62255","40.75053386","-74.00107474","6","littleleaf linden","Good"
"33983","40.7316453","-73.99293389","10","honeylocust","Good"
"33984","40.73169294","-73.99304687","7","honeylocust","Good"
"48320","40.73297684","-73.98219189","8","ginkgo","Fair"
"30273","40.7305379","-74.00024863","13","honeylocust","Fair"
"27630","40.72889202","-74.00052908","5","littleleaf linden","Poor"
"61924","40.75154943","-74.00347338","3","honeylocust","Good"
"61356","40.7547703","-73.97202861","7","honeylocust","Good"
"12991","40.73381129","-74.00170532","5","swamp white oak","Good"
"27928","40.73202137","-73.98396141","9","ginkgo","Good"
"28017","40.73536681","-73.9855042","12","honeylocust","Good"
"28018","40.73558086","-73.98534647","10","honeylocust","Good"
"13209","40.73156996","-74.00630527","4","swamp white oak","Fair"
"61923","40.75151886","-74.00340075","3","honeylocust","Good"
"33779","40.72825411","-74.00226516","2","honeylocust","Fair"
"27855","40.73800192","-73.98530835","21","ginkgo","Good"
"56977","40.74478393","-74.00506841","4","littleleaf linden","Good"
"61937","40.75226903","-74.00438465","2","honeylocust","Good"
"27979","40.73441571","-73.98227393","14","honeylocust","Good"
"59608","40.75356192","-74.00662507","14","honeylocust","Good"
"27958","40.73168857","-73.98247887","13","honeylocust","Good"
"27824","40.73859367","-73.99008845","6","ginkgo","Good"
"27810","40.73668665","-73.9855617","8","ginkgo","Good"
"13308","40.73315272","-74.00603506","3","swamp white oak","Good"
"27848","40.73830359","-73.98602259","15","ginkgo","Good"
"61357","40.75479298","-73.9720117","6","honeylocust","Fair"
"30436","40.72970422","-73.99677249","13","pin oak","Good"
"33780","40.72820979","-74.00217351","2","honeylocust","Poor"
"61938","40.75232904","-74.00434089","2","honeylocust","Good"
"27971","40.73402453","-73.98134277","8","ginkgo","Good"
"59609","40.75350867","-74.00649881","13","honeylocust","Good"
"27946","40.73505546","-73.98558491","11","honeylocust","Good"
"27856","40.73797581","-73.98524651","13","ginkgo","Good"
"30443","40.73025729","-73.99789988","13","pin oak","Good"
"27904","40.73417228","-73.98322887","5","honeylocust","Good"
"27644","40.72975499","-73.99887458","8","honeylocust","Fair"
"27944","40.73491462","-73.98524941","10","ginkgo","Good"
"28019","40.73319304","-73.98470528","2","silver linden","Good"
"61962","40.75230332","-74.00362379","5","pin oak","Fair"
"30444","40.73040545","-73.99820189","19","pin oak","Good"
"27798","40.73746193","-73.98536408","11","ginkgo","Good"
"33773","40.73083409","-73.99340097","9","Callery pear","Good"
"34165","40.73395448","-73.99843372","4","swamp white oak","Good"
"61917","40.75125539","-74.00277489","2","honeylocust","Good"
"27825","40.73862688","-73.9901674","8","ginkgo","Good"
"49837","40.72948649","-73.97761083","15","honeylocust","Good"
"30651","40.73425377","-73.99757536","9","ginkgo","Fair"
"30595","40.73165361","-73.9966865","8","Callery pear","Good"
"27989","40.73463572","-73.98314316","7","ginkgo","Good"
"61922","40.75145558","-74.00325044","3","honeylocust","Good"
"27980","40.7345431","-73.98257715","13","honeylocust","Good"
"27912","40.73362005","-73.98191258","9","ginkgo","Good"
"30277","40.73096286","-74.00105625","17","pin oak","Good"
"30449","40.73077316","-73.99895148","24","pin oak","Good"
"28026","40.73391454","-73.98641161","9","pin oak","Good"
"61964","40.75210019","-74.00314211","5","pin oak","Good"
"30278","40.73099131","-74.00111457","26","pin oak","Good"
"30593","40.73147854","-73.99681462","8","Callery pear","Fair"
"61070","40.75096114","-73.99791367","8","Callery pear","Good"
"61060","40.74998906","-73.99594003","17","Callery pear","Good"
"30279","40.73157696","-73.99720534","14","pin oak","Good"
"33967","40.72625533","-73.993513","14","Callery pear","Good"
"48322","40.73307144","-73.98241669","5","Callery pear","Fair"
"30452","40.73091462","-73.99923985","17","pin oak","Fair"
"35273","40.74180567","-74.00857588","13","Callery pear","Good"
"36634","40.74184466","-73.98618773","3","Callery pear","Good"
"39292","40.73598611","-73.98721415","6","Callery pear","Good"
"27278","40.72912881","-74.00008319","4","Japanese zelkova","Good"
"49052","40.73985004","-74.00541759","2","sweetgum","Good"
"57070","40.74240832","-74.00658189","4","Japanese zelkova","Good"
"27739","40.74096362","-73.99598604","5","Japanese zelkova","Good"
"33898","40.73189322","-73.99443206","9","Callery pear","Good"
"33948","40.73143368","-73.99425714","9","Callery pear","Good"
"28016","40.73528828","-73.98556207","14","honeylocust","Good"
"30274","40.73057731","-74.00032942","10","honeylocust","Fair"
"27815","40.73652929","-73.98518788","10","honeylocust","Good"
"27889","40.73246475","-73.9847199","10","honeylocust","Good"
"27957","40.73162054","-73.98252889","4","ginkgo","Good"
"27857","40.73795142","-73.98518878","16","ginkgo","Good"
"61936","40.75220902","-74.00442841","2","honeylocust","Good"
"33899","40.73194826","-73.99438448","13","Callery pear","Good"
"35863","40.73881777","-74.00011402","13","Japanese zelkova","Good"
"27740","40.74093699","-73.99592292","4","Japanese zelkova","Good"
"35802","40.739949","-73.99902834","13","Sophora","Good"
"28049","40.73508479","-73.98538983","7","Japanese zelkova","Good"
"33992","40.73197489","-73.99371559","5","ginkgo","Good"
"61918","40.75128916","-74.00285509","2","honeylocust","Good"
"61921","40.75140241","-74.00312413","3","honeylocust","Fair"
"28002","40.73226185","-73.98277955","8","ginkgo","Good"
"49896","40.72955255","-73.97435113","4","pin oak","Good"
"44560","40.73587671","-73.98215786","2","London planetree","Good"
"61966","40.75169475","-74.00218066","3","honeylocust","Good"
"59613","40.75307737","-74.00547613","17","honeylocust","Fair"
"33944","40.73115397","-73.99360041","9","Callery pear","Good"
"27847","40.7383369","-73.98610146","25","ginkgo","Good"
"27854","40.7380363","-73.98538974","13","ginkgo","Good"
"33897","40.73178819","-73.99452287","5","ginkgo","Good"
"27811","40.73666538","-73.98551119","10","ginkgo","Good"
"27992","40.73442623","-73.9856483","6","Japanese zelkova","Good"
"27826","40.73865875","-73.99024319","8","ginkgo","Good"
"27907","40.73384381","-73.98244592","8","honeylocust","Fair"
"61165","40.73649675","-73.97823941","15","honeylocust","Good"
"61167","40.73642414","-73.97806418","13","honeylocust","Good"
"28058","40.73447092","-73.98393444","4","London planetree","Good"
"59611","40.75340218","-74.0062463","14","honeylocust","Good"
"49836","40.72952086","-73.97769221","17","honeylocust","Good"
"27645","40.73894059","-73.99272118","3","Chinese elm","Good"
"27965","40.73498982","-73.98577875","11","honeylocust","Good"
"27966","40.73489887","-73.98584439","8","honeylocust","Good"
"28015","40.73522472","-73.982712","5","ginkgo","Good"
"57049","40.74312507","-74.00628433","4","willow oak","Good"
"61354","40.75498475","-73.97253837","2","American linden","Good"
"27669","40.72750722","-74.00075109","10","honeylocust","Fair"
"27988","40.73468382","-73.98310841","5","ginkgo","Good"
"33921","40.73017221","-74.00203807","5","green ash","Fair"
"27930","40.73190755","-73.9836871","16","ginkgo","Good"
"30445","40.73050898","-73.99841294","12","honeylocust","Good"
"30570","40.73389895","-73.99647821","13","ginkgo","Good"
"33771","40.73059994","-73.99359741","7","American linden","Good"
"27816","40.73650697","-73.98513484","7","ginkgo","Good"
"61961","40.75238584","-74.00381949","6","honeylocust","Good"
"27833","40.73817937","-73.99190721","5","American linden","Good"
"61919","40.75133595","-74.00296625","3","honeylocust","Good"
"27974","40.73423392","-73.9818412","15","honeylocust","Good"
"27976","40.73431805","-73.98204145","16","ginkgo","Good"
"61164","40.73656582","-73.97840609","11","honeylocust","Good"
"57047","40.74319894","-74.00645991","5","willow oak","Good"
"27668","40.72754203","-74.00082205","8","honeylocust","Good"
"27972","40.73408265","-73.98148112","9","ginkgo","Good"
"59615","40.75280926","-74.00484043","13","honeylocust","Good"
"59617","40.75270276","-74.00458792","13","honeylocust","Good"
"30623","40.7305432","-73.99578841","12","honeylocust","Good"
"61108","40.73409603","-73.97828829","4","honeylocust","Good"
"49843","40.72927888","-73.97711939","13","honeylocust","Good"
"61960","40.75244654","-74.00396342","3","honeylocust","Good"
"27797","40.73754059","-73.98530652","18","ginkgo","Good"
"27929","40.73199588","-73.98389996","3","ginkgo","Good"
"49598","40.734424","-74.00207607","2","ginkgo","Good"
"61166","40.73645999","-73.97815069","10","honeylocust","Good"
"27975","40.73426842","-73.98192332","20","London planetree","Good"
"61939","40.75239001","-74.00429643","2","honeylocust","Good"
"27643","40.72971645","-73.99879563","9","honeylocust","Fair"
"27922","40.73472706","-73.98332363","8","ginkgo","Good"
"27911","40.73365928","-73.9820061","6","ginkgo","Good"
"61169","40.73629204","-73.97774541","10","honeylocust","Good"
"28011","40.73499042","-73.98288126","6","ginkgo","Good"
"28013","40.7351131","-73.98279263","6","ginkgo","Good"
"61940","40.75245002","-74.00425267","3","honeylocust","Good"
"44431","40.73511353","-73.98183035","11","ginkgo","Good"
"27969","40.73393933","-73.98113999","12","honeylocust","Good"
"59607","40.75361544","-74.00675196","12","honeylocust","Good"
"59614","40.75286304","-74.00496795","14","honeylocust","Good"
"27905","40.7340152","-73.98285445","8","ginkgo","Good"
"61168","40.73638947","-73.97798053","8","honeylocust","Good"
"28012","40.73504815","-73.98283955","6","ginkgo","Good"
"49597","40.7344646","-74.00179018","11","ginkgo","Good"
"27851","40.73812811","-73.9856071","22","London planetree","Good"
"27330","40.72845692","-74.0007769","18","London planetree","Poor"
"27850","40.73822791","-73.9858434","23","London planetree","Good"
"57048","40.74315191","-74.00634812","4","willow oak","Good"
"61062","40.75025644","-73.99657952","6","American linden","Fair"
"30276","40.73093441","-74.00099794","20","London planetree","Good"
"57050","40.74309132","-74.00620412","5","willow oak","Good"
"33952","40.73052066","-73.9893466","4","London planetree","Poor"
"30448","40.73063631","-73.99867251","11","honeylocust","Fair"
"27774","40.73803018","-73.98692781","8","honeylocust","Good"
"27776","40.73809934","-73.98709524","10","ginkgo","Good"
"49856","40.72877077","-73.97591667","18","honeylocust","Good"
"28055","40.73484627","-73.98482433","12","London planetree","Good"
"33943","40.73106789","-73.99339829","6",,
"27326","40.72803287","-74.00113347","19","London planetree","Fair"
"30317","40.73387738","-73.99526574","11","London planetree","Fair"
"28034","40.73441596","-73.98406525","0",,
"61145","40.73628549","-73.97863772","11","honeylocust","Good"
"62256","40.7505705","-74.00116193","3","black oak","Good"
"27991","40.73446613","-73.98574299","5","Japanese zelkova","Fair"
"49895","40.72960968","-73.97448565","6","pin oak","Good"
"33778","40.72837955","-74.0025246","24","London planetree","Fair"
"61075","40.75126031","-73.99769652","6","Japanese zelkova","Poor"
"67926","40.74249369","-73.99598621","10","Callery pear","Good"
"33901","40.73205237","-73.99429446","16","Callery pear","Good"
"49610","40.73399062","-74.00120041","15","Callery pear","Good"
"13451","40.73368477","-74.00200218","2","'Schubert' chokecherry","Poor"
"61490","40.75692059","-73.97712602","6","honeylocust","Fair"
"61107","40.73405788","-73.9781981","10","honeylocust","Good"
"26812","40.73988703","-73.99524504","3","pin oak","Good"
"28035","40.73438094","-73.98398185","0",,
"27812","40.73664239","-73.98545657","17","London planetree","Fair"
"28051","40.73501611","-73.985227","7","Callery pear","Good"
"27998","40.73674508","-73.984503","14","silver linden","Good"
"49840","40.72938028","-73.97735943","12","honeylocust","Good"
"61074","40.75117092","-73.9977614","7","Japanese zelkova","Good"
"64417","40.74117415","-73.99256539","4","black oak","Good"
"33766","40.73028851","-73.99385867","5","Callery pear","Good"
"61959","40.75247955","-74.00404171","2","honeylocust","Good"
"27982","40.73470365","-73.98295935","8","American linden","Good"
"27973","40.73416598","-73.98167948","8","ginkgo","Good"
"59610","40.75345543","-74.00637255","11","honeylocust","Good"
"59612","40.75313115","-74.00560365","16","honeylocust","Poor"
"42859","40.73630342","-73.98716005","7","Callery pear","Good"
"33900","40.73201155","-73.99432976","10","Callery pear","Fair"
"67925","40.74252714","-73.9960658","10","Callery pear","Good"
"27942","40.73477377","-73.9849139","9","London planetree","Fair"
"62237","40.74978489","-73.99929244","4","London planetree","Poor"
"27328","40.72823773","-74.00096121","16","London planetree","Poor"
"61104","40.73394531","-73.97793194","11","honeylocust","Good"
"49854","40.72884033","-73.97608132","13","honeylocust","Good"
"27994","40.73433126","-73.98542294","10","ginkgo","Good"
"49547","40.73513099","-74.00175826","6","Chinese elm","Good"
"28037","40.73429764","-73.98378347","0",,
"30575","40.73360986","-73.99579197","16","ginkgo","Good"
"30447","40.73059377","-73.99858578","13","honeylocust","Good"
"27775","40.73806384","-73.9870093","8","ginkgo","Good"
"33767","40.73034589","-73.99381053","4","Callery pear","Good"
"12755","40.73356017","-74.00621471","17","pin oak","Fair"
"27814","40.73656784","-73.98527944","18","London planetree","Good"
"13158","40.73338786","-74.00392254","12","golden raintree","Good"
"12908","40.73203243","-74.00231253","11","black locust","Good"
"27358","40.72719904","-73.99977421","10","honeylocust","Fair"
"57068","40.74250817","-74.0068194","4","Japanese zelkova","Good"
"27652","40.7291888","-74.00136866","11","Japanese zelkova","Good"
"61355","40.75494369","-73.97244077","8","Callery pear","Good"
"35259","40.74206437","-73.99859685","6","ginkgo","Good"
"35266","40.74233533","-73.99924027","7","ginkgo","Good"
"35291","40.74202575","-74.00003596","10","American linden","Good"
"35298","40.74157152","-73.99895796","3","ginkgo","Good"
"36895","40.75844802","-73.98075515","3","honeylocust","Good"
"27428","40.72987842","-73.99957083","6","littleleaf linden","Good"
"30672","40.73145196","-73.99276889","4","littleleaf linden","Poor"
"34271","40.72978043","-74.00158881","11","littleleaf linden","Fair"
"44294","40.73713702","-73.9829967","7","Sophora","Fair"
"27813","40.73660651","-73.98537132","0",,
"28056","40.73474245","-73.98457819","2","littleleaf linden","Good"
"27938","40.73458651","-73.98446783","5","golden raintree","Fair"
"62257","40.75060023","-74.00123269","7","littleleaf linden","Good"
"36635","40.74181885","-73.9861265","6","Sophora","Good"
"67825","40.74186342","-73.99713189","9","Callery pear","Good"
"48905","40.74096475","-74.00340538","4","white oak","Good"
"48906","40.74093164","-74.00332718","3","white oak","Good"
"28004","40.73235531","-73.98300105","16","Sophora","Good"
"49221","40.73664335","-73.99537039","11","Sophora","Good"
"27908","40.73380311","-73.98234892","3","Sophora","Good"
"33775","40.73135625","-73.99164281","18","Sophora","Good"
"28006","40.73249751","-73.98333804","16","Sophora","Good"
"28000","40.73211713","-73.98243657","17","Sophora","Poor"
"49609","40.7340551","-74.00121816","13","Sophora","Good"
"28001","40.73217225","-73.9825672","14","Sophora","Good"
"35865","40.73912668","-73.99939156","8","littleleaf linden","Good"
"35860","40.73908727","-74.00075352","18","littleleaf linden","Good"
"61995","40.75305969","-74.00350368","4","Sophora","Good"
"35816","40.74081963","-74.00109634","17","Sophora","Good"
"27192","40.72872803","-74.00148951","2","sweetgum","Good"
"27779","40.73863323","-73.98681152","18","Sophora","Good"
"49608","40.73419587","-74.00125693","16","Sophora","Good"
"35812","40.74052694","-74.00040111","18","Sophora","Good"
"37892","40.73688247","-73.99013503","2","Sophora","Fair"
"49552","40.73492737","-74.0015698","11","Sophora","Fair"
"33825","40.73158742","-73.99125807","2","Sophora","Good"
"27777","40.73855351","-73.98662207","18","Sophora","Good"
"35813","40.74059952","-74.00057349","14","Sophora","Good"
"61171","40.73613749","-73.97737246","11","honeylocust","Good"
"30653","40.73432483","-73.99774389","9","ginkgo","Good"
"49846","40.72917494","-73.97687336","13","honeylocust","Good"
"63497","40.73458006","-73.98798081","0",,
"61991","40.75303413","-74.00382467","5","Sophora","Good"
"27931","40.73171827","-73.98323097","3","ginkgo","Good"
"44228","40.74231564","-74.00255662","12","Sophora","Good"
"26811","40.73996848","-73.99543736","4","ginkgo","Fair"
"49233","40.73587685","-73.99533357","8","Sophora","Fair"
"64473","40.74188148","-73.99262518","4","ginkgo","Good"
"27887","40.73271","-73.98454017","8","Sophora","Poor"
"30652","40.73428145","-73.997641","12","ginkgo","Good"
"33772","40.73066935","-73.99353918","7","American linden","Good"
"67827","40.74197056","-73.99705403","3","honeylocust","Good"
"61489","40.75690019","-73.97707733","7","honeylocust","Good"
"69270","40.72538369","-73.98182104","6","Sophora","Fair"
"33940","40.73284959","-73.99361039","9","ginkgo","Good"
"49235","40.73583587","-73.99523636","8","Sophora","Good"
"49503","40.73478952","-74.00199642","2","honeylocust","Fair"
"33973","40.73321081","-73.99348457","14","ginkgo","Good"
"49851","40.728946","-73.97633145","17","honeylocust","Good"
"49853","40.72887631","-73.97616648","12","honeylocust","Good"
"49553","40.73483822","-74.00154331","15","Sophora","Good"
"61143","40.73616403","-73.97872772","11","honeylocust","Good"
"61929","40.75190275","-74.0043127","3","honeylocust","Good"
"44569","40.73542027","-73.98100035","3","sweetgum","Good"
"33990","40.73190384","-73.99354707","10","Sophora","Good"
"27903","40.73419826","-73.98329079","0",,
"30275","40.73063154","-74.00044058","10","honeylocust","Fair"
"61115","40.73436053","-73.97891365","10","honeylocust","Good"
"61117","40.73450685","-73.9792596","11","honeylocust","Good"
"61111","40.73420367","-73.97854279","9","honeylocust","Good"
"27512","40.72913379","-73.99774241","12","ginkgo","Good"
"33828","40.73145994","-73.99095245","18","honeylocust","Good"
"44227","40.74225659","-74.00241646","10","Sophora","Poor"
"61105","40.73399173","-73.97804168","10","honeylocust","Good"
"61106","40.73402507","-73.97812052","10","honeylocust","Good"
"61109","40.73415884","-73.97836624","11","honeylocust","Good"
"49841","40.7293483","-73.97728373","15","honeylocust","Good"
"57097","40.74274618","-74.00419935","4","honeylocust","Good"
"49842","40.72931219","-73.97719825","13","honeylocust","Good"
"61073","40.7511195","-73.99779873","9","honeylocust","Poor"
"67826","40.74191675","-73.99709313","3","honeylocust","Good"
"49852","40.72891215","-73.97625133","13","honeylocust","Good"
"49839","40.72942119","-73.97745627","12","honeylocust","Good"
"42860","40.73624145","-73.9872051","3","ginkgo","Good"
"49855","40.72881021","-73.97601003","12","honeylocust","Good"
"49857","40.72873732","-73.9758375","13","honeylocust","Good"
"61930","40.75193599","-74.00439165","2","honeylocust","Good"
"63342","40.73537071","-73.98632884","9","honeylocust","Good"
"64546","40.74231407","-73.99164823","6","American linden","Good"
"64540","40.74173572","-73.99028646","5","American linden","Good"
"61135","40.73540709","-73.97927733","13","honeylocust","Good"
"33829","40.73140188","-73.99081324","18","honeylocust","Good"
"61110","40.73416873","-73.97846016","7","honeylocust","Good"
"61112","40.73423915","-73.97862667","11","honeylocust","Good"
"67829","40.74206136","-73.99698803","2","honeylocust","Good"
"67929","40.7420654","-73.99496727","8","American linden","Good"
"61113","40.73427543","-73.97871245","11","honeylocust","Good"
"64539","40.74170629","-73.99021714","8","American linden","Good"
"49844","40.72924596","-73.97704148","9","honeylocust","Good"
"61926","40.75161191","-74.00362179","3","honeylocust","Good"
"73833","40.74275453","-73.99633687","2",,
"67933","40.74186784","-73.99449729","7","American linden","Good"
"64542","40.74181923","-73.99048306","8","American linden","Good"
"61927","40.7516462","-74.00370326","3","honeylocust","Good"
"61928","40.75186952","-74.00423376","3","honeylocust","Good"
"30271","40.73208641","-73.9963675","10","ginkgo","Good"
"27327","40.72813368","-74.0010487","17","London planetree","Fair"
"44240","40.7431577","-74.00358964","7","pin oak","Good"
"27329","40.72835334","-74.000864","7","London planetree","Fair"
"57096","40.74268829","-74.00424068","4","honeylocust","Good"
"61925","40.75157921","-74.00354411","3","honeylocust","Good"
"34017","40.73288724","-73.99407496","11","ginkgo","Good"
"57043","40.7433209","-74.0067498","4","willow oak","Good"
"30270","40.73192028","-73.99649001","12","ginkgo","Good"
"30318","40.73394874","-73.99521174","18","London planetree","Fair"
"57046","40.74322604","-74.00652433","5","willow oak","Good"
"26810","40.74017198","-73.99591785","13","Callery pear","Good"
"27010","40.74022782","-73.99787529","10","Callery pear","Good"
"13013","40.72998595","-74.00330391","6","littleleaf linden","Good"
"33877","40.72714171","-73.99180434","6","honeylocust","Good"
"64538","40.74162198","-73.99001864","3","American linden","Good"
"25295","40.73774928","-73.99353837","10","littleleaf linden","Good"
"62023","40.75101905","-74.00188304","3","Japanese zelkova","Good"
"28036","40.73433902","-73.98388203","0",,
"48895","40.74138128","-74.00438913","5","Japanese zelkova","Good"
"48938","40.74185802","-74.00358622","5","black oak","Good"
"48945","40.74134166","-74.00235834","4","black oak","Good"
"33963","40.72569044","-73.99237168","6","Sophora","Good"
"64541","40.74179728","-73.99043139","7","American linden","Good"
"61133","40.7353319","-73.97946796","10","honeylocust","Good"
"61989","40.75226335","-74.00324809","2","ginkgo","Good"
"61144","40.73622428","-73.97868308","11","honeylocust","Good"
"67930","40.74203884","-73.9949041","9","American linden","Good"
"33827","40.73148792","-73.99101952","18","honeylocust","Good"
"25200","40.73875035","-73.99436731","9","dawn redwood","Good"
"61134","40.73533347","-73.97937965","11","honeylocust","Good"
"33876","40.72718353","-73.9918891","7","honeylocust","Good"
"27990","40.7343716","-73.98333398","2","ginkgo","Good"
"64547","40.74233548","-73.99169864","4","American linden","Good"
"62305","40.75137628","-73.9972965","6","Japanese zelkova","Good"
"62022","40.75107044","-74.00184565","3","Japanese zelkova","Good"
"61116","40.73443749","-73.97909561","11","honeylocust","Good"
"48325","40.73333183","-73.98303554","7","Callery pear","Good"
"33896","40.73168408","-73.99461289","7","Callery pear","Good"
"61118","40.73453966","-73.97933718","11","honeylocust","Good"
"67934","40.74184209","-73.99443602","5","American linden","Good"
"61114","40.73431278","-73.97880075","8","honeylocust","Good"
"64543","40.74188881","-73.9906469","8","ginkgo","Good"
"64406","40.74108941","-73.99260612","3","ginkgo","Good"
"64557","40.74207401","-73.99278988","8","honeylocust","Good"
"34018","40.73292498","-73.99416462","10","ginkgo","Good"
"27945","40.73500082","-73.98545475","13","London planetree","Fair"
"27978","40.73439368","-73.98222149","4","katsura tree","Fair"
"61987","40.7521095","-74.00288153","2","ginkgo","Good"
"64555","40.74215493","-73.9929826","9","honeylocust","Good"
"69460","40.72486554","-73.9808722","13","American linden","Fair"
"27357","40.7272899","-73.99969713","13","Sophora","Good"
"30571","40.73385773","-73.99638035","5","London planetree","Good"
"27943","40.73483796","-73.98506681","9","London planetree","Poor"
"13336","40.7314811","-74.00654454","19","sawtooth oak","Fair"
"77656","40.74533109","-73.99064006","2",,
"69480","40.72414147","-73.97915164","14","honeylocust","Good"
"30572","40.73380853","-73.99626356","17","London planetree","Good"
"61147","40.7364916","-73.97848499","11","honeylocust","Good"
"15026","40.74579333","-73.99582752","14","Chinese elm","Fair"
"79007","40.73820921","-73.98554331","8","ginkgo","Good"
"27967","40.73476943","-73.98593782","8","honeylocust","Good"
"61173","40.73605923","-73.9771836","9","honeylocust","Good"
"33969","40.73050629","-74.00204189","6","Chinese elm","Good"
"64558","40.74202678","-73.99267742","7","honeylocust","Good"
"67884","40.74214523","-73.99668652","2",,
"64544","40.74194448","-73.99077798","7","littleleaf linden","Good"
"33917","40.73036201","-74.00192962","5","green ash","Good"
"69612","40.72357281","-73.97753447","3","ginkgo","Good"
"61985","40.75159357","-74.00165232","4","honeylocust","Good"
"69170","40.72384226","-73.9840099","7","ginkgo","Good"
"69155","40.72486058","-73.98265687","11","ginkgo","Good"
"33920","40.730215","-74.00201362","6","green ash","Good"
"57071","40.74235654","-74.00645871","5","Japanese zelkova","Good"
"62042","40.75105327","-74.00155634","6","littleleaf linden","Good"
"69176","40.72456213","-73.97799293","4","London planetree","Fair"
"15024","40.74595625","-73.9962163","2","littleleaf linden","Good"
"12828","40.73192301","-74.00334955","6","black locust","Good"
"63343","40.73547418","-73.98657524","2","littleleaf linden","Fair"
"12992","40.73112258","-74.00464344","9","flowering dogwood","Good"
"69179","40.72443526","-73.97769103","6","London planetree","Fair"
"27027","40.73950815","-73.99617176","3","purple-leaf plum","Good"
"27906","40.73393328","-73.98265919","4","golden raintree","Good"
"30573","40.73373459","-73.99608806","11","London planetree","Fair"
"30574","40.73366145","-73.99591445","17","London planetree","Good"
"33870","40.73082661","-73.99063774","18","Sophora","Good"
"62041","40.7509932","-74.00159995","6","littleleaf linden","Good"
"13502","40.73621762","-74.00197851","5","littleleaf linden","Fair"
"64474","40.74175766","-73.99233005","6","littleleaf linden","Good"
"12909","40.73209047","-74.00214905","17","black locust","Good"
"69181","40.72433546","-73.97745355","5","London planetree","Fair"
"28032","40.73449236","-73.98424721","0",,
"62259","40.75066289","-74.00138179","3","black oak","Good"
"33965","40.72576932","-73.99253105","9","Sophora","Good"
"27532","40.72927677","-74.00218674","6","Sophora","Fair"
"44226","40.74220233","-74.00228766","13","Sophora","Good"
"61986","40.75164928","-74.00178504","5","honeylocust","Good"
"27650","40.72927419","-74.00154185","12","Sophora","Good"
"69436","40.72328312","-73.97642885","4","ginkgo","Good"
"15018","40.74636555","-73.99719302","14","Chinese elm","Fair"
"49548","40.73513871","-74.00168608","6","Chinese elm","Good"
"42862","40.73603007","-73.98735875","3","Japanese zelkova","Good"
"27977","40.73436768","-73.98215959","8","cherry","Good"
"33970","40.73047681","-74.0021352","5","Chinese elm","Fair"
"28005","40.73240724","-73.98312411","16","Sophora","Good"
"27939","40.73461914","-73.98454554","3","golden raintree","Good"
"33950","40.7303088","-73.98950207","7","Norway maple","Fair"
"33964","40.72572816","-73.99244789","10","Sophora","Good"
"115828","40.74609751","-74.00175979","2",,
"14983","40.74635494","-73.99691291","21","honeylocust","Fair"
"67895","40.74233903","-73.99678435","4","honeylocust","Good"
"27422","40.72925833","-74.00009501","9","black locust","Fair"
"12750","40.7351812","-74.00329108","1","Cornelian cherry","Fair"
"64407","40.74122584","-73.99292961","5","willow oak","Good"
"64409","40.7412868","-73.99307415","4","willow oak","Good"
"27647","40.72941689","-74.00183131","13","Sophora","Fair"
"33949","40.73149295","-73.99439629","5",,
"61137","40.73554119","-73.9791808","13","honeylocust","Good"
"27877","40.7379333","-73.98670165","16","willow oak","Good"
"64408","40.74125965","-73.99300977","5","willow oak","Good"
"69435","40.72357598","-73.97621543","2","honeylocust","Good"
"61136","40.73547354","-73.9792295","11","honeylocust","Good"
"49848","40.72907112","-73.97669822","3","Kentucky coffeetree","Good"
"49607","40.73434497","-74.00129799","15","Japanese zelkova","Good"
"64416","40.74113479","-73.99247195","3","black oak","Good"
"62261","40.75073722","-74.0015587","3","black oak","Good"
"57095","40.74252187","-74.00435952","8","pin oak","Good"
"69556","40.72759526","-73.98228998","13","katsura tree","Good"
"49504","40.73495085","-74.00190503","4","Sophora","Good"
"44231","40.74259544","-74.00322083","18","Sophora","Good"
"64556","40.74211434","-73.99288592","9","honeylocust","Good"
"32032","40.73878138","-73.98869771","7","honeylocust","Good"
"69177","40.72453559","-73.97792977","4","London planetree","Fair"
"69618","40.7237569","-73.9779704","9","American hophornbeam","Fair"
"61996","40.7528207","-74.00293424","4","Sophora","Good"
"67931","40.74201362","-73.99484409","3","Japanese zelkova","Good"
"69180","40.72435616","-73.97750281","6","London planetree","Fair"
"14982","40.74630809","-73.99680181","21","American elm","Good"
"49219","40.73633506","-73.99463418","8","Sophora","Poor"
"35815","40.74076832","-74.00097447","10","Sophora","Good"
"27970","40.73397516","-73.98122527","2",,
"12910","40.73214735","-74.00198883","13","black locust","Good"
"12773","40.73124107","-74.0037198","5","black locust","Good"
"12774","40.73122488","-74.00377113","9","black locust","Good"
"15021","40.74615494","-73.99669044","18","littleleaf linden","Good"
"69472","40.72447574","-73.97994593","3","cherry","Fair"
"27941","40.73468837","-73.98471045","4","golden raintree","Good"
"27421","40.72921816","-74.00012897","5","golden raintree","Fair"
"61148","40.73657338","-73.97842439","13","honeylocust","Good"
"44354","40.73561182","-73.98300856","4","golden raintree","Good"
"34092","40.72546159","-73.9929148","4","golden raintree","Fair"
"69172","40.72394242","-73.98424794","9","ginkgo","Good"
"69153","40.72476155","-73.98242213","15","honeylocust","Good"
"69404","40.72648745","-73.97915867","11","honeylocust","Fair"
"62001","40.75216632","-74.00137512","4","river birch","Good"
"69406","40.72641308","-73.97898185","7","green ash","Good"
"27719","40.72676352","-73.99923799","3","Schumard's oak","Good"
"12752","40.73504578","-74.00325215","15","silver maple","Fair"
"12835","40.73099946","-74.00449641","14","black locust","Fair"
"44290","40.73735624","-73.9835177","16","Sophora","Fair"
"44297","40.73703831","-73.9827621","9","Sophora","Poor"
"27325","40.72793252","-74.00121785","6","Callery pear","Fair"
"33947","40.73136905","-73.99410539","9","Callery pear","Good"
"69479","40.72420511","-73.97930286","4","American linden","Fair"
"33995","40.73210742","-73.99402992","18","Callery pear","Good"
"32069","40.73923213","-73.9882291","4","Callery pear","Fair"
"30584","40.73309263","-73.99482378","8","littleleaf linden","Good"
"53273","40.74591235","-74.00774145","6","honeylocust","Good"
"61179","40.73577402","-73.97649537","14","honeylocust","Good"
"33945","40.73119661","-73.99370052","8","Callery pear","Good"
"67822","40.74175292","-73.99721221","7","Callery pear","Good"
"12779","40.73163633","-74.00318378","4","black locust","Good"
"33993","40.7320188","-73.99381974","19","Callery pear","Good"
"30583","40.73313376","-73.9949217","13","Callery pear","Good"
"69405","40.72645372","-73.97907847","8","honeylocust","Fair"
"27649","40.72933061","-74.0016563","6","golden raintree","Good"
"59619","40.75232628","-74.00465155","6","honeylocust","Good"
"69473","40.72444306","-73.97986827","2","cherry","Fair"
"69156","40.72494019","-73.98284555","12","honeylocust","Good"
"28022","40.73331642","-73.98499822","2","silver linden","Good"
"28054","40.73488753","-73.98492216","3","Callery pear","Good"
"53272","40.74587355","-74.00764924","6","honeylocust","Good"
"69175","40.72459053","-73.97806052","6","tree of heaven","Good"
"69151","40.72466038","-73.98218234","7","honeylocust","Good"
"69158","40.72505906","-73.9831273","24","honeylocust","Good"
"69608","40.72342895","-73.97719379","12","honeylocust","Good"
"30585","40.73303399","-73.99468417","8","Callery pear","Good"
"67821","40.74171689","-73.9972384","11","Callery pear","Good"
"67828","40.74200707","-73.99702749","7","Callery pear","Good"
"61176","40.73589666","-73.97679132","11","honeylocust","Good"
"61178","40.73581499","-73.97659423","13","honeylocust","Good"
"61180","40.7357341","-73.97639904","13","honeylocust","Good"
"61174","40.73601983","-73.97708854","13","honeylocust","Good"
"67880","40.74197327","-73.99627793","11","Callery pear","Good"
"13450","40.73366951","-74.00210929","2","'Schubert' chokecherry","Poor"
"13452","40.73369993","-74.00189579","3","'Schubert' chokecherry","Fair"
"27510","40.72899656","-73.99746248","6","Callery pear","Fair"
"67811","40.7414429","-73.99683804","7","Callery pear","Good"
"61063","40.75035694","-73.99681989","13","Callery pear","Good"
"61177","40.73585517","-73.97669119","14","honeylocust","Good"
"71128","40.72836635","-74.00367464","13","honeylocust","Fair"
"61183","40.735615","-73.97611165","13","honeylocust","Good"
"71129","40.72835201","-74.00351702","11","honeylocust","Fair"
"69407","40.72638413","-73.97891301","3","honeylocust","Good"
"61139","40.7356813","-73.97907994","8","honeylocust","Good"
"61140","40.73575593","-73.97902622","11","honeylocust","Good"
"69160","40.72522412","-73.98351854","6","American linden","Good"
"69617","40.72370441","-73.97784612","2","honeylocust","Good"
"69133","40.72679716","-73.9831015","15","honeylocust","Good"
"61120","40.73462583","-73.9795409","13","honeylocust","Good"
"64478","40.74162985","-73.99202545","3","honeylocust","Good"
"27789","40.73823727","-73.98654889","15","ginkgo","Good"
"27791","40.73833434","-73.98647842","11","ginkgo","Good"
"61185","40.73549944","-73.97583281","13","honeylocust","Good"
"61187","40.73529971","-73.97535086","10","honeylocust","Good"
"69218","40.72338663","-73.97917091","3","honeylocust","Good"
"67823","40.74178895","-73.99718602","7","Callery pear","Good"
"27509","40.72893545","-73.99733784","5","Callery pear","Fair"
"27511","40.72905529","-73.99758228","7","Callery pear","Fair"
"67810","40.74142293","-73.9967907","7","Callery pear","Good"
"69161","40.72527842","-73.98364727","14","honeylocust","Good"
"61005","40.74929722","-73.99620656","4","American linden","Good"
"30472","40.73088881","-73.99429273","8","Callery pear","Fair"
"69445","40.72311982","-73.98230181","11","honeylocust","Fair"
"61175","40.73593711","-73.97688892","11","honeylocust","Good"
"61119","40.73458848","-73.9794526","13","honeylocust","Good"
"30217","40.73647016","-73.99339425","11","ginkgo","Good"
"71099","40.72540047","-74.00849102","7","honeylocust","Good"
"61303","40.75358454","-73.97254586","8","honeylocust","Good"
"61269","40.75356244","-73.97304137","7","honeylocust","Good"
"61271","40.7534539","-73.97278499","7","honeylocust","Good"
"30579","40.73330863","-73.99533802","5","Callery pear","Good"
"67879","40.74194457","-73.99620973","3","Callery pear","Good"
"61182","40.73565479","-73.97620766","8","honeylocust","Good"
"61184","40.73557744","-73.97602103","11","honeylocust","Good"
"61146","40.73635005","-73.97858988","12","honeylocust","Good"
"33946","40.73127278","-73.99387934","6","Callery pear","Good"
"69174","40.7246184","-73.97812683","6","tree of heaven","Good"
"20092","40.75735644","-73.96847095","5","Callery pear","Fair"
"69446","40.72307859","-73.98220399","3","honeylocust","Fair"
"69163","40.72335392","-73.98284939","3","honeylocust","Good"
"61172","40.73609836","-73.97727803","12","honeylocust","Good"
"69613","40.7236205","-73.97764739","4","ginkgo","Good"
"69131","40.72693012","-73.98300452","14","honeylocust","Good"
"27981","40.73462457","-73.9827711","6","Callery pear","Good"
"67807","40.74119453","-73.99624913","8","Callery pear","Good"
"67808","40.74122594","-73.99632362","5","Callery pear","Good"
"20093","40.75738436","-73.96853726","6","Callery pear","Fair"
"13406","40.73502257","-74.00027164","9","Callery pear","Fair"
"30580","40.73326484","-73.99523378","10","honeylocust","Good"
"69267","40.72522664","-73.9814483","5","ginkgo","Good"
"61181","40.73569392","-73.97630208","10","honeylocust","Good"
"71041","40.72686138","-74.00885429","4","honeylocust","Good"
"27460","40.72848714","-73.9974015","17","London planetree","Good"
"61030","40.75072335","-73.99797177","8","honeylocust","Good"
"35827","40.73973756","-74.00022138","8","honeylocust","Good"
"35834","40.73941373","-73.99945479","7","ginkgo","Good"
"44165","40.74215199","-74.00242365","6","honeylocust","Good"
"69162","40.72532608","-73.98376022","4","honeylocust","Good"
"59620","40.7522293","-74.00472225","14","honeylocust","Good"
"63346","40.73568112","-73.98706804","8","honeylocust","Good"
"49877","40.72877341","-73.97573659","15","honeylocust","Good"
"69547","40.72679027","-73.98287633","5","crab apple","Fair"
"30493","40.73324425","-73.99551113","11","ginkgo","Good"
"29943","40.7381637","-73.99478034","8","honeylocust","Good"
"44626","40.73606208","-73.98499737","8","honeylocust","Good"
"33942","40.73102498","-73.99329754","9","Callery pear","Good"
"67885","40.742175","-73.99675725","13","Callery pear","Good"
"71101","40.725263","-74.00851425","7","honeylocust","Good"
"27897","40.73417571","-73.98530882","2","ginkgo","Fair"
"69620","40.72386959","-73.97823727","2","London planetree","Good"
"61294","40.75398515","-73.97239548","5","honeylocust","Good"
"13553","40.73358917","-74.00202341","2","swamp white oak","Fair"
"30582","40.73316746","-73.99500193","10","London planetree","Good"
"73478","40.72441445","-73.99266005","10","honeylocust","Good"
"27786","40.73806211","-73.98667606","3","ginkgo","Good"
"69273","40.72555696","-73.98223228","11","honeylocust","Fair"
"71241","40.72777897","-74.00388351","4","ginkgo","Good"
"49619","40.73384038","-74.00088732","2","American linden","Fair"
"61032","40.75066404","-73.99783013","7","honeylocust","Fair"
"71177","40.72773979","-74.00466028","9","honeylocust","Fair"
"13555","40.73352259","-74.00221906","2","swamp white oak","Good"
"30473","40.73107314","-73.99413588","10","American linden","Good"
"69178","40.72446233","-73.97775545","7","London planetree","Good"
"27788","40.73818128","-73.98658954","14","ginkgo","Good"
"71131","40.72833263","-74.00330386","12","honeylocust","Fair"
"67932","40.7418944","-73.99456046","4","pin oak","Good"
"27909","40.73374744","-73.98221621","3","pin oak","Good"
"69241","40.72520006","-73.98403662","2","American elm","Good"
"71097","40.72575111","-74.00843177","3","American elm","Good"
"62040","40.75093938","-74.00163902","3","pin oak","Good"
"13186","40.73485469","-74.00369099","8","green ash","Good"
"13583","40.73538089","-74.00407037","4","'Schubert' chokecherry","Good"
"27537","40.72906509","-74.00234741","4","'Schubert' chokecherry","Fair"
"48971","40.74050077","-74.00510704","3","willow oak","Good"
"49322","40.73435078","-73.99916957","17","London planetree","Good"
"62012","40.75164362","-74.0014303","3","river birch","Fair"
"49623","40.73390106","-74.00051104","16","London planetree","Fair"
"30361","40.73125475","-74.00110533","16","London planetree","Good"
"44565","40.73564571","-73.98153702","3","American linden","Good"
"33972","40.73042333","-74.00230447","5","Chinese elm","Good"
"71098","40.72555129","-74.00846554","0",,
"73480","40.72474282","-73.99254239","18","London planetree","Poor"
"49037","40.73899597","-74.00555378","13","willow oak","Fair"
"30587","40.73296698","-73.99452465","12","London planetree","Fair"
"30474","40.73112383","-73.99409274","2","silver linden","Fair"
"57073","40.74229519","-74.0063128","5","Japanese zelkova","Good"
"63173","40.75834206","-73.97071898","10","willow oak","Good"
"69555","40.72752323","-73.98234244","0",,
"71061","40.72874178","-74.00743134","5","Japanese zelkova","Good"
"63462","40.73483885","-73.98688488","13","London planetree","Fair"
"67873","40.74156688","-73.99531236","0",,
"71064","40.72880273","-74.00807218","5","Japanese zelkova","Good"
"71062","40.72875063","-74.00752442","5","Japanese zelkova","Good"
"71237","40.72782339","-74.0043398","9","northern red oak","Good"
"41445","40.74264455","-73.98617121","4","Japanese zelkova","Good"
"33974","40.73311327","-73.99356934","3",,
"28023","40.73336162","-73.98510555","5","pin oak","Fair"
"69437","40.72320822","-73.97648343","7","pin oak","Fair"
"33941","40.73090832","-73.99302365","9","Callery pear","Good"
"61088","40.7512339","-73.99725356","6","Japanese zelkova","Good"
"73513","40.72540484","-73.99230494","4","northern red oak","Fair"
"67896","40.74238425","-73.9967502","0",,
"41447","40.74253106","-73.98590156","3","Japanese zelkova","Good"
"41451","40.7424165","-73.98562938","3","Japanese zelkova","Good"
"71063","40.72875931","-74.00761572","5","Japanese zelkova","Good"
"71065","40.72881158","-74.00816527","4","Japanese zelkova","Good"
"59603","40.75358417","-74.00698724","10","Japanese zelkova","Good"
"41449","40.74247311","-73.98576389","3","Japanese zelkova","Good"
"64477","40.74164974","-73.99207284","4","black oak","Good"
"61265","40.75386937","-73.97376639","3",,
"67875","40.74161951","-73.9954374","7","Callery pear","Good"
"67876","40.74166257","-73.9955397","7","Callery pear","Good"
"64549","40.74245565","-73.99198159","4","Callery pear","Good"
"69550","40.7271067","-73.98264585","5","Callery pear","Fair"
"69548","40.7268743","-73.98281512","5","Callery pear","Good"
"69542","40.72628682","-73.98324303","5","Callery pear","Good"
"69549","40.72704259","-73.98269254","11","Callery pear","Good"
"69553","40.72736046","-73.98246101","13","Callery pear","Good"
"61285","40.75357565","-73.97336256","2","Japanese zelkova","Good"
"67824","40.741837","-73.9971511","8","Callery pear","Good"
"67809","40.74126055","-73.99640567","5","Callery pear","Fair"
"67877","40.74183055","-73.99593881","9","Callery pear","Good"
"67882","40.74206603","-73.99649833","7","Callery pear","Good"
"64476","40.74169932","-73.99219102","8","Callery pear","Good"
"61302","40.7538585","-73.97234857","5",,
"61090","40.75109857","-73.99693211","5","Japanese zelkova","Good"
"71235","40.72785412","-74.00465545","19","northern red oak","Good"
"67883","40.74210616","-73.99659369","11","Callery pear","Good"
"61065","40.75044289","-73.99702546","15","Callery pear","Good"
"33976","40.73285181","-73.99379661","7","Callery pear","Good"
"64475","40.74172451","-73.99225106","13","Callery pear","Good"
"20094","40.75742291","-73.96862884","5","Japanese zelkova","Poor"
"41444","40.74267299","-73.98623878","3",,
"61264","40.75390582","-73.97385249","6","Japanese zelkova","Good"
"69543","40.7263538","-73.98319424","5","Callery pear","Fair"
"71149","40.7278831","-74.0071252","11","Callery pear","Good"
"61266","40.7538356","-73.9736866","6","Japanese zelkova","Fair"
"61064","40.7503937","-73.99690781","11","Callery pear","Good"
"33975","40.73292233","-73.99373532","10","Callery pear","Good"
"64550","40.74249633","-73.99207737","4","Callery pear","Good"
"57094","40.74246494","-74.00440017","7",,
"27820","40.7376311","-73.99024919","5","Callery pear","Fair"
"61072","40.75105606","-73.99784477","6","Callery pear","Fair"
"64551","40.7425437","-73.99218891","4","Callery pear","Good"
"67927","40.74246129","-73.99590914","13","Callery pear","Good"
"69551","40.72719","-73.98258516","3","Callery pear","Fair"
"49620","40.73385558","-74.00079307","22","Callery pear","Good"
"61034","40.75047713","-73.9973837","11","Callery pear","Good"
"61038","40.75024096","-73.99681966","8","Callery pear","Good"
"73479","40.72457811","-73.99260141","18","Callery pear","Good"
"53267","40.74527505","-74.00622696","4",,
"63413","40.73506774","-73.98788757","7",,
"57029","40.74432171","-74.00547666","0",,
"13341","40.73253826","-74.00047578","7","Callery pear","Good"
"69478","40.7242261","-73.97935274","14","Callery pear","Fair"
"69622","40.72399653","-73.97853788","10","Callery pear","Fair"
"57072","40.74232467","-74.00638291","5","Japanese zelkova","Good"
"61041","40.75012129","-73.99653385","7","Callery pear","Fair"
"69465","40.72468964","-73.98045421","5","Callery pear","Fair"
"35316","40.74160708","-74.00085706","2","Japanese zelkova","Good"
"27821","40.73769869","-73.99023365","7","Callery pear","Good"
"20095","40.75749737","-73.96880568","6","Japanese zelkova","Fair"
"61089","40.75115015","-73.99705462","5","Japanese zelkova","Fair"
"69545","40.72650097","-73.98308704","5","Callery pear","Fair"
"69462","40.72478822","-73.98068846","4",,
"59601","40.75323917","-74.00712042","11","Japanese zelkova","Good"
"59602","40.75333293","-74.00708423","10","Japanese zelkova","Good"
"61091","40.75107465","-73.99687527","6","Japanese zelkova","Good"
"71233","40.72787593","-74.00487948","8","Chinese elm","Good"
"71234","40.72786513","-74.00476854","14","Chinese elm","Good"
"61267","40.75376751","-73.97352577","6","Japanese zelkova","Poor"
"61069","40.75080257","-73.99788572","8","Callery pear","Good"
"61044","40.74981496","-73.99580225","6","Callery pear","Good"
"69546","40.72670456","-73.98293875","8","Callery pear","Fair"
"64548","40.74241524","-73.99188643","4","Callery pear","Good"
"61268","40.7537336","-73.97344567","9","Japanese zelkova","Good"
"71232","40.7278944","-74.00506915","3","Japanese zelkova","Good"
"13340","40.73262018","-74.00041702","10","mulberry","Good"
"30649","40.73411564","-73.99724779","6","Callery pear","Good"
"61067","40.75073037","-73.99771304","10","Callery pear","Good"
"69271","40.72542744","-73.98192487","8","tree of heaven","Good"
"69554","40.72744305","-73.98240085","6","Callery pear","Good"
"61066","40.75049526","-73.99715071","16","Callery pear","Good"
"61281","40.75339858","-73.97294071","7","Callery pear","Fair"
"27893","40.73401267","-73.98491854","7","Callery pear","Fair"
"69463","40.72475965","-73.98062058","7","Callery pear","Good"
"71148","40.72782372","-74.00713488","4","Callery pear","Good"
"61039","40.75019463","-73.996709","9","Callery pear","Good"
"61040","40.750161","-73.99662869","11","Callery pear","Good"
"61280","40.75336542","-73.97286171","7","Callery pear","Fair"
"67881","40.74201234","-73.99637076","16","Callery pear","Good"
"61061","40.7500155","-73.99600328","12","Callery pear","Good"
"67812","40.74147617","-73.99691694","7","Callery pear","Good"
"67878","40.74191693","-73.99614405","14","Callery pear","Good"
"27896","40.73413792","-73.98521836","5","Callery pear","Poor"
"69469","40.72455678","-73.98013851","15","Callery pear","Fair"
"71231","40.72790185","-74.00514574","3","Japanese zelkova","Good"
"71147","40.72775944","-74.00714537","8","Callery pear","Good"
"67874","40.74157885","-73.99534078","0",,
"57113","40.74383164","-74.00340943","8","Japanese zelkova","Good"
"57114","40.74393821","-74.00333169","9","Japanese zelkova","Good"
"69164","40.72340905","-73.9829804","5","Callery pear","Good"
"71181","40.72769484","-74.00416227","10","Callery pear","Good"
"63222","40.75792397","-73.96937298","4","Callery pear","Fair"
"30581","40.73322716","-73.99514407","13","honeylocust","Good"
"69616","40.72368657","-73.97780385","5","littleleaf linden","Good"
"49040","40.73925366","-74.00551493","10","Callery pear","Good"
"59618","40.75242231","-74.00458155","8","honeylocust","Fair"
"27846","40.73837434","-73.98619011","10","green ash","Good"
"61042","40.75005377","-73.9963726","10","honeylocust","Good"
"61291","40.75418948","-73.97287255","6","honeylocust","Good"
"53200","40.74440128","-74.00642371","8","honeylocust","Good"
"71146","40.72757912","-74.00717478","11","Callery pear","Good"
"61036","40.75032118","-73.99701125","7","Callery pear","Good"
"69467","40.72463942","-73.98033488","14","Callery pear","Fair"
"61304","40.75348921","-73.97261452","8","honeylocust","Good"
"61186","40.73546018","-73.97573807","10","honeylocust","Good"
"63381","40.7356904","-73.98742843","4","black oak","Good"
"61292","40.75415743","-73.9727977","5","honeylocust","Good"
"70983","40.72733238","-74.00800735","9","honeylocust","Good"
"64552","40.74258411","-73.99228407","4","Callery pear","Good"
"67928","40.74242279","-73.99581754","9","Callery pear","Good"
"69272","40.725466","-73.9820164","11","tree of heaven","Fair"
"69540","40.72611132","-73.98337086","6","Callery pear","Good"
"69475","40.72437132","-73.9796978","5","Callery pear","Fair"
"69477","40.7242916","-73.97950838","10","silver linden","Fair"
"63498","40.73454626","-73.98790066","7","honeylocust","Good"
"71100","40.72533024","-74.00850289","5","honeylocust","Good"
"61031","40.75069078","-73.99789399","8","honeylocust","Good"
"61270","40.75350717","-73.97291082","8","honeylocust","Fair"
"27226","40.72905583","-74.00110612","2","swamp white oak","Good"
"30509","40.73104005","-73.99365534","3","swamp white oak","Good"
"35318","40.74154635","-74.00071318","7","honeylocust","Good"
"57026","40.74451663","-74.0059395","4","American linden","Good"
"49038","40.73911731","-74.00553548","11","honeylocust","Good"
"63460","40.73476818","-73.98671689","9","ginkgo","Good"
"27790","40.73828196","-73.98651645","8","ginkgo","Good"
"27792","40.73838912","-73.98643864","7","ginkgo","Good"
"61033","40.75050757","-73.99745642","7","ginkgo","Good"
"49622","40.73388797","-74.00059223","2","American linden","Good"
"53197","40.74423657","-74.00654368","7","honeylocust","Good"
"53199","40.74434077","-74.00646778","6","honeylocust","Good"
"35317","40.74157964","-74.00079206","8","honeylocust","Good"
"71002","40.72796064","-74.0069537","4","ginkgo","Good"
"69615","40.72365979","-73.97774045","10","littleleaf linden","Fair"
"71183","40.72766988","-74.00388568","10","ginkgo","Good"
"61306","40.75414445","-73.97213712","6","honeylocust","Good"
"73542","40.72839895","-73.99875591","16","American linden","Good"
"71244","40.72773235","-74.00340467","4","ginkgo","Good"
"71178","40.72773022","-74.00455423","7","honeylocust","Fair"
"62043","40.75110133","-74.00152146","6","littleleaf linden","Fair"
"62044","40.75116092","-74.0014782","7","littleleaf linden","Poor"
"62045","40.75122196","-74.00143389","6","littleleaf linden","Poor"
"63499","40.73450367","-73.98779967","6","littleleaf linden","Good"
"27787","40.73813371","-73.98662408","8","ginkgo","Good"
"63458","40.73468158","-73.98651102","2","honeylocust","Good"
"27894","40.73407397","-73.98506529","9","ginkgo","Good"
"61043","40.75001141","-73.99627143","10","honeylocust","Good"
"53198","40.74428075","-74.0065115","6","honeylocust","Good"
"61307","40.75435873","-73.97197843","9","ginkgo","Good"
"73543","40.72830564","-73.99883467","13","honeylocust","Good"
"73495","40.73431891","-73.99560678","13","littleleaf linden","Good"
"49220","40.73640574","-73.99480298","14","Callery pear","Fair"
"33987","40.73180551","-73.99331385","11","Callery pear","Fair"
"71186","40.72764459","-74.0036055","5","ginkgo","Fair"
"61308","40.75441422","-73.97193734","5","ginkgo","Good"
"71004","40.7279399","-74.00673968","4","ginkgo","Good"
"14984","40.74643693","-73.99710734","7","red maple","Fair"
"33776","40.73144703","-73.99156689","15","Sophora","Fair"
"63554","40.73405983","-73.98703697","4","honeylocust","Good"
"30591","40.73282714","-73.99419173","12","London planetree","Fair"
"62260","40.75070005","-74.00147025","7","littleleaf linden","Good"
"57052","40.74235892","-74.0047497","7","pin oak","Good"
"49036","40.73888525","-74.00557047","7","honeylocust","Good"
"71003","40.7279537","-74.00688212","3","ginkgo","Good"
"28007","40.73256754","-73.98350401","5","red maple","Poor"
"33826","40.73153991","-73.99114417","14","London planetree","Good"
"69132","40.726873","-73.98304619","13","pin oak","Good"
"73481","40.72485669","-73.99250158","18","London planetree","Good"
"71179","40.72771327","-74.00436649","4","London planetree","Fair"
"69171","40.72388131","-73.98410272","6","pin oak","Good"
"63175","40.75826673","-73.9705403","6","willow oak","Fair"
"63177","40.75819034","-73.9703591","5","willow oak","Good"
"71125","40.72840655","-74.00411672","5","American elm","Good"
"69169","40.72376122","-73.98381733","3","pin oak","Good"
"57051","40.7423202","-74.00465744","7","pin oak","Good"
"48970","40.74058807","-74.00509147","3","willow oak","Good"
"73494","40.73444757","-73.99591321","15","London planetree","Good"
"63415","40.73492801","-73.98798934","6","pin oak","Good"
"57032","40.74390819","-74.0044948","3","pin oak","Good"
"27778","40.7385959","-73.98672279","16","Sophora","Good"
"28003","40.73230206","-73.98287484","16","Sophora","Good"
"35809","40.7403241","-73.99991931","14","Sophora","Good"
"28053","40.7349296","-73.98502188","20","London planetree","Good"
"71242","40.7277681","-74.00377185","13","Chinese elm","Good"
"74502","40.73620892","-73.98624328","10","London planetree","Fair"
"67813","40.74151637","-73.99701225","0",,
"71236","40.72783907","-74.00450084","5","northern red oak","Good"
"28033","40.73444885","-73.98414359","4","cherry","Good"
"61006","40.74959222","-73.99690845","4","Amur maple","Good"
"57112","40.74364156","-74.00354811","7","Japanese zelkova","Good"
"71040","40.72727247","-74.00878496","4","Japanese zelkova","Good"
"63174","40.758304","-73.9706287","8","willow oak","Good"
"73482","40.72507807","-73.99242225","7","northern red oak","Good"
"61087","40.75130303","-73.99741776","6","Japanese zelkova","Good"
"73515","40.72554983","-73.9922523","4","Japanese zelkova","Fair"
"69188","40.72407002","-73.97682195","12","Chinese elm","Good"
"61282","40.75343121","-73.97301845","6",,
"69621","40.72396589","-73.97846533","4","tartar maple","Good"
"49899","40.72933099","-73.97382943","0",,
"61963","40.75221467","-74.00341357","6","pin oak","Good"
"69605","40.72323686","-73.97673893","8","northern red oak","Fair"
"49618","40.73382962","-74.00095403","15","Callery pear","Fair"
"61004","40.74925792","-73.99611305","3","Japanese zelkova","Good"
"48969","40.74082223","-74.00558447","10",,
"61252","40.75292929","-73.97347703","6","Callery pear","Fair"
"69459","40.7249394","-73.98104773","6","Callery pear","Good"
"69624","40.72405101","-73.9786669","11","Callery pear","Fair"
"63223","40.75816114","-73.96924047","8","Callery pear","Fair"
"49617","40.73381527","-74.00104298","10","Callery pear","Fair"
"71243","40.72775486","-74.00363586","3","Callery pear","Good"
"69461","40.72483179","-73.98079201","7","Callery pear","Good"
"69474","40.72440453","-73.97977672","4","Callery pear","Fair"
"61352","40.75502407","-73.97263185","9","Callery pear","Good"
"35766","40.73709611","-73.9847194","14","Callery pear","Good"
"28021","40.73327733","-73.98490542","2","silver linden","Good"
"57028","40.74440893","-74.00568377","5","Callery pear","Poor"
"49039","40.73919857","-74.00552323","9","ginkgo","Fair"
"69623","40.7240237","-73.97860223","10","Callery pear","Fair"
"63396","40.73478865","-73.98650531","10","honeylocust","Good"
"69604","40.72318891","-73.97662537","10","northern red oak","Good"
"57074","40.7422628","-74.00623573","5","Japanese zelkova","Good"
"44477","40.73800695","-73.98340473","8","Callery pear","Fair"
"69414","40.7261196","-73.97828404","8","Callery pear","Good"
"61253","40.75286957","-73.97306256","7","Callery pear","Poor"
"69184","40.72423592","-73.9772167","8","American linden","Good"
"49887","40.72946939","-73.97523107","14","honeylocust","Good"
"49889","40.7295859","-73.97514644","12","honeylocust","Good"
"71272","40.72579641","-74.0098675","4","Callery pear","Good"
"44471","40.73772574","-73.98273706","8","Callery pear","Fair"
"71122","40.72427819","-74.00793036","0",,
"44472","40.73775978","-73.98281787","9","Callery pear","Good"
"63345","40.73555032","-73.98675656","6","American elm","Good"
"73492","40.73471602","-73.99655261","12","American hophornbeam","Good"
"63176","40.75822867","-73.97045002","5","willow oak","Fair"
"30589","40.73289587","-73.99435535","10","ginkgo","Good"
"73567","40.7320949","-73.99247098","10","honeylocust","Fair"
"61251","40.75299416","-73.97363072","4","Callery pear","Poor"
"70911","40.7274027","-74.00762219","4","willow oak","Fair"
"30590","40.73286296","-73.99427701","12","ginkgo","Good"
"74558","40.73661239","-73.98564079","15","London planetree","Good"
"71271","40.72572787","-74.00987971","3","Callery pear","Good"
"64545","40.742294","-73.99160097","4","littleleaf linden","Poor"
"61283","40.75346463","-73.97309808","7","Callery pear","Poor"
"73868","40.74275529","-73.99440183","10","Callery pear","Good"
"74498","40.73635306","-73.98658382","10","Callery pear","Good"
"71133","40.72451128","-74.00888004","8","honeylocust","Good"
"49878","40.7288659","-73.97566941","11","honeylocust","Good"
"74497","40.73641019","-73.98671877","11","Callery pear","Good"
"73872","40.74295306","-73.99487083","4","Callery pear","Good"
"73497","40.73423403","-73.99540461","14","London planetree","Good"
"30592","40.73279477","-73.99411466","10","ginkgo","Good"
"41561","40.74351398","-73.98594107","10","ginkgo","Good"
"70926","40.72599568","-74.00876776","11","honeylocust","Good"
"61494","40.75702495","-73.97737514","6","honeylocust","Fair"
"63408","40.7348788","-73.98616977","12","honeylocust","Good"
"73560","40.73243576","-73.99327128","3","ginkgo","Good"
"73485","40.73514601","-73.99757679","10","ginkgo","Good"
"71120","40.7240045","-74.00797846","4","honeylocust","Good"
"71124","40.72472762","-74.00785136","8","ginkgo","Good"
"64319","40.74051258","-73.9930955","5","Callery pear","Fair"
"41558","40.74379332","-73.98574021","10","ginkgo","Good"
"49880","40.72898146","-73.97558547","15","honeylocust","Good"
"63409","40.73508908","-73.98601797","14","honeylocust","Good"
"49883","40.72917702","-73.97544343","14","honeylocust","Fair"
"73566","40.73212949","-73.99255221","11","honeylocust","Fair"
"73568","40.73202892","-73.99231609","5","honeylocust","Good"
"73557","40.73258326","-73.99361759","9","honeylocust","Fair"
"73493","40.73466032","-73.99641993","12","London planetree","Good"
"49323","40.7344507","-73.99909768","6","ginkgo","Fair"
"71134","40.72465883","-74.00908594","7","honeylocust","Good"
"49891","40.72970698","-73.97505849","8","honeylocust","Good"
"49879","40.72891443","-73.97563416","12","honeylocust","Good"
"49890","40.72964692","-73.97510211","3","honeylocust","Good"
"73486","40.73511524","-73.9975035","13","ginkgo","Good"
"49886","40.72940789","-73.97527574","15","honeylocust","Good"
"41560","40.74359489","-73.98588289","10","ginkgo","Good"
"49884","40.7292438","-73.97539492","14","honeylocust","Good"
"73514","40.72549929","-73.99227065","6","honeylocust","Good"
"63394","40.73495684","-73.98690587","4","honeylocust","Good"
"69268","40.72527358","-73.98155971","8","littleleaf linden","Good"
"49882","40.72911455","-73.9754888","3","honeylocust","Good"
"70927","40.72600732","-74.00889383","11","honeylocust","Good"
"44585","40.73600572","-73.98420538","5","honeylocust","Good"
"44587","40.73593822","-73.98404499","6","honeylocust","Good"
"49050","40.73958149","-74.00545862","4","cherry","Good"
"71132","40.72447365","-74.00882752","7","honeylocust","Good"
"41559","40.74370807","-73.98580151","10","ginkgo","Good"
"44281","40.73483014","-73.98142388","5","golden raintree","Good"
"30050","40.73746824","-73.99485616","5",,
"44591","40.7355361","-73.98308959","9","ginkgo","Fair"
"27735","40.74109889","-73.99630666","6","Japanese zelkova","Good"
"70925","40.72597425","-74.00853568","7","honeylocust","Good"
"61365","40.75471751","-73.9718323","10","honeylocust","Fair"
"73562","40.73235825","-73.99308931","11","ginkgo","Good"
"71135","40.72472507","-74.00917838","7","honeylocust","Fair"
"57031","40.74394861","-74.00459077","3","pin oak","Good"
"69192","40.72393386","-73.97649794","4","Chinese elm","Good"
"48961","40.73991968","-74.00596893","6","Japanese zelkova","Fair"
"61068","40.75077083","-73.99780982","4",,
"61035","40.75042709","-73.99726419","3","Japanese zelkova","Good"
"69191","40.72396146","-73.97656363","5","Chinese elm","Good"
"44584","40.73603908","-73.98428462","5","honeylocust","Good"
"69609","40.72346944","-73.97728968","6","pin oak","Fair"
"63588","40.73377948","-73.98813943","10","pin oak","Good"
"63504","40.73422257","-73.98713319","3","honeylocust","Good"
"44588","40.73586247","-73.98386502","13","honeylocust","Fair"
"49849","40.72901462","-73.97656448","4","Kentucky coffeetree","Good"
"49885","40.72935575","-73.97531361","16","honeylocust","Good"
"69154","40.72483023","-73.98258493","2",,
"63589","40.73374573","-73.98805923","11","pin oak","Good"
"49519","40.73506537","-74.00168215","8","Japanese zelkova","Fair"
"69411","40.72625399","-73.97860358","7",,
"48960","40.73985974","-74.00601284","6","Japanese zelkova","Fair"
"48962","40.73998082","-74.00592414","5","Japanese zelkova","Fair"
"63225","40.758253","-73.96917399","7",,
"71104","40.72687691","-74.00748774","13","red maple","Good"
"57033","40.7438667","-74.0043963","2","pin oak","Good"
"44590","40.73556507","-73.98315842","3","pin oak","Good"
"69187","40.7241032","-73.9769009","15","Chinese elm","Good"
"48963","40.74004052","-74.0058804","5","Japanese zelkova","Fair"
"30393","40.73073529","-73.99992289","3","dawn redwood","Poor"
"57110","40.74305721","-74.00397047","9","honeylocust","Good"
"63601","40.73387088","-73.98690673","4","honeylocust","Good"
"34016","40.73342111","-73.99312592","9","ginkgo","Good"
"63600","40.73371418","-73.98702186","12","pin oak","Good"
"61361","40.75475525","-73.971922","8","honeylocust","Good"
"76813","40.7593018","-73.97335732","7","honeylocust","Good"
"77756","40.74345135","-73.99254038","5","honeylocust","Fair"
"74554","40.73650236","-73.98538019","11","American linden","Poor"
"44586","40.73597224","-73.98412581","6","honeylocust","Good"
"61293","40.75412591","-73.97272411","3","Japanese zelkova","Fair"
"44592","40.73548853","-73.98297656","12","ginkgo","Good"
"61360","40.75473256","-73.97193891","7","honeylocust","Poor"
"61364","40.75469483","-73.97184922","10","honeylocust","Good"
"74566","40.73681301","-73.98611593","11","honeylocust","Good"
"49900","40.72923198","-73.97359631","3","honeylocust","Good"
"41729","40.74395697","-73.98735436","2","honeylocust","Good"
"74503","40.73617128","-73.98615437","23","willow oak","Good"
"30588","40.7329293","-73.99443495","9","ginkgo","Good"
"61493","40.75700482","-73.97732709","9","honeylocust","Poor"
"57111","40.74316786","-74.00389051","9","honeylocust","Good"
"73841","40.74320212","-73.99574685","9","American linden","Good"
"73842","40.74317156","-73.99567421","10","American linden","Good"
"49928","40.73336869","-73.9765595","9","honeylocust","Good"
"49923","40.73304915","-73.97580058","10","honeylocust","Good"
"69416","40.72602319","-73.97805481","9","honeylocust","Good"
"76812","40.75935426","-73.97348169","4","honeylocust","Good"
"49926","40.73329798","-73.97639155","10","honeylocust","Good"
"49924","40.73322141","-73.97620971","11","honeylocust","Good"
"49931","40.73353058","-73.97694402","11","honeylocust","Good"
"73851","40.74253648","-73.99416479","3","honeylocust","Good"
"49934","40.73377847","-73.9775328","9","honeylocust","Good"
"44469","40.73765753","-73.98257511","11","honeylocust","Good"
"76623","40.75869843","-73.97695773","11","honeylocust","Fair"
"49921","40.73295358","-73.9755736","11","honeylocust","Good"
"49932","40.73356248","-73.97701979","6","honeylocust","Good"
"73849","40.74278759","-73.99476161","11","honeylocust","Good"
"49936","40.73385875","-73.97772348","7","honeylocust","Good"
"69412","40.7261929","-73.97845834","11","ginkgo","Good"
"77671","40.74520381","-73.9909751","6","honeylocust","Good"
"27793","40.73781807","-73.98510347","15","dawn redwood","Good"
"76811","40.75940445","-73.97360069","6","honeylocust","Good"
"44465","40.73746687","-73.98212242","3","honeylocust","Good"
"61491","40.75696217","-73.97722529","9","honeylocust","Fair"
"61492","40.75698363","-73.97727651","4","honeylocust","Good"
"61359","40.75477398","-73.97196653","7","honeylocust","Good"
"73496","40.73428973","-73.99553728","8","ginkgo","Good"
"77672","40.74515527","-73.99101033","7","honeylocust","Good"
"73874","40.74312714","-73.99528366","9","ginkgo","Good"
"49888","40.72953305","-73.97518482","13","honeylocust","Fair"
"76622","40.75859678","-73.97703223","12","honeylocust","Fair"
"73873","40.74302493","-73.99504126","9","American linden","Good"
"61257","40.75323767","-73.97279228","9","Callery pear","Good"
"76733","40.75877648","-73.97375351","5","Callery pear","Fair"
"41521","40.74387553","-73.98555498","6","ginkgo","Good"
"63599","40.73365285","-73.98706692","12","pin oak","Good"
"69269","40.72531986","-73.98166954","9","cherry","Good"
"73498","40.73417487","-73.99526371","18","London planetree","Good"
"74504","40.73613792","-73.98607554","13","London planetree","Good"
"73869","40.74279255","-73.9944902","9","Callery pear","Good"
"71121","40.72419113","-74.00794566","2","pin oak","Poor"
"63464","40.73495574","-73.98716275","11","Callery pear","Good"
"61256","40.75316626","-73.97284471","7","Callery pear","Good"
"44462","40.73731276","-73.98175655","14","honeylocust","Good"
"73877","40.74328844","-73.99566619","9","ginkgo","Good"
"30578","40.72674","-73.99616403","7","golden raintree","Good"
"63119","40.75882506","-73.97050825","13","willow oak","Good"
"85582","40.74390819","-73.99740642","9","silver linden","Good"
"69189","40.72403738","-73.97674426","16","Chinese elm","Good"
"69415","40.72608959","-73.97821268","4","Callery pear","Good"
"64317","40.74059297","-73.99328612","6","Callery pear","Good"
"76732","40.75872528","-73.97363401","6","Callery pear","Fair"
"78904","40.73832691","-73.98415939","14","American elm","Good"
"33918","40.73031871","-74.00195436","4","green ash","Good"
"62000","40.75219974","-74.00145475","3","river birch","Good"
"61327","40.7546071","-73.97192987","7","Japanese zelkova","Good"
"61362","40.75471356","-73.97189375","8","honeylocust","Good"
"74555","40.7365266","-73.98543761","7","American linden","Poor"
"49930","40.73345814","-73.97677197","11","honeylocust","Good"
"69182","40.72430785","-73.97738786","7","London planetree","Fair"
"86884","40.72650781","-73.98025113","13","willow oak","Good"
"86888","40.72589892","-73.980693","30","London planetree","Good"
"74565","40.73677838","-73.9860339","13","honeylocust","Good"
"49929","40.73342292","-73.97668831","11","honeylocust","Good"
"44466","40.73749971","-73.9822004","6","honeylocust","Fair"
"73559","40.73248242","-73.99338084","6","Japanese zelkova","Good"
"49897","40.72950853","-73.97424748","13","ginkgo","Poor"
"49922","40.73300077","-73.97568567","12","honeylocust","Good"
"69410","40.72628852","-73.97868567","4","honeylocust","Good"
"74562","40.73670617","-73.9858629","14","ginkgo","Poor"
"74561","40.73668806","-73.98581999","12","ginkgo","Good"
"73844","40.74308441","-73.99546706","3","ginkgo","Good"
"49925","40.73325996","-73.97630127","3","honeylocust","Good"
"44463","40.73735292","-73.98185188","12","honeylocust","Good"
"73489","40.73490038","-73.99699172","12","honeylocust","Good"
"48930","40.7405507","-74.00891703","9","Chinese elm","Poor"
"61358","40.7547513","-73.97198345","6","honeylocust","Good"
"44478","40.73803939","-73.98348176","2","American linden","Good"
"49935","40.73382287","-73.97763824","11","honeylocust","Good"
"41730","40.74401245","-73.98748557","3","honeylocust","Good"
"44475","40.73787904","-73.98310104","11","honeylocust","Good"
"78902","40.73822692","-73.98392117","12","honeylocust","Good"
"44464","40.73738855","-73.98193649","10","honeylocust","Good"
"44467","40.73756459","-73.98235445","11","honeylocust","Good"
"49933","40.73374112","-73.97744408","11","honeylocust","Good"
"77687","40.74472431","-73.99110673","7","honeylocust","Good"
"73876","40.74318117","-73.9954118","10","ginkgo","Good"
"74501","40.73623481","-73.98630445","10","honeylocust","Good"
"70808","40.7275968","-74.0087303","6","Chinese elm","Good"
"71107","40.72712885","-74.00744949","13","green ash","Good"
"69185","40.72420274","-73.97713775","14","Chinese elm","Good"
"71106","40.72707432","-74.00745777","9","green ash","Good"
"69266","40.72518835","-73.9813574","6","green ash","Good"
"57027","40.74445095","-74.00578354","6","Callery pear","Good"
"69190","40.72398774","-73.97662616","4","American hophornbeam","Fair"
"63416","40.73486319","-73.98803655","5","Callery pear","Poor"
"73871","40.74291846","-73.99478877","4","Callery pear","Good"
"61255","40.75300809","-73.97296085","5",,
"48342","40.7327132","-73.9818566","11","London planetree","Good"
"69413","40.72615519","-73.97836866","0",,
"78903","40.73829694","-73.98408799","12","London planetree","Good"
"73843","40.74311709","-73.99554474","6",,
"85587","40.74371618","-73.99695219","16","London planetree","Good"
"78908","40.73850674","-73.98458781","14","American elm","Good"
"78910","40.7386306","-73.9848829","15","American elm","Fair"
"73488","40.73497174","-73.99716168","5","silver linden","Good"
"49898","40.72946585","-73.97414699","4","pin oak","Good"
"63593","40.73359905","-73.98771066","2","pin oak","Good"
"44474","40.73782613","-73.9829754","5","littleleaf linden","Good"
"31847","40.73773875","-73.99670024","3","Japanese zelkova","Good"
"33912","40.72613864","-73.99203811","4",,
"61999","40.75225969","-74.00159758","3","river birch","Fair"
"33980","40.73151304","-73.9926202","3","littleleaf linden","Good"
"85588","40.74368552","-73.99687964","9","Japanese zelkova","Good"
"61059","40.74995203","-73.99585147","2","littleleaf linden","Good"
"69280","40.72592303","-73.98310118","10","green ash","Fair"
"41446","40.74261478","-73.98610048","4","Sophora","Good"
"35290","40.74214147","-74.0003106","6","Sophora","Good"
"33996","40.72685695","-73.99443643","3","Sophora","Poor"
"41448","40.74250182","-73.9858321","3","Sophora","Good"
"70807","40.72770681","-74.00871195","6","Chinese elm","Fair"
"70999","40.72617056","-74.00897019","8","Sophora","Good"
"71000","40.72623158","-74.00896019","10","Sophora","Good"
"69102","40.72702197","-73.97986822","3","Sophora","Good"
"67849","40.7420888","-73.99683738","3","Sophora","Good"
"27932","40.73168857","-73.98315939","3","Sophora","Good"
"42858","40.73638917","-73.98709772","3","Sophora","Good"
"64479","40.74110219","-73.99076785","4","Sophora","Good"
"69400","40.72661493","-73.97946179","9","Sophora","Good"
"15019","40.746298","-73.99703181","3","sweetgum","Poor"
"69103","40.72714237","-73.97978164","3","Sophora","Good"
"69610","40.72350501","-73.97737391","10","sweetgum","Good"
"63344","40.73552883","-73.98670539","10","Sophora","Good"
"61997","40.75278754","-74.00285524","3","Sophora","Good"
"61010","40.7501814","-73.99831036","4","Sophora","Good"
"49324","40.73453425","-73.99903757","19","Sophora","Good"
"61920","40.75136918","-74.00304519","2","honeylocust","Good"
"59616","40.75275601","-74.00471418","15","honeylocust","Good"
"27910","40.73369667","-73.9820952","6","ginkgo","Good"
"61170","40.73625698","-73.97766081","11","honeylocust","Good"
"28014","40.73517468","-73.98274814","5","ginkgo","Good"
"63221","40.75786145","-73.96941823","3","Sophora","Good"
"69403","40.72651533","-73.97922498","12","Sophora","Fair"
"49838","40.72945291","-73.97753134","15","honeylocust","Good"
"49845","40.72921052","-73.97695758","14","honeylocust","Good"
"27508","40.72811288","-73.9998634","11","Sophora","Good"
"63555","40.73411871","-73.98717642","2","Sophora","Good"
"49325","40.73460239","-73.99898855","14","Sophora","Good"
"49326","40.73469389","-73.99892273","16","Sophora","Good"
"69402","40.72654057","-73.97928497","12","Sophora","Good"
"63459","40.73473338","-73.98663416","10","Sophora","Good"
"44473","40.73779714","-73.98290658","6","Callery pear","Good"
"61254","40.75293667","-73.97301329","8","Callery pear","Fair"
"69417","40.72599264","-73.97798219","14","Callery pear","Good"
"64318","40.7405384","-73.99315673","5","Callery pear","Good"
"63418","40.73472825","-73.98813483","7","Callery pear","Fair"
"69104","40.72724157","-73.97971028","3","Sophora","Good"
"73565","40.73216972","-73.99264666","14","Sophora","Fair"
"71127","40.72838336","-74.00386165","10","Sophora","Fair"
"41450","40.74244441","-73.98569569","3","Sophora","Good"
"85565","40.74448287","-73.99876597","11","honeylocust","Good"
"49402","40.73384689","-74.00036431","9","honeylocust","Fair"
"61250","40.75351348","-73.97441852","10","Sophora","Good"
"63178","40.75789471","-73.96972856","3","Sophora","Poor"
"55876","40.74822788","-73.98905433","10","Sophora","Good"
"28027","40.73431986","-73.98055687","18","pin oak","Good"
"85566","40.7444562","-73.99870288","12","honeylocust","Good"
"74500","40.7362922","-73.98644004","8","Callery pear","Good"
"73878","40.74333423","-73.99577476","12","Callery pear","Good"
"85580","40.74398259","-73.99758243","11","Callery pear","Good"
"27900","40.73429224","-73.98558777","6","ginkgo","Good"
"85573","40.74427167","-73.99826631","9","ginkgo","Good"
"85574","40.74423087","-73.99816978","8","honeylocust","Fair"
"48340","40.73314315","-73.98287336","7","ginkgo","Good"
"73875","40.7431495","-73.99533668","8","ginkgo","Good"
"48339","40.73319889","-73.98300518","8","ginkgo","Good"
"85567","40.74442954","-73.99863979","11","honeylocust","Good"
"32119","40.74103161","-73.98862198","8","ginkgo","Good"
"85569","40.74438127","-73.9985256","8","ginkgo","Good"
"85571","40.7443202","-73.99838113","10","honeylocust","Good"
"42861","40.73610285","-73.98730584","6","Japanese zelkova","Good"
"33955","40.72764632","-73.99259821","11","silver linden","Good"
"74469","40.73591613","-73.98580917","4","honeylocust","Good"
"74472","40.73604031","-73.98610401","9","honeylocust","Good"
"85572","40.7443002","-73.99833381","8","honeylocust","Good"
"27899","40.73425895","-73.98550807","7","ginkgo","Good"
"49306","40.73381176","-73.99966716","6","honeylocust","Good"
"55212","40.75436692","-73.97801004","4","ginkgo","Good"
"85585","40.74377779","-73.99709792","12","ginkgo","Good"
"85594","40.74346657","-73.9963617","7","ginkgo","Fair"
"44461","40.73726649","-73.98164669","14","Sophora","Fair"
"71001","40.72630729","-74.00894778","8","Sophora","Fair"
"74499","40.73631569","-73.98649553","14","Callery pear","Good"
"78905","40.73836351","-73.98424659","17","silver linden","Good"
"71240","40.72778719","-74.00396797","12","littleleaf linden","Fair"
"67852","40.7419925","-73.99660883","4","Callery pear","Good"
"78907","40.73848021","-73.98452462","10","Callery pear","Good"
"29933","40.73738145","-73.99291537","2","Norway maple","Good"
"49502","40.73470835","-74.00204239","8",,
"57030","40.74428767","-74.00539584","17","Callery pear","Good"
"33913","40.726031","-73.99207737","8","London planetree","Fair"
"17892","40.72572073","-74.00697113","2","Chinese fringetree","Poor"
"69471","40.7244954","-73.97999266","7","littleleaf linden","Poor"
"85590","40.74360418","-73.99668723","8","Callery pear","Good"
"73483","40.7352301","-73.99777708","11","littleleaf linden","Good"
"85581","40.74392953","-73.99745689","12","Japanese zelkova","Good"
"70841","40.72643703","-74.00634471","16","willow oak","Good"
"61328","40.75463412","-73.97199396","7","Japanese zelkova","Good"
"85577","40.74410366","-73.99786885","18","willow oak","Good"
"69418","40.72592492","-73.97782116","3","Callery pear","Good"
"77674","40.74485779","-73.99122627","12","Callery pear","Good"
"85570","40.74434207","-73.99843286","9","ginkgo","Good"
"49500","40.73453795","-74.00213891","14","London planetree","Fair"
"70806","40.72783969","-74.0086898","5","Chinese elm","Good"
"12751","40.73511496","-74.00327204","17","black locust","Good"
"27940","40.73465441","-73.98462958","4","golden raintree","Good"
"27523","40.73082362","-73.99929458","5","golden raintree","Good"
"85583","40.74388206","-73.9973446","11","ginkgo","Good"
"63523","40.73428396","-73.98660676","4","honeylocust","Good"
"74559","40.73663451","-73.98569316","16","London planetree","Good"
"86886","40.72615699","-73.98050572","6","willow oak","Poor"
"74518","40.73617088","-73.98523101","14","London planetree","Fair"
"78909","40.73858763","-73.98478053","11","American elm","Good"
"55281","40.75499034","-73.9783695","4",,
"44470","40.73768971","-73.98265151","3","Callery pear","Poor"
"73879","40.74336697","-73.9958524","8","Callery pear","Fair"
"85579","40.74401193","-73.99765183","10","Callery pear","Good"
"77673","40.74494333","-73.99116417","10","Callery pear","Good"
"12807","40.73143573","-74.00332608","4","common hackberry","Fair"
"30511","40.73096762","-73.99348122","5","littleleaf linden","Good"
"64426","40.74134717","-73.99378215","7","honeylocust","Good"
"74467","40.73584858","-73.9856488","9","honeylocust","Good"
"85584","40.74385806","-73.99728782","14","ginkgo","Good"
"85568","40.74440367","-73.9985786","7","ginkgo","Good"
"85593","40.74350097","-73.99644308","8","ginkgo","Good"
"70840","40.72645041","-74.00649086","6","Callery pear","Good"
"85575","40.7441954","-73.99808588","11","ginkgo","Good"
"49307","40.73391303","-73.99970146","7","honeylocust","Good"
"69611","40.7235479","-73.97747548","10","Kentucky coffeetree","Good"
"85586","40.74375059","-73.99703357","13","silver linden","Good"
"77641","40.74587311","-73.99029087","3",,
"69468","40.72457937","-73.98019218","6","purple-leaf plum","Fair"
"53269","40.74536196","-74.00643348","4","purple-leaf plum","Poor"
"74471","40.73600415","-73.98601814","5","Japanese zelkova","Poor"
"30392","40.73078281","-73.99988261","4","dawn redwood","Poor"
"73499","40.73411784","-73.99512787","12","London planetree","Good"
"73014","40.72979924","-73.99045875","4","London planetree","Fair"
"27901","40.7343583","-73.98574591","8","ginkgo","Good"
"49308","40.73395423","-73.99971541","6","honeylocust","Fair"
"81049","40.74405204","-73.99531171","0",,
"63590","40.73370136","-73.98795378","11","pin oak","Good"
"73490","40.73484839","-73.99686788","10","littleleaf linden","Good"
"78906","40.73842717","-73.98439824","13","littleleaf linden","Fair"
"32120","40.74104783","-73.9886605","8","ginkgo","Good"
"85589","40.74365085","-73.99679763","3","Japanese zelkova","Good"
"74517","40.73609511","-73.98528651","13","honeylocust","Good"
"69020","40.72662394","-73.97998801","11","ginkgo","Good"
"71239","40.72780507","-74.00415156","10","littleleaf linden","Good"
"62258","40.75063368","-74.0013123","9","littleleaf linden","Good"
"81155","40.74480591","-73.99322318","2","black oak","Good"
"53270","40.74569947","-74.00723556","4","purple-leaf plum","Good"
"55282","40.75496324","-73.97830465","3","littleleaf linden","Poor"
"27720","40.72673461","-73.99917921","3","Schumard's oak","Good"
"73850","40.74274508","-73.99466056","12","Japanese zelkova","Good"
"63560","40.73432477","-73.9884279","7","honeylocust","Poor"
"49097","40.73878718","-74.00607359","8","Norway maple","Good"
"27845","40.73842084","-73.98630021","9","dawn redwood","Good"
"53268","40.74530827","-74.00630591","4","purple-leaf plum","Poor"
"12925","40.73158475","-74.00560738","2","black cherry","Fair"
"61988","40.75214345","-74.00296243","2","ginkgo","Good"
"69220","40.7233142","-73.9789997","12","green ash","Fair"
"67853","40.7419659","-73.9965457","5","Callery pear","Good"
"78912","40.73871122","-73.98507499","10","Callery pear","Good"
"63525","40.73454151","-73.98641823","8","Callery pear","Good"
"30477","40.73134921","-73.99927426","12","green ash","Good"
"71182","40.72768637","-74.0040684","7","green ash","Good"
"73846","40.74298848","-73.99523907","7","Callery pear","Good"
"71038","40.72847727","-74.00723918","9","Callery pear","Good"
"85592","40.74353697","-73.99652825","12","Callery pear","Good"
"81046","40.7437207","-73.99453652","12","Callery pear","Good"
"67991","40.74122614","-73.99416071","9","Callery pear","Good"
"73157","40.73589108","-73.99735269","9","silver linden","Good"
"69277","40.72578394","-73.98277104","11","green ash","Fair"
"30612","40.73257755","-73.99515307","10","green ash","Good"
"81044","40.74357117","-73.99418668","19","Callery pear","Good"
"81047","40.74375298","-73.99461203","6","Callery pear","Fair"
"69173","40.72464547","-73.97819126","5","green ash","Fair"
"71176","40.72775136","-74.00478855","8","green ash","Fair"
"13386","40.73506126","-74.00226548","9","green ash","Fair"
"73847","40.74293294","-73.99510707","4","Callery pear","Good"
"71039","40.72858039","-74.00722419","5","Callery pear","Good"
"41520","40.7437882","-73.98534795","5","Callery pear","Good"
"69278","40.72583195","-73.98288498","12","green ash","Fair"
"69281","40.72601306","-73.98331485","7","green ash","Good"
"69225","40.72311373","-73.9785258","12","green ash","Good"
"69223","40.72318082","-73.9786844","16","green ash","Good"
"76824","40.75819476","-73.97432684","5","Callery pear","Poor"
"73845","40.74305916","-73.99540706","11","Callery pear","Good"
"69227","40.72301342","-73.97828869","14","green ash","Good"
"76822","40.75814455","-73.97420826","8","Callery pear","Good"
"69193","40.7237961","-73.97617015","4","tree of heaven","Fair"
"85576","40.7441442","-73.99796475","14","willow oak","Good"
"86889","40.72581049","-73.98075717","2","willow oak","Poor"
"67989","40.74133778","-73.99408013","9","Callery pear","Good"
"85602","40.7431368","-73.99646932","14","London planetree","Good"
"86887","40.72605991","-73.98057617","2","willow oak","Good"
"74519","40.73626151","-73.98516462","12","London planetree","Good"
"30482","40.73201106","-73.99871269","5","green ash","Good"
"74552","40.73642856","-73.98520541","6","Callery pear","Good"
"73572","40.73182778","-73.99184385","6","Callery pear","Fair"
"74516","40.73599633","-73.98535886","11","London planetree","Good"
"76743","40.75939651","-73.97522797","6","Callery pear","Fair"
"61138","40.73561052","-73.97913089","12","honeylocust","Good"
"69619","40.72380818","-73.97809185","2","ginkgo","Fair"
"85578","40.7440578","-73.99776034","5","American linden","Fair"
"86883","40.72658999","-73.9801915","7","honeylocust","Good"
"78834","40.73665071","-73.98488381","7","ginkgo","Good"
"76821","40.75811957","-73.97414929","3",,
"63120","40.7587799","-73.97054107","11","willow oak","Fair"
"76742","40.75937044","-73.97516527","6","Callery pear","Good"
"78833","40.73657015","-73.98494283","11","honeylocust","Good"
"78951","40.73854085","-73.98535402","17","ginkgo","Good"
"63522","40.73416262","-73.98669558","14","honeylocust","Good"
"63524","40.73440147","-73.98652074","15","honeylocust","Good"
"63121","40.75873281","-73.97057529","13","willow oak","Good"
"77724","40.74439208","-73.99185509","11","honeylocust","Good"
"27898","40.73423252","-73.98544481","7","ginkgo","Good"
"49122","40.73907958","-74.00652186","8","ginkgo","Good"
"81041","40.74334741","-73.99366318","3","black oak","Good"
"78950","40.73859319","-73.98531588","5","Callery pear","Fair"
"84685","40.73239158","-73.98146967","11","honeylocust","Good"
"49119","40.73887843","-74.00652675","8","ginkgo","Good"
"77723","40.74471633","-73.99161926","9","honeylocust","Good"
"55347","40.75373824","-73.97870997","4","Japanese zelkova","Poor"
"63562","40.73414005","-73.98855989","6","honeylocust","Good"
"49276","40.73372463","-74.00030979","9","ginkgo","Good"
"74468","40.73588262","-73.98572961","6","Japanese zelkova","Good"
"73136","40.7277499","-74.0003003","9","Japanese zelkova","Good"
"78954","40.73837665","-73.98547368","14","ginkgo","Good"
"49445","40.7336896","-74.00111585","9","Callery pear","Poor"
"49121","40.73900768","-74.00652361","9","ginkgo","Good"
"73832","40.74266723","-73.99612818","3","Japanese zelkova","Good"
"73828","40.74244129","-73.99558811","2","ginkgo","Good"
"81151","40.74439575","-73.99224629","6","Callery pear","Poor"
"73132","40.72813053","-73.99997905","8","Japanese zelkova","Good"
"73829","40.74248706","-73.99569751","2","ginkgo","Good"
"76745","40.75950503","-73.97548893","5",,
"73135","40.72779147","-74.00026521","11","Japanese zelkova","Good"
"63501","40.73442195","-73.98760591","3","Japanese zelkova","Good"
"73831","40.74257834","-73.99591569","4","honeylocust","Good"
"69165","40.72348012","-73.9831493","3","black oak","Good"
"73830","40.74254077","-73.99582589","4","honeylocust","Good"
"74389","40.73547806","-73.98631865","8","honeylocust","Good"
"63592","40.73363227","-73.98778959","9","pin oak","Fair"
"73893","40.74375182","-73.99507236","3","pin oak","Good"
"59625","40.75233484","-74.00532581","2","dawn redwood","Fair"
"63591","40.73367027","-73.98787989","11","pin oak","Good"
"33927","40.73254137","-73.99387521","9","ginkgo","Good"
"32033","40.73874778","-73.98861822","10","Sophora","Good"
"70998","40.72611609","-74.00897911","11","Sophora","Fair"
"78949","40.73867385","-73.9852571","10","pin oak","Fair"
"41443","40.74273014","-73.98637456","13","littleleaf linden","Good"
"76746","40.75955969","-73.97562037","6","pin oak","Good"
"30510","40.73100054","-73.99356037","5","littleleaf linden","Good"
"55280","40.75506914","-73.97855802","4","littleleaf linden","Fair"
"34015","40.73104764","-74.00284263","7","littleleaf linden","Good"
"85591","40.74357031","-73.9966071","10","littleleaf linden","Good"
"12803","40.73125132","-74.00391927","4","Kentucky coffeetree","Good"
"69159","40.72515144","-73.98334627","1","American beech","Good"
"13279","40.73506987","-74.00480569","2","Kentucky coffeetree","Good"
"49847","40.72910124","-73.9767695","4","Kentucky coffeetree","Good"
"30218","40.73655904","-73.99332966","4","ginkgo","Good"
"61188","40.73526636","-73.97527038","11","honeylocust","Good"
"71130","40.72834094","-74.00339521","11","honeylocust","Fair"
"81102","40.7445256","-73.99447413","2","ginkgo","Good"
"81097","40.74412294","-73.99351076","10","honeylocust","Good"
"74387","40.73576319","-73.98699623","11","honeylocust","Good"
"73827","40.74240346","-73.99549768","2","ginkgo","Good"
"73059","40.73008119","-73.99055163","3","honeylocust","Good"
"81043","40.74347624","-73.99396457","11","honeylocust","Good"
"74385","40.73582111","-73.9871339","11","honeylocust","Good"
"81095","40.74376469","-73.99265367","3","honeylocust","Good"
"81063","40.74460842","-73.99494932","4","American linden","Good"
"48149","40.74254487","-74.00128327","2",,
"81096","40.74380461","-73.99274919","5","honeylocust","Good"
"70888","40.72581875","-74.00805678","11","honeylocust","Good"
"73162","40.73563008","-73.99673756","5","honeylocust","Good"
"81093","40.74370494","-73.99251072","5","honeylocust","Good"
"81098","40.74415705","-73.99359236","11","honeylocust","Good"
"49237","40.73548456","-73.99411121","6","ginkgo","Fair"
"71187","40.72763605","-74.00351091","13","London planetree","Good"
"73158","40.73583866","-73.99722916","9","honeylocust","Good"
"73033","40.73019648","-73.98979231","3","honeylocust","Good"
"81065","40.74360707","-73.99257127","4","honeylocust","Good"
"73013","40.73077925","-73.98934762","13","honeylocust","Good"
"81094","40.74373164","-73.99257461","3","honeylocust","Good"
"13503","40.73627446","-74.00199487","3","sawtooth oak","Fair"
"81048","40.74401949","-73.99523558","4","Callery pear","Good"
"81099","40.7441901","-73.99367143","8","ginkgo","Good"
"73569","40.73198145","-73.99220464","11","Callery pear","Fair"
"70905","40.72745148","-74.00814503","3","silver maple","Fair"
"73038","40.7304376","-73.99036247","3","honeylocust","Good"
"73015","40.7297449","-73.99025563","8","pin oak","Good"
"73561","40.73239741","-73.99318124","4","Callery pear","Fair"
"76744","40.75942549","-73.97529765","6","Callery pear","Fair"
"70889","40.7258008","-74.00788449","6","tree of heaven","Good"
"78859","40.73705194","-73.98486532","10","Callery pear","Fair"
"71180","40.72770118","-74.00423249","9","green ash","Fair"
"55337","40.75379509","-73.97940921","4","Callery pear","Good"
"90440","40.74569251","-73.99753442","4","Callery pear","Good"
"74553","40.73647332","-73.98531141","16","Callery pear","Good"
"73181","40.73406055","-73.99275567","12","Callery pear","Fair"
"33954","40.72756562","-73.99243394","21","sawtooth oak","Good"
"48968","40.74075816","-74.00563123","5","littleleaf linden","Fair"
"34283","40.72982117","-74.00164257","3","golden raintree","Fair"
"44635","40.73532335","-73.98049749","7","golden raintree","Good"
"59628","40.7524667","-74.00563825","2","eastern redcedar","Good"
"74556","40.73655804","-73.98551207","11","littleleaf linden","Good"
"37926","40.73639263","-73.99078859","2",,
"86891","40.72564517","-73.98087714","4","littleleaf linden","Good"
"59627","40.75242807","-74.00554673","2","eastern redcedar","Good"
"55133","40.75686734","-73.97729224","6","green ash","Fair"
"69222","40.72324725","-73.97884142","14","green ash","Good"
"78860","40.73712293","-73.98503555","11","Japanese zelkova","Good"
"59624","40.75229622","-74.00523429","2","eastern redcedar","Good"
"49444","40.73363819","-74.00110061","12","Callery pear","Good"
"30446","40.7305536","-73.99850391","4","green ash","Good"
"81064","40.74457571","-73.99487165","10","littleleaf linden","Good"
"13016","40.73007415","-74.00293634","2","empress tree","Poor"
"12982","40.73052212","-74.00415626","9","hawthorn","Poor"
"71185","40.72765326","-74.00370152","8","silver maple","Good"
"74560","40.73666195","-73.98575815","5","silver linden","Fair"
"69466","40.72466413","-73.9803936","5","Norway maple","Fair"
"33824","40.72622187","-73.9931647","6","littleleaf linden","Good"
"81152","40.74444828","-73.9923714","10","Callery pear","Good"
"73133","40.72802659","-74.00006677","14","Japanese zelkova","Good"
"59623","40.75224508","-74.0051131","2","eastern redcedar","Good"
"27648","40.72937868","-74.0017538","6","golden raintree","Fair"
"78952","40.73846163","-73.98541175","13","Callery pear","Good"
"76823","40.75816965","-73.97426755","6","Callery pear","Fair"
"55338","40.75370763","-73.97920225","4","Callery pear","Good"
"30685","40.72581435","-73.99525918","4","Kentucky coffeetree","Good"
"49446","40.73374422","-74.00113203","9","Callery pear","Fair"
"78835","40.73685787","-73.98473205","12","Callery pear","Good"
"78866","40.73738579","-73.98566584","0",,
"71044","40.72586994","-74.00854801","3","Japanese zelkova","Good"
"81045","40.74366665","-73.99441005","17","Callery pear","Good"
"73558","40.73250978","-73.99344507","8","Callery pear","Fair"
"59626","40.75236601","-74.00539966","2","eastern redcedar","Good"
"61329","40.75470304","-73.97215748","1","Callery pear","Good"
"76670","40.75889963","-73.97433778","3",,
"27535","40.72917728","-74.0022706","4","eastern redbud","Poor"
"55339","40.75361564","-73.97898456","4","Callery pear","Fair"
"49231","40.73598515","-73.99559048","3","Kentucky coffeetree","Good"
"49443","40.73358758","-74.00108562","3","Callery pear","Good"
"90438","40.74576029","-73.99769547","4","Callery pear","Fair"
"90506","40.74534818","-73.99641602","9","Callery pear","Good"
"71274","40.72591745","-74.00984595","4","horse chestnut","Fair"
"73848","40.74284605","-73.99490055","12","littleleaf linden","Good"
"55223","40.75497295","-73.97861945","6","Callery pear","Fair"
"55224","40.75499897","-73.97868096","6","Callery pear","Fair"
"71036","40.72825084","-74.00727209","4","Callery pear","Good"
"71302","40.72598468","-74.00976874","3","horse chestnut","Good"
"69168","40.72371313","-73.98370304","6","cherry","Good"
"69464","40.72473242","-73.98055587","5","Norway maple","Fair"
"59622","40.75221178","-74.00503421","2","eastern redcedar","Good"
"69544","40.72642079","-73.98314545","7","Callery pear","Fair"
"73160","40.73572742","-73.99696697","11","honeylocust","Good"
"63224","40.75820779","-73.96920671","5","Callery pear","Fair"
"69476","40.72433624","-73.97961445","11","Callery pear","Good"
"33847","40.73076758","-73.99299654","17","willow oak","Good"
"33848","40.73082295","-73.99312946","13","willow oak","Good"
"79010","40.73812745","-73.98534874","16","ginkgo","Good"
"73036","40.73037119","-73.99020543","3","honeylocust","Good"
"79011","40.73807622","-73.98522682","15","London planetree","Fair"
"28028","40.73424845","-73.98060931","16","London planetree","Good"
"78867","40.73745387","-73.98582911","6","London planetree","Good"
"28029","40.73413966","-73.98068919","13","American elm","Good"
"73060","40.72999976","-73.99057206","19","London planetree","Poor"
"78863","40.73723826","-73.98531209","13","American elm","Good"
"44286","40.73456238","-73.98078894","13","London planetree","Fair"
"78879","40.73803767","-73.9838717","2","ginkgo","Good"
"70887","40.72582564","-74.00812291","15","honeylocust","Good"
"55452","40.75337449","-73.97897315","3","honeylocust","Good"
"49370","40.73433456","-73.99965536","14","honeylocust","Good"
"79008","40.73817497","-73.98546182","15","ginkgo","Good"
"62098","40.74982821","-73.99904273","8","honeylocust","Good"
"27520","40.73068378","-73.99900956","6","golden raintree","Good"
"79013","40.73789068","-73.98478525","20","willow oak","Good"
"62097","40.74989079","-73.99899763","7","honeylocust","Good"
"62096","40.74995","-73.99895496","9","honeylocust","Good"
"55453","40.75332855","-73.97900712","3","honeylocust","Good"
"55455","40.75302519","-73.97923144","4","honeylocust","Fair"
"81818","40.74310967","-73.99991653","7","honeylocust","Good"
"78862","40.73719735","-73.98521401","15","American elm","Good"
"85257","40.74329732","-73.99760389","11",,
"49089","40.73886376","-74.00638492","5","honeylocust","Good"
"79012","40.73798756","-73.98501583","11","willow oak","Good"
"79009","40.73815161","-73.98540623","14","ginkgo","Good"
"49372","40.73419734","-73.99957177","12","honeylocust","Good"
"73035","40.73027117","-73.98996891","3","honeylocust","Good"
"73037","40.73040426","-73.99028364","3","honeylocust","Good"
"81812","40.74267464","-73.99975902","9","honeylocust","Good"
"81966","40.74352074","-73.9984216","11","ginkgo","Good"
"53271","40.74572074","-74.00728609","4","purple-leaf plum","Good"
"81811","40.7426366","-73.99966874","8","honeylocust","Good"
"78877","40.73771559","-73.98410518","15","London planetree","Fair"
"61016","40.75069637","-73.99810105","12","honeylocust","Good"
"61014","40.75058077","-73.99818712","10","honeylocust","Good"
"69226","40.72307985","-73.97844571","13","green ash","Good"
"71005","40.72793304","-74.00666881","4","ginkgo","Good"
"71123","40.72464437","-74.00786599","4","northern red oak","Good"
"81100","40.74421865","-73.99373974","6","Callery pear","Good"
"81153","40.74447481","-73.99243459","9","Callery pear","Good"
"49371","40.73426009","-73.99961","15","honeylocust","Good"
"90442","40.74563138","-73.99738917","11","Callery pear","Good"
"35324","40.7411716","-74.00011561","5","Callery pear","Good"
"90513","40.74574211","-73.99734947","13","Callery pear","Good"
"81154","40.74450745","-73.99251231","11","Callery pear","Good"
"78878","40.73779636","-73.98404664","6","Callery pear","Good"
"90510","40.74552317","-73.99683067","8","Callery pear","Fair"
"90508","40.7454225","-73.9965921","12","Callery pear","Good"
"74473","40.73612434","-73.98630352","14","Callery pear","Good"
"90512","40.74569869","-73.99724659","7","Callery pear","Good"
"90514","40.7457762","-73.99743025","7","Callery pear","Good"
"35320","40.74075349","-73.99912476","15","Callery pear","Fair"
"90589","40.74636308","-73.99528024","7","Callery pear","Good"
"90453","40.74527015","-73.99653092","12","Callery pear","Good"
"35323","40.74114364","-74.00004934","4","Callery pear","Good"
"74388","40.73557266","-73.98654345","44","mulberry","Good"
"90441","40.74565849","-73.99745359","14","Callery pear","Good"
"90449","40.74539189","-73.99682016","13","Callery pear","Good"
"49271","40.7339314","-74.00026174","4","Callery pear","Fair"
"90511","40.74567179","-73.99718284","14","Callery pear","Good"
"81961","40.74383954","-73.99917952","15","pin oak","Good"
"90509","40.74549627","-73.99676693","11","Callery pear","Good"
"90516","40.74587501","-73.99766441","12","Callery pear","Good"
"74476","40.73624002","-73.98657816","11","Callery pear","Good"
"74479","40.73635622","-73.98685406","9","Callery pear","Good"
"35321","40.74083392","-73.99931536","4","Callery pear","Good"
"74477","40.73628841","-73.98669306","8","Callery pear","Good"
"74478","40.73632351","-73.9867764","11","Callery pear","Good"
"90454","40.74523082","-73.99643746","15","Callery pear","Good"
"90447","40.74545223","-73.99696352","4","Callery pear","Good"
"90531","40.74702206","-73.99706674","2","pin oak","Good"
"90680","40.74312724","-73.98157561","14","London planetree","Fair"
"74475","40.73619401","-73.98646893","11","Callery pear","Good"
"90505","40.74531489","-73.99633712","10","Callery pear","Good"
"71303","40.72596896","-74.00960771","4","Callery pear","Good"
"94979","40.73817329","-74.00792336","3",,
"90677","40.74300688","-73.98129115","6","Callery pear","Good"
"90632","40.74573839","-73.99457581","9","Callery pear","Good"
"74390","40.73541588","-73.98617088","10","London planetree","Good"
"90630","40.74583564","-73.99450576","8","Callery pear","Good"
"81963","40.74373088","-73.9989212","10","London planetree","Fair"
"67857","40.74161607","-73.9957155","0",,
"81965","40.74358981","-73.99858581","13","London planetree","Fair"
"88388","40.73038488","-74.00693185","14","London planetree","Fair"
"70912","40.72739598","-74.00755021","5","willow oak","Fair"
"49881","40.72905041","-73.97553539","11","honeylocust","Good"
"30586","40.7330052","-73.99461562","11","American linden","Good"
"61495","40.75704482","-73.97742257","8","honeylocust","Fair"
"61363","40.75473625","-73.97187684","9","honeylocust","Good"
"74563","40.73672323","-73.98590328","11","ginkgo","Poor"
"12906","40.73192146","-74.0026251","4","golden raintree","Good"
"13381","40.7349858","-74.00277479","9","black locust","Good"
"73048","40.73630832","-73.99663771","15","London planetree","Good"
"13195","40.73472071","-74.00461431","3","golden raintree","Good"
"48914","40.74055408","-74.00243551","5","littleleaf linden","Good"
"73894","40.7433529","-73.99411701","17","London planetree","Good"
"62002","40.75213979","-74.00131192","3","river birch","Good"
"81804","40.7418713","-73.99785235","8","ginkgo","Good"
"90444","40.74555881","-73.99721676","13","Callery pear","Good"
"49234","40.7358549","-73.99528149","3","Kentucky coffeetree","Good"
"81805","40.74193115","-73.9979944","7","ginkgo","Good"
"78861","40.73715909","-73.98512225","13","Japanese zelkova","Good"
"90583","40.74704242","-73.99689284","2","pin oak","Good"
"90437","40.7457874","-73.99775988","6","honeylocust","Good"
"81810","40.74261266","-73.99961192","9","honeylocust","Good"
"81813","40.74269379","-73.99980448","6","honeylocust","Good"
"71273","40.72585081","-74.00985782","4","Callery pear","Good"
"44476","40.73797291","-73.98332392","7","Callery pear","Good"
"63417","40.73481421","-73.98807223","5","Callery pear","Good"
"73870","40.74281811","-73.9945508","3","Callery pear","Good"
"48060","40.74286151","-74.00229571","3","pin oak","Good"
"70886","40.72583473","-74.00821013","4","northern red oak","Good"
"90673","40.74276696","-73.98072413","11","honeylocust","Good"
"48062","40.7429423","-74.0024877","2","pin oak","Good"
"78868","40.73748581","-73.98590568","0",,
"81962","40.74379757","-73.99907973","3","Japanese zelkova","Good"
"90584","40.7470113","-73.99681896","2","pin oak","Good"
"90530","40.74687814","-73.997172","2","pin oak","Good"
"73904","40.74248357","-73.99324607","4","pin oak","Good"
"48094","40.7437972","-74.00269972","15","London planetree","Good"
"73161","40.73568998","-73.99687873","0",,
"67855","40.74187039","-73.99631905","0",,
"67851","40.7420481","-73.99674078","3","black oak","Good"
"29966","40.73820988","-73.9960675","8","Japanese zelkova","Good"
"81964","40.74364932","-73.99872729","9","Japanese zelkova","Good"
"33919","40.73025779","-74.00198917","5","green ash","Good"
"69183","40.72426963","-73.97729691","15","green ash","Good"
"71105","40.72700779","-74.00746787","11","green ash","Good"
"90458","40.74499664","-73.99588109","7","Japanese zelkova","Good"
"90460","40.74490786","-73.99567016","7","Callery pear","Good"
"69401","40.7265804","-73.97937969","10","Sophora","Good"
"33830","40.73136599","-73.99072719","21","Sophora","Fair"
"30686","40.72586239","-73.99521862","4","Kentucky coffeetree","Good"
"90451","40.74534378","-73.99670586","2","Japanese zelkova","Good"
"90452","40.745318","-73.9966446","14",,
"90446","40.74549077","-73.99705509","1","Japanese zelkova","Good"
"44637","40.73538771","-73.98064985","7","Kentucky coffeetree","Good"
"71043","40.72591076","-74.00893978","3","Japanese zelkova","Good"
"61015","40.75063905","-73.99814373","6","Japanese zelkova","Good"
"48101","40.74325232","-74.00140676","6","Callery pear","Good"
"90634","40.74563006","-73.99465383","5","Callery pear","Good"
"48150","40.7426073","-74.00143169","18","Callery pear","Good"
"90439","40.74573371","-73.99763231","9","honeylocust","Good"
"49338","40.73473969","-73.99924152","0",,
"67854","40.74191163","-73.99641691","4","Japanese zelkova","Good"
"90588","40.74658997","-73.99581882","6","Japanese zelkova","Good"
"90529","40.74671407","-73.99729199","12","honeylocust","Good"
"49341","40.73468779","-73.99961824","19","honeylocust","Good"
"71109","40.72674442","-74.00845674","4","ginkgo","Good"
"90679","40.74309468","-73.98149866","14","American linden","Good"
"90579","40.74219074","-73.98084699","11","honeylocust","Good"
"69018","40.72307135","-73.9796908","14","honeylocust","Fair"
"88391","40.730703","-74.00687971","4","honeylocust","Good"
"48059","40.74283494","-74.00223256","3","black oak","Good"
"85260","40.74339543","-73.99783689","7","Callery pear","Good"
"90586","40.74666365","-73.99599372","7","Japanese zelkova","Good"
"88389","40.73049492","-74.00691382","8","honeylocust","Good"
"90580","40.74226597","-73.98079168","9","honeylocust","Good"
"73902","40.74261272","-73.99315193","9","Callery pear","Good"
"90674","40.74280673","-73.98081811","4","honeylocust","Good"
"76668","40.75896623","-73.9744964","2",,
"90457","40.74508117","-73.99608191","3","American linden","Good"
"81807","40.74235677","-73.99900455","7","Callery pear","Good"
"90631","40.74578701","-73.99454078","9","Callery pear","Good"
"48098","40.74337338","-74.00169402","11","Callery pear","Good"
"81907","40.7427014","-73.99800622","6","Callery pear","Good"
"49850","40.7289901","-73.97650644","2","Kentucky coffeetree","Good"
"90455","40.74514257","-73.99622779","7","Callery pear","Good"
"90672","40.74273547","-73.98064971","11","honeylocust","Good"
"49342","40.73467488","-73.99971197","16","honeylocust","Good"
"35277","40.74191641","-74.00866415","6","Callery pear","Fair"
"48105","40.74303894","-74.00090045","18","willow oak","Good"
"86892","40.7254986","-73.9809835","3","swamp white oak","Good"
"44636","40.7353556","-73.98057383","8","Kentucky coffeetree","Good"
"48102","40.74321906","-74.00132785","17","Callery pear","Good"
"49270","40.73394235","-74.00018881","8","Callery pear","Good"
"93083","40.74351026","-74.00021811","3","Callery pear","Good"
"48053","40.74252243","-74.00148985","8","Japanese zelkova","Good"
"48155","40.74296992","-74.00229384","2","red maple","Good"
"59629","40.75249999","-74.00571715","2","eastern redcedar","Good"
"71110","40.72677607","-74.00878895","18","honeylocust","Fair"
"49424","40.73316468","-74.00044514","8","Japanese zelkova","Good"
"49290","40.73321214","-73.99998221","6","Japanese zelkova","Good"
"48067","40.74324071","-74.00319694","3","Japanese zelkova","Good"
"48069","40.74329971","-74.00333715","5","swamp white oak","Good"
"49340","40.73470227","-73.99951314","17","honeylocust","Good"
"48915","40.7405167","-74.00234723","5","honeylocust","Good"
"49288","40.73312497","-74.00004565","5","Japanese zelkova","Good"
"90456","40.74511546","-73.99616338","10","Callery pear","Good"
"90515","40.74583479","-73.9975691","4","Japanese zelkova","Good"
"81904","40.74237534","-73.99723213","3","Japanese zelkova","Good"
"85256","40.74323616","-73.99745865","14","pin oak","Good"
"48095","40.7435378","-74.00208417","16","Callery pear","Good"
"48097","40.74340132","-74.00176031","10","Callery pear","Good"
"75765","40.74380711","-73.99199293","6","Callery pear","Good"
"48103","40.74316825","-74.00120727","8","Callery pear","Good"
"81042","40.74339502","-73.99377455","6","littleleaf linden","Good"
"74508","40.73597562","-73.98569212","9","littleleaf linden","Good"
"48100","40.74328771","-74.00149073","8","London planetree","Good"
"81908","40.74274288","-73.99810472","5","Callery pear","Good"
"90675","40.74289826","-73.98103445","13","littleleaf linden","Good"
"90448","40.74541847","-73.99688332","13","Callery pear","Good"
"90459","40.74495863","-73.99579078","8","Callery pear","Poor"
"90591","40.74626838","-73.99505546","9","Callery pear","Good"
"78911","40.73867091","-73.98497894","14","American elm","Good"
"35255","40.74216595","-74.00852318","11","Callery pear","Fair"
"89521","40.74154398","-73.98313963","12","Callery pear","Fair"
"95624","40.74491893","-74.00231556","7","Japanese zelkova","Good"
"48066","40.743216","-74.00313821","9","littleleaf linden","Good"
"63463","40.73488747","-73.98700045","17","Sophora","Good"
"49289","40.733167","-74.00001506","5","Japanese zelkova","Good"
"95078","40.73758957","-74.00714066","16","American elm","Good"
"90652","40.74276759","-73.98098312","8","willow oak","Good"
"73541","40.72856201","-73.99861829","11","Sophora","Good"
"44589","40.73567377","-73.98341669","18","Sophora","Good"
"73537","40.72915835","-73.99811495","13","Sophora","Good"
"73544","40.72822896","-73.99889939","9","Sophora","Good"
"49312","40.73414698","-73.99940714","6","Sophora","Poor"
"69614","40.72363848","-73.97768998","4","cherry","Fair"
"76671","40.75886579","-73.9742572","5",,
"35309","40.74154924","-73.99919155","6","Japanese zelkova","Good"
"32034","40.73871844","-73.98854883","8","Sophora","Fair"
"73563","40.73223891","-73.99280911","15","Sophora","Fair"
"61009","40.75014821","-73.99823139","3","Sophora","Good"
"61007","40.75009139","-73.99809619","3","Sophora","Good"
"61008","40.75012432","-73.99817453","3","Sophora","Good"
"73898","40.74308898","-73.99348496","11","Japanese zelkova","Good"
"63461","40.73480352","-73.98680089","11","Sophora","Good"
"73564","40.73220432","-73.99272788","11","Sophora","Good"
"70906","40.72744463","-74.00807162","4","sweetgum","Good"
"78953","40.73842274","-73.98544009","5","Sophora","Good"
"63506","40.73412941","-73.98691229","12","Sophora","Good"
"13019","40.73289014","-74.00567112","8","Japanese tree lilac","Poor"
"63505","40.73418345","-73.98704041","16","Sophora","Good"
"90445","40.74551097","-73.99710309","15","Callery pear","Good"
"41557","40.74384967","-73.98569969","9","Sophora","Poor"
"90461","40.74483343","-73.99549334","3","willow oak","Good"
"73570","40.73194954","-73.99212971","3","Sophora","Fair"
"63553","40.73402254","-73.98694863","8","Sophora","Fair"
"74567","40.73688814","-73.98629387","16","Callery pear","Good"
"95074","40.73801484","-74.00807441","15","Callery pear","Good"
"63382","40.73562137","-73.98747907","13","Sophora","Good"
"75764","40.74364954","-73.9921075","7","Callery pear","Good"
"70904","40.72745806","-74.00821558","4","Sophora","Fair"
"63384","40.73536298","-73.9876686","3","Sophora","Good"
"69399","40.72666114","-73.97957167","13","Sophora","Good"
"90653","40.74280442","-73.98107016","4","littleleaf linden","Good"
"70909","40.72742445","-74.00785532","3","sweetgum","Fair"
"70908","40.7274312","-74.00792766","4","sweetgum","Good"
"70903","40.72746488","-74.00828864","4","Sophora","Fair"
"63383","40.73549241","-73.98757366","17","Sophora","Good"
"89606","40.74203655","-73.98117943","16","London planetree","Good"
"73571","40.7319136","-73.99204534","12","Sophora","Fair"
"69166","40.72351386","-73.98322949","11","Sophora","Good"
"70907","40.72743788","-74.00799928","4","sweetgum","Good"
"73536","40.72921517","-73.99806699","16","Sophora","Good"
"70910","40.72741777","-74.0077837","3","sweetgum","Good"
"69221","40.72328073","-73.97892056","3","purple-leaf plum","Fair"
"76667","40.75900869","-73.97459752","3","Callery pear","Fair"
"35256","40.7421389","-74.00846626","11","Callery pear","Good"
"69224","40.72314814","-73.97860715","13","green ash","Good"
"78864","40.73729764","-73.98545448","11","littleleaf linden","Good"
"69552","40.72727451","-73.98252361","9","Japanese tree lilac","Good"
"93067","40.7443066","-74.00211013","11","Callery pear","Good"
"92967","40.7456675","-74.00550235","4","Callery pear","Good"
"63500","40.73445655","-73.98768796","4","Sophora","Good"
"63502","40.73431148","-73.98734399","15","Sophora","Good"
"84660","40.73455385","-73.97993364","4","Sophora","Good"
"74564","40.73674721","-73.98596007","7","Sophora","Good"
"75766","40.74394018","-73.99189618","8","Callery pear","Good"
"48151","40.74266973","-74.00158012","16","Callery pear","Good"
"93082","40.74355013","-74.00031284","3","Callery pear","Good"
"71037","40.72835505","-74.00725695","5","Callery pear","Good"
"73897","40.74314922","-73.99362922","10","Japanese zelkova","Good"
"48061","40.74290217","-74.00239234","2","pin oak","Good"
"90681","40.74317074","-73.98167842","2","littleleaf linden","Good"
"73540","40.7287962","-73.99842062","19","Sophora","Good"
"71151","40.72494393","-74.00948713","3","Kentucky coffeetree","Good"
"95079","40.73758906","-74.00699632","7","northern red oak","Good"
"90651","40.74271688","-73.98086328","8","willow oak","Good"
"107944","40.74795179","-74.00040708","0",,
"90629","40.74588475","-73.99447039","9","Callery pear","Good"
"63179","40.75784919","-73.9696206","3","Sophora","Poor"
"89480","40.74138777","-73.98156577","3","ginkgo","Good"
"74415","40.73549784","-73.98572688","13","ginkgo","Good"
"93074","40.7439802","-74.00133463","18","Callery pear","Good"
"76669","40.7589328","-73.97441677","3","Callery pear","Poor"
"70984","40.72738358","-74.0085756","4","red maple","Good"
"85255","40.74314177","-73.99723449","13","pin oak","Good"
"48057","40.7427406","-74.00200836","10","Callery pear","Good"
"95746","40.74475882","-74.00134986","9","pin oak","Good"
"48096","40.74347714","-74.00194023","11","Callery pear","Good"
"85289","40.74432005","-73.99904689","6","honeylocust","Good"
"48055","40.74263351","-74.00175384","8","ginkgo","Good"
"95747","40.7447023","-74.00121611","4","pin oak","Good"
"89481","40.74155028","-73.9819507","13","ginkgo","Good"
"49269","40.73395373","-74.00011306","10","ginkgo","Good"
"90585","40.74681846","-73.99636119","2","pin oak","Good"
"93092","40.74312866","-74.00021104","4","pin oak","Good"
"71126","40.7283917","-74.00395336","9","littleleaf linden","Good"
"88390","40.73060604","-74.0068956","8","honeylocust","Good"
"90581","40.74236371","-73.98071983","11","honeylocust","Fair"
"90654","40.74284391","-73.9811635","5","Japanese zelkova","Good"
"81911","40.74375657","-73.99944114","14","honeylocust","Good"
"95040","40.73871046","-74.00757706","2","red maple","Good"
"88392","40.73080051","-74.00686373","8","honeylocust","Fair"
"93064","40.74446342","-74.00248273","7","Callery pear","Good"
"48050","40.74229576","-74.00095115","4","littleleaf linden","Good"
"89607","40.74210484","-73.98134174","7","London planetree","Fair"
"95108","40.73808802","-74.00795581","25","American elm","Good"
"48063","40.74302202","-74.00267717","11","ginkgo","Good"
"48153","40.74281531","-74.00192624","9","ginkgo","Good"
"48154","40.74285702","-74.0020254","10","ginkgo","Good"
"93078","40.74379653","-74.00089825","14","willow oak","Good"
"93075","40.74393953","-74.00123801","14","willow oak","Good"
"95103","40.73809163","-74.00734238","20","American elm","Good"
"95033","40.73870961","-74.00684092","7","cherry","Fair"
"64425","40.74139506","-73.99374687","5","littleleaf linden","Fair"
"48064","40.74306825","-74.00278706","6","American linden","Good"
"93071","40.74412931","-74.00168891","15","honeylocust","Good"
"81910","40.74314287","-73.99905435","10","honeylocust","Good"
"93068","40.7442654","-74.00201225","16","willow oak","Good"
"70723","40.72810026","-74.00838074","4","Kentucky coffeetree","Good"
"95105","40.73809054","-74.00752714","3","London planetree","Good"
"75806","40.74457234","-73.99103339","4","ginkgo","Good"
"93066","40.74438501","-74.00229643","6","Callery pear","Good"
"90590","40.74631201","-73.99515901","8","Callery pear","Good"
"75777","40.74400703","-73.99161456","8","Callery pear","Good"
"75778","40.74397391","-73.99153554","8","Callery pear","Good"
"90628","40.74214609","-73.98115147","18","London planetree","Good"
"93076","40.74389222","-74.0011256","16","honeylocust","Good"
"93079","40.74373939","-74.00076248","10","honeylocust","Good"
"93080","40.74370403","-74.00067848","11","honeylocust","Good"
"95038","40.73871021","-74.00736199","4","cherry","Fair"
"48054","40.74258036","-74.00162753","8","ginkgo","Good"
"85290","40.74442327","-73.99897466","8","honeylocust","Good"
"90627","40.7422663","-73.98143686","2","London planetree","Good"
"93077","40.7438489","-74.00102266","16","willow oak","Good"
"69409","40.72632039","-73.97876145","3","Kentucky coffeetree","Good"
"89478","40.74104243","-73.98168248","9","honeylocust","Good"
"89632","40.74227499","-73.98260873","6","Callery pear","Good"
"75807","40.74460955","-73.99112181","4","ginkgo","Good"
"95625","40.74500113","-74.00225596","6","ginkgo","Good"
"89477","40.74097192","-73.98173406","11","honeylocust","Fair"
"75747","40.74341218","-73.99182901","7","Callery pear","Good"
"93073","40.7440408","-74.00147861","12","honeylocust","Fair"
"81156","40.74496005","-73.9935903","9","littleleaf linden","Good"
"69186","40.72416983","-73.97705943","5","swamp white oak","Good"
"69279","40.72587782","-73.98299387","8","black locust","Fair"
"12806","40.73135661","-74.00358059","15","black locust","Good"
"95967","40.74511872","-74.00035098","15","London planetree","Fair"
"71184","40.72765959","-74.00377174","2","black locust","Good"
"81806","40.74197239","-73.99809226","6","littleleaf linden","Good"
"93093","40.74303893","-74.00027659","8","pin oak","Good"
"14978","40.74599292","-73.99605441","2","Kentucky coffeetree","Fair"
"95626","40.7450468","-74.00222285","4","honeylocust","Good"
"95845","40.74528889","-74.00204912","9","ginkgo","Good"
"35328","40.74132499","-74.00047914","8","honeylocust","Good"
"95756","40.74412903","-73.99985965","8","Japanese zelkova","Fair"
"90658","40.74308918","-73.98174314","7","honeylocust","Good"
"95098","40.73809412","-74.00691948","11","pin oak","Good"
"73227","40.73300476","-73.9887889","5","pin oak","Good"
"92973","40.74629682","-74.00786576","2","Japanese zelkova","Poor"
"95101","40.73809256","-74.00718434","8","ginkgo","Good"
"95102","40.73809214","-74.0072565","7","ginkgo","Fair"
"35319","40.74070556","-73.99901116","8",,
"73903","40.74255127","-73.99319673","3","ginkgo","Good"
"89479","40.74121801","-73.98155407","11","honeylocust","Good"
"93069","40.74421942","-74.00190299","2","pin oak","Fair"
"85254","40.74310854","-73.99715556","13","willow oak","Good"
"95622","40.74472713","-74.00245462","6","honeylocust","Good"
"95973","40.74485999","-73.99973659","16","London planetree","Good"
"75808","40.74464171","-73.99119822","4","ginkgo","Good"
"35308","40.74150677","-73.99909047","4","Japanese zelkova","Good"
"69606","40.72328282","-73.97684775","11","Norway maple","Fair"
"81909","40.74311654","-73.99899184","11","honeylocust","Good"
"93084","40.7434664","-74.00011391","3","honeylocust","Poor"
"95623","40.74481846","-74.0023884","7","honeylocust","Good"
"93072","40.74409609","-74.00160997","14","honeylocust","Good"
"115652","40.74605064","-74.0022334","13",,
"89518","40.74182316","-73.98293539","4","honeylocust","Good"
"74509","40.73591503","-73.98554898","10","littleleaf linden","Good"
"69152","40.72468594","-73.98224292","17","green ash","Fair"
"48071","40.74376121","-74.00315725","5","honeylocust","Good"
"48070","40.7434968","-74.0033489","23","littleleaf linden","Good"
"95099","40.73809358","-74.00701113","16","American elm","Good"
"95100","40.73809304","-74.00710279","17","American elm","Good"
"89562","40.74176134","-73.98115837","13","London planetree","Good"
"95104","40.73809101","-74.00744775","9","ginkgo","Good"
"95738","40.74507985","-74.00210949","3","American linden","Good"
"67990","40.74127523","-73.99412528","8","Callery pear","Good"
"73226","40.73306907","-73.98894006","5","pin oak","Fair"
"13385","40.73504605","-74.00236819","3","common hackberry","Poor"
"95605","40.7443631","-74.0019523","14","littleleaf linden","Good"
"49621","40.73387504","-74.00067235","8","dawn redwood","Poor"
"73034","40.73023756","-73.98988944","3","honeylocust","Good"
"84659","40.73461269","-73.97989011","3","honeylocust","Good"
"73159","40.7357809","-73.99709302","4","honeylocust","Good"
"55454","40.75308979","-73.97918368","3","honeylocust","Good"
"49088","40.73894142","-74.00638247","6","ginkgo","Good"
"49238","40.7355189","-73.99408621","11","ginkgo","Fair"
"69607","40.72337966","-73.97707708","12","common hackberry","Poor"
"95974","40.74479404","-73.99957999","11",,
"85261","40.74342122","-73.99789814","4","purple-leaf plum","Fair"
"95969","40.74507027","-74.00016515","11","littleleaf linden","Good"
"69274","40.7256402","-73.98242986","15","flowering dogwood","Fair"
"102549","40.72485313","-73.97709552","8",,
"95753","40.74437421","-74.00051037","8","Japanese zelkova","Poor"
"89519","40.74173873","-73.98299716","4","honeylocust","Good"
"89520","40.74160682","-73.98309366","4","honeylocust","Good"
"90655","40.74289089","-73.98127451","5","American linden","Good"
"95752","40.7444186","-74.00054482","7","ginkgo","Good"
"90659","40.74312974","-73.98183901","9","American linden","Fair"
"93081","40.74360781","-74.00044988","9","honeylocust","Good"
"89630","40.74237003","-73.9825394","4","American linden","Good"
"102876","40.72956132","-73.98234058","2","London planetree","Good"
"95106","40.73809007","-74.00760724","4","Japanese zelkova","Good"
"90656","40.74293118","-73.98136975","4","American linden","Good"
"93070","40.7441846","-74.00182027","12","black oak","Good"
"63070","40.75843539","-73.96941298","9","willow oak","Good"
"95743","40.74487481","-74.00162431","4","ginkgo","Good"
"102560","40.72433722","-73.97587422","4","Japanese zelkova","Good"
"104432","40.74582445","-73.99997393","3","Japanese zelkova","Good"
"95808","40.74453462","-74.00055596","0",,
"30624","40.72570925","-73.99492841","2","swamp white oak","Good"
"35327","40.74130422","-74.00042991","8","honeylocust","Good"
"95604","40.7443212","-74.00185245","15","London planetree","Good"
"73070","40.73628343","-73.99747147","18","black locust","Good"
"103228","40.73101262","-73.98407639","2","American elm","Fair"
"77662","40.74507756","-73.99031369","4","honeylocust","Good"
"73231","40.73272609","-73.98813386","10","London planetree","Poor"
"73025","40.73350115","-73.99393576","4","willow oak","Fair"
"102395","40.7270755","-73.98055669","0",,
"95032","40.73870952","-74.00675936","6","cherry","Good"
"95961","40.74537506","-74.0009597","12","London planetree","Poor"
"102561","40.72430124","-73.97578906","5","Japanese zelkova","Good"
"95750","40.74456978","-74.00090255","8","honeylocust","Good"
"75680","40.74319936","-73.992436","5","honeylocust","Good"
"103229","40.73114286","-73.98438577","2","American elm","Good"
"92970","40.74598541","-74.0076315","2",,
"103297","40.72891258","-73.98106345","3","hardy rubber tree","Good"
"35326","40.74125842","-74.00032136","7","ginkgo","Good"
"75681","40.7433232","-73.99234564","4","honeylocust","Good"
"27522","40.73078821","-73.99922242","5","golden raintree","Good"
"27524","40.73087658","-73.99940253","4","golden raintree","Good"
"74384","40.7358538","-73.98721158","3","golden raintree","Good"
"69470","40.72452251","-73.98005706","6","golden raintree","Fair"
"94985","40.73817291","-74.00694329","8","green ash","Good"
"73232","40.73267786","-73.98802049","4","London planetree","Poor"
"103296","40.72888148","-73.98098958","3","Japanese tree lilac","Good"
"103226","40.73076966","-73.9834993","4","London planetree","Fair"
"77663","40.74511105","-73.99039326","4","honeylocust","Good"
"77665","40.74521152","-73.99063197","6","honeylocust","Fair"
"102938","40.7291833","-73.98368326","2","London planetree","Fair"
"81101","40.74435111","-73.99405664","6","pin oak","Good"
"48056","40.74268693","-74.00188078","9","Callery pear","Good"
"49431","40.73344717","-74.00102057","8","Callery pear","Fair"
"63072","40.75870214","-73.97004477","9","willow oak","Fair"
"95972","40.74490599","-73.99984583","17","London planetree","Good"
"102869","40.72927273","-73.98165568","2","London planetree","Good"
"63069","40.75839675","-73.96932146","11","willow oak","Good"
"73029","40.7333397","-73.9935534","12","London planetree","Fair"
"103445","40.73105958","-73.9838977","2","American elm","Good"
"73076","40.72912863","-73.99900352","5","Callery pear","Fair"
"73026","40.73346572","-73.99385184","20","London planetree","Fair"
"48058","40.74279774","-74.00214414","10","Callery pear","Good"
"94982","40.73817302","-74.00723485","9","London planetree","Good"
"63074","40.75877915","-73.97022718","9","willow oak","Good"
"95814","40.74475708","-74.00108538","8","Callery pear","Good"
"89631","40.74230523","-73.98258667","7","Callery pear","Good"
"95601","40.74409582","-74.00131526","7","ginkgo","Good"
"95602","40.74418332","-74.00152381","13","honeylocust","Good"
"95970","40.74498789","-74.00004031","13","honeylocust","Good"
"103083","40.72850948","-73.98448446","10","American linden","Fair"
"81134","40.74461328","-73.99303527","9","honeylocust","Good"
"104427","40.74597072","-74.00032121","6","Callery pear","Good"
"102937","40.72904771","-73.9833621","4","Callery pear","Good"
"95958","40.74556677","-74.00141498","10","honeylocust","Good"
"102933","40.72887937","-73.98296333","17","honeylocust","Good"
"30577","40.72678309","-73.99625199","6","golden raintree","Good"
"30670","40.73138398","-73.99260802","3","golden raintree","Good"
"75834","40.74400639","-73.99132747","4","ginkgo","Good"
"77693","40.74415421","-73.98975127","16","Callery pear","Good"
"77642","40.74589956","-73.99035411","5","Callery pear","Good"
"95962","40.74537713","-74.00089384","5","Callery pear","Good"
"102544","40.72513","-73.97775096","8","Callery pear","Good"
"103204","40.73011069","-73.98192912","6","mulberry","Good"
"102928","40.72847381","-73.98200271","4","honeylocust","Good"
"94981","40.73817305","-74.00730197","10","London planetree","Good"
"73228","40.73295385","-73.98866923","5","ginkgo","Fair"
"48065","40.74312804","-74.00292916","9","Callery pear","Good"
"95598","40.7437779","-74.00055751","13","honeylocust","Good"
"102550","40.72482435","-73.97702739","9","honeylocust","Fair"
"81136","40.74454068","-73.99286207","13","honeylocust","Good"
"102932","40.72879226","-73.98275701","7","honeylocust","Good"
"92969","40.74584699","-74.00730325","10","honeylocust","Good"
"81135","40.74457274","-73.99293855","11","honeylocust","Good"
"81137","40.74420869","-73.99207001","5","honeylocust","Good"
"13020","40.73283322","-74.00563872","12","Japanese tree lilac","Fair"
"95960","40.7454527","-74.00114408","15","honeylocust","Good"
"35307","40.74116614","-73.99827998","8","ginkgo","Good"
"95957","40.74562867","-74.0014912","3","honeylocust","Good"
"95600","40.74397332","-74.00102328","8","honeylocust","Good"
"95603","40.74420984","-74.00158701","13","honeylocust","Good"
"63071","40.7584735","-73.96950324","9","willow oak","Good"
"77649","40.74576273","-73.99056556","11","Callery pear","Good"
"104428","40.74594413","-74.00025807","5","Callery pear","Good"
"104430","40.74588535","-74.00011852","6","Callery pear","Good"
"73083","40.72853246","-73.99951254","3","American linden","Good"
"73230","40.73280648","-73.98832282","9","ginkgo","Good"
"102546","40.72503967","-73.97753711","8","honeylocust","Good"
"77648","40.7458596","-73.99049461","13","Callery pear","Good"
"73068","40.73640886","-73.99738043","8","Callery pear","Good"
"103084","40.72837814","-73.98457933","17","American linden","Fair"
"75833","40.74403773","-73.99140201","4","ginkgo","Good"
"27521","40.73074388","-73.99913206","6","golden raintree","Good"
"13256","40.73551744","-74.00316876","11","black locust","Good"
"71305","40.72595708","-74.00948604","18","black locust","Good"
"35306","40.74113428","-73.99820418","13","ginkgo","Good"
"95599","40.74391313","-74.00087982","12","honeylocust","Good"
"95963","40.74532905","-74.00085046","6","ginkgo","Good"
"102417","40.72464377","-73.97543526","4","American linden","Good"
"73134","40.72786769","-74.00020089","12","Japanese zelkova","Good"
"90633","40.74568976","-73.99461083","6",,
"95959","40.74549392","-74.00124196","18","honeylocust","Good"
"95596","40.7436546","-74.00026364","15","honeylocust","Good"
"95607","40.7444681","-74.00220257","12","honeylocust","Good"
"92974","40.74635229","-74.00785575","2",,
"103295","40.7288331","-73.98087467","4","silver linden","Fair"
"102397","40.72717757","-73.9807983","0",,
"102551","40.72478171","-73.97692645","12","honeylocust","Poor"
"77688","40.74469748","-73.99104294","6","honeylocust","Good"
"102552","40.72474707","-73.97684444","14","honeylocust","Fair"
"102401","40.72736278","-73.98123675","2",,
"103210","40.72976109","-73.98109231","7","Japanese zelkova","Good"
"95751","40.7444198","-74.00061825","12","Japanese zelkova","Good"
"103289","40.72854816","-73.98019785","8",,
"95739","40.74505398","-74.00204829","8","Japanese zelkova","Good"
"103209","40.72980865","-73.98120617","2","Japanese zelkova","Good"
"95757","40.7440957","-73.99978079","4","Japanese zelkova","Good"
"88362","40.73081561","-74.00798494","3","Japanese zelkova","Good"
"102877","40.72958153","-73.98238856","0",,
"77692","40.74419352","-73.98984475","0",,
"74474","40.73615944","-73.98638686","11","Callery pear","Good"
"90507","40.74538148","-73.99649491","13","Callery pear","Good"
"63073","40.75874051","-73.97013566","9","willow oak","Good"
"63075","40.75881779","-73.97031869","8","willow oak","Good"
"73028","40.7333786","-73.99364552","11","pin oak","Fair"
"103437","40.73159774","-73.98517882","3","Callery pear","Good"
"75779","40.74394026","-73.99145526","7","Callery pear","Good"
"77651","40.74557282","-73.99070465","4","Callery pear","Fair"
"77652","40.74551192","-73.99074925","4","Callery pear","Good"
"75650","40.74205367","-73.99058638","10","London planetree","Fair"
"95077","40.73759123","-74.00760831","17","Callery pear","Good"
"95597","40.74371558","-74.000409","3","Callery pear","Good"
"95034","40.73870977","-74.00698093","9","Callery pear","Good"
"102271","40.72712008","-73.97879055","11","Callery pear","Good"
"103085","40.72832089","-73.98462068","11","mulberry","Good"
"61013","40.75052249","-73.99823051","11","honeylocust","Good"
"144252","40.75451744","-73.99487416","3",,
"81808","40.74238204","-73.99906453","4","ginkgo","Good"
"103285","40.72841419","-73.97987964","7","silver linden","Poor"
"89608","40.74223372","-73.98164804","8","honeylocust","Good"
"95956","40.74566058","-74.00156697","3","honeylocust","Good"
"90626","40.74230354","-73.98152526","16","Callery pear","Good"
"48044","40.74195682","-74.00106357","10","honeylocust","Good"
"95964","40.74529741","-74.00077532","17","American linden","Good"
"102934","40.72891346","-73.9830441","6","honeylocust","Good"
"102929","40.72855319","-73.98219073","16","honeylocust","Fair"
"48045","40.74208043","-74.00097267","8","honeylocust","Good"
"73079","40.72895899","-73.99914836","7","American linden","Good"
"73229","40.7329016","-73.98854641","10","honeylocust","Good"
"104425","40.74603296","-74.00046896","4","pin oak","Good"
"94980","40.73817308","-74.00738497","14","London planetree","Good"
"95080","40.73758874","-74.00690683","13","London planetree","Good"
"103443","40.73122225","-73.98428494","11","American elm","Good"
"102547","40.72497891","-73.97739327","3","honeylocust","Good"
"48043","40.74190748","-74.00109985","10","honeylocust","Good"
"103574","40.72479892","-73.98224491","18","honeylocust","Good"
"48042","40.741861","-74.00113403","6","littleleaf linden","Good"
"77690","40.74457581","-73.99075365","8","honeylocust","Good"
"102418","40.72453138","-73.97551703","2","honeylocust","Poor"
"102543","40.72515825","-73.97781783","1","honeylocust","Good"
"103569","40.7250432","-73.98282509","12","ginkgo","Good"
"89563","40.74187178","-73.98107792","15","honeylocust","Good"
"102419","40.72442284","-73.975596","4","northern red oak","Fair"
"103291","40.72865049","-73.98044092","3","northern red oak","Good"
"103201","40.73026157","-73.98229029","8","honeylocust","Good"
"102557","40.72454455","-73.97636501","9","honeylocust","Fair"
"103250","40.72795238","-73.98417256","6","ginkgo","Good"
"102553","40.72471376","-73.97676559","11","honeylocust","Fair"
"102554","40.72467885","-73.97668295","11","honeylocust","Fair"
"103257","40.72758869","-73.98330809","9","honeylocust","Good"
"103290","40.72858936","-73.98029571","9","ginkgo","Good"
"103307","40.7256523","-73.98393375","18","honeylocust","Good"
"102935","40.72894356","-73.98311539","8","honeylocust","Fair"
"73285","40.7334578","-73.991574","8","honeylocust","Fair"
"103571","40.7249709","-73.98265337","14","honeylocust","Good"
"73092","40.73394256","-73.99472509","9","Callery pear","Good"
"102555","40.72460637","-73.97651136","10","honeylocust","Fair"
"102556","40.72457906","-73.9764467","12","honeylocust","Fair"
"103255","40.72769549","-73.98356193","8","ginkgo","Good"
"104424","40.74611966","-74.00067481","8","honeylocust","Good"
"89561","40.74163553","-73.98125001","10","honeylocust","Good"
"63503","40.73427528","-73.98725815","12","Sophora","Good"
"95041","40.73871064","-74.00773006","9","honeylocust","Good"
"102548","40.72494533","-73.97731379","3","honeylocust","Good"
"78955","40.73829407","-73.98553386","16","Sophora","Good"
"73069","40.73635984","-73.99741601","8","honeylocust","Good"
"104423","40.74621088","-74.00089139","7","honeylocust","Good"
"95968","40.74510032","-74.0002365","12","littleleaf linden","Good"
"103205","40.73007633","-73.9818469","5","honeylocust","Good"
"103446","40.73096724","-73.98367787","11","honeylocust","Good"
"95039","40.73871033","-74.00746158","11","ginkgo","Fair"
"84662","40.7340922","-73.98027519","3","honeylocust","Poor"
"77691","40.74454898","-73.99068986","8","honeylocust","Good"
"37923","40.7367816","-73.99053285","6","Sophora","Good"
"37930","40.73603102","-73.99106649","7","Sophora","Fair"
"37932","40.73575381","-73.99126794","2","Sophora","Good"
"37924","40.73671449","-73.99058209","8","Sophora","Fair"
"92972","40.74622884","-74.00787803","2","Japanese zelkova","Good"
"103279","40.72816166","-73.97927985","10","honeylocust","Good"
"104436","40.74545795","-73.99910384","5","ginkgo","Good"
"84663","40.7340367","-73.98031625","4","honeylocust","Fair"
"95813","40.74472151","-74.00100073","18","Callery pear","Good"
"102403","40.72745179","-73.98144745","4","littleleaf linden","Good"
"17848","40.72552157","-74.00565044","2","'Schubert' chokecherry","Fair"
"17846","40.72538437","-74.00567369","2","'Schubert' chokecherry","Good"
"103199","40.73035511","-73.9825142","4","honeylocust","Good"
"84672","40.73349877","-73.98066822","11","honeylocust","Good"
"37922","40.73684871","-73.99048361","5","Sophora","Good"
"84676","40.73294458","-73.98110972","4","honeylocust","Good"
"105234","40.74648034","-73.98980385","9","ginkgo","Good"
"75652","40.74244043","-73.99151344","4","American linden","Good"
"73023","40.73359546","-73.99415913","8","ginkgo","Good"
"33914","40.72594002","-73.99211055","10","Sophora","Good"
"73826","40.74216271","-73.99492219","3","sweetgum","Good"
"90587","40.74662455","-73.9959009","4","Sophora","Good"
"104440","40.74494483","-73.99888604","13","honeylocust","Good"
"84680","40.73260832","-73.98131467","12","honeylocust","Good"
"73823","40.74208149","-73.99472805","3","sweetgum","Good"
"103280","40.72819409","-73.97935688","4","honeylocust","Good"
"104433","40.74563641","-73.99952752","8","ginkgo","Good"
"84679","40.73268425","-73.98125955","12","honeylocust","Good"
"37925","40.73664738","-73.99063133","6","Sophora","Good"
"73825","40.74213519","-73.99485642","3","sweetgum","Good"
"73573","40.73178702","-73.99174814","11","Sophora","Fair"
"105232","40.74635118","-73.98949773","8","Callery pear","Fair"
"90594","40.74618699","-73.99486225","10","Callery pear","Good"
"37931","40.73591379","-73.99115168","5","Sophora","Poor"
"77757","40.74320986","-73.99271789","5","Sophora","Good"
"103398","40.72777696","-73.98009199","0",,
"73072","40.72947988","-73.9987036","2",,
"99483","40.74117261","-73.98296695","3","American linden","Poor"
"104438","40.74514608","-73.99873961","10","honeylocust","Good"
"35330","40.74145229","-74.00078081","11","Sophora","Good"
"37936","40.73546314","-73.99147916","2","Sophora","Good"
"76452","40.7574641","-73.97682685","4","honeylocust","Fair"
"104426","40.74600397","-74.00040014","5","honeylocust","Good"
"103439","40.73150115","-73.98494887","3","American linden","Good"
"103306","40.72581473","-73.98381585","4","London planetree","Fair"
"48068","40.74327579","-74.00328031","4","swamp white oak","Good"
"48051","40.74232366","-74.00101746","3","white oak","Good"
"75653","40.7426973","-73.99212916","6","honeylocust","Good"
"81172","40.7455987","-73.99345326","4","Sophora","Good"
"76450","40.7574411","-73.97677263","4","honeylocust","Good"
"81105","40.74486528","-73.99494443","6","Sophora","Good"
"104431","40.7458553","-74.00004717","3","Japanese zelkova","Good"
"74506","40.73606104","-73.98589392","7","Sophora","Good"
"81809","40.74259484","-73.99956962","4","littleleaf linden","Good"
"73049","40.7363437","-73.99672167","7","cherry","Good"
"102416","40.72475424","-73.97535489","11","Callery pear","Fair"
"75749","40.74348953","-73.99201278","9","Callery pear","Good"
"103189","40.72938953","-73.98577474","8","Callery pear","Fair"
"103304","40.72594976","-73.98371783","16","London planetree","Fair"
"103188","40.72934417","-73.98566753","13","honeylocust","Fair"
"35331","40.74148424","-74.00085655","7","Sophora","Good"
"75748","40.74345923","-73.99194079","8","Callery pear","Good"
"73896","40.74321685","-73.99379118","3","Sophora","Good"
"48092","40.74389511","-74.00293205","6","Sophora","Good"
"103227","40.73088768","-73.98377964","10","Callery pear","Good"
"73093","40.73399062","-73.99483942","11","Callery pear","Good"
"90657","40.74302886","-73.98160059","11","Callery pear","Fair"
"103207","40.7299458","-73.98153444","4","honeylocust","Good"
"49291","40.73328154","-73.9999317","3","Sophora","Good"
"48099","40.74333427","-74.00160121","17","Sophora","Good"
"73539","40.72894772","-73.99829273","5","river birch","Fair"
"103082","40.72859705","-73.98442122","11","Callery pear","Poor"
"90595","40.74615986","-73.99479785","2","Callery pear","Good"
"48104","40.74310093","-74.00104754","2","flowering dogwood","Good"
"104437","40.74543162","-73.99904133","5","ginkgo","Good"
"63068","40.75835838","-73.96923058","8","honeylocust","Good"
"104439","40.74504521","-73.998813","11","honeylocust","Good"
"94995","40.73852441","-74.00652996","7","green ash","Good"
"103258","40.72752759","-73.98316285","9","green ash","Good"
"37933","40.73568174","-73.99132031","2","Sophora","Good"
"102895","40.7293002","-73.98582613","7","Callery pear","Good"
"52961","40.74523342","-74.00765492","6","honeylocust","Good"
"67856","40.74164267","-73.99577863","2","littleleaf linden","Good"
"81905","40.7424405","-73.99738682","5","littleleaf linden","Good"
"73012","40.730835","-73.98948027","17","Sophora","Good"
"102558","40.7245083","-73.97627921","3","honeylocust","Good"
"104441","40.74485837","-73.99894894","13","honeylocust","Good"
"84671","40.73363573","-73.9805688","11","honeylocust","Good"
"76448","40.75731681","-73.97640916","4","honeylocust","Good"
"103286","40.72844741","-73.97995856","7","Japanese zelkova","Fair"
"73086","40.73355332","-73.99379913","13","honeylocust","Fair"
"73085","40.73347818","-73.99362037","13","pin oak","Good"
"31845","40.73759174","-73.99680709","10","Sophora","Good"
"84664","40.73398456","-73.98035482","4","honeylocust","Good"
"90650","40.7426595","-73.98072768","9","littleleaf linden","Fair"
"84675","40.73311853","-73.98098343","4","honeylocust","Fair"
"37928","40.7362059","-73.9909394","4","Sophora","Poor"
"73018","40.73390237","-73.99488601","7","Callery pear","Good"
"95082","40.73758805","-74.00671197","16","willow oak","Good"
"95810","40.74461798","-74.00075434","9","Callery pear","Fair"
"103283","40.728348","-73.97972243","9","silver linden","Poor"
"95095","40.73809567","-74.00665535","10","littleleaf linden","Good"
"95097","40.73809466","-74.00682783","11","littleleaf linden","Good"
"99482","40.74087717","-73.98226423","8","honeylocust","Good"
"12997","40.73254021","-74.0037029","3","'Schubert' chokecherry","Good"
"27830","40.73867468","-73.99154187","4","'Schubert' chokecherry","Good"
"55317","40.75454927","-73.97926356","3","honeylocust","Good"
"84678","40.73275753","-73.98120635","13","honeylocust","Good"
"73824","40.74210847","-73.99479255","3","sweetgum","Good"
"90596","40.74607953","-73.99460717","8","Callery pear","Good"
"73078","40.72901952","-73.99909667","7","littleleaf linden","Good"
"31846","40.73765564","-73.99676065","9","Sophora","Good"
"37929","40.73610885","-73.99100993","5","Sophora","Fair"
"49425","40.7332087","-74.00053662","15","Sophora","Good"
"81906","40.74254794","-73.99764191","2","littleleaf linden","Good"
"95608","40.7445092","-74.00230053","4","littleleaf linden","Fair"
"103292","40.72868266","-73.98051732","3","northern red oak","Good"
"55213","40.75423814","-73.97810359","6","Sophora","Poor"
"84665","40.73378328","-73.9804644","12","honeylocust","Good"
"74417","40.73570718","-73.98557585","2","Sophora","Good"
"95811","40.74464001","-74.00080677","10","Callery pear","Good"
"102931","40.72877148","-73.9827078","4","Callery pear","Good"
"48994","40.73983859","-74.00501354","3","sweetgum","Fair"
"35325","40.74123631","-74.00026897","5","Sophora","Good"
"48093","40.7438584","-74.00284493","5","Sophora","Good"
"34035","40.73371425","-73.99305328","5","Schumard's oak","Good"
"49068","40.73960974","-74.0052539","4","Schumard's oak","Good"
"35329","40.74140648","-74.00067226","14","Sophora","Good"
"90625","40.74235088","-73.98163764","6","silver linden","Poor"
"90593","40.74622077","-73.99494244","3","Callery pear","Good"
"90450","40.74536691","-73.9967608","2","Sophora","Good"
"103392","40.72819218","-73.98107568","5","cherry","Good"
"103390","40.72828327","-73.98129147","2","Chinese elm","Good"
"33971","40.73044965","-74.00222116","12","black locust","Good"
"103377","40.72920254","-73.98111777","3","black locust","Good"
"17842","40.72510943","-74.0057203","2","'Schubert' chokecherry","Good"
"17844","40.72524663","-74.00569705","2","'Schubert' chokecherry","Good"
"27827","40.73894862","-73.9913522","4","'Schubert' chokecherry","Good"
"84687","40.73207461","-73.98173917","3","Sophora","Good"
"73237","40.73461461","-73.9926056","2","Callery pear","Good"
"74505","40.73609948","-73.98598473","14","Sophora","Good"
"73391","40.73303878","-73.99258125","15","Callery pear","Fair"
"103389","40.72833414","-73.98141199","6","littleleaf linden","Good"
"90443","40.74559895","-73.99731212","13","Callery pear","Good"
"37935","40.73553617","-73.9914261","2","Sophora","Good"
"37937","40.73539052","-73.99153354","3","Sophora","Poor"
"95076","40.737883","-74.00808899","7","Sophora","Good"
"103388","40.72836743","-73.98149086","7","littleleaf linden","Fair"
"102870","40.72931023","-73.98174469","9","littleleaf linden","Good"
"103197","40.73045658","-73.98275709","7","littleleaf linden","Good"
"104399","40.74480748","-73.99928663","7","littleleaf linden","Good"
"99489","40.74091319","-73.98359939","6","Japanese zelkova","Good"
"104404","40.74504357","-73.99977472","11","Callery pear","Good"
"103187","40.72931882","-73.98560762","3","crab apple","Fair"
"103191","40.72949172","-73.98601628","7","American linden","Good"
"102897","40.72933223","-73.98590179","12","Callery pear","Good"
"103182","40.72910537","-73.98510311","20","Callery pear","Good"
"103110","40.72765888","-73.98247242","14","pin oak","Good"
"102879","40.72969059","-73.98264737","7","littleleaf linden","Poor"
"103198","40.73042593","-73.98268371","7","littleleaf linden","Good"
"107893","40.74698989","-73.99839228","15","littleleaf linden","Good"
"73233","40.73264437","-73.98794176","2",,
"103281","40.72828208","-73.97956586","4",,
"73074","40.72925016","-73.99889974","5","littleleaf linden","Good"
"102871","40.72936476","-73.98187409","11","littleleaf linden","Good"
"94986","40.73817289","-74.0068805","10","littleleaf linden","Good"
"95809","40.74458214","-74.00066905","10",,
"103341","40.72717718","-73.97866849","0",,
"103160","40.72966509","-73.9828456","4","pin oak","Good"
"103154","40.72915095","-73.98162457","3","pin oak","Good"
"103259","40.72746834","-73.98302204","15","red maple","Fair"
"95081","40.73758846","-74.00682744","6","pin oak","Good"
"92896","40.74344992","-74.00161492","7","pin oak","Good"
"92966","40.7455978","-74.00555289","0",,
"94978","40.73838337","-74.00805448","11","pin oak","Good"
"103161","40.72969885","-73.98292578","18","pin oak","Good"
"104406","40.74513475","-73.9999905","8","pin oak","Good"
"103159","40.72963797","-73.9827812","6","pin oak","Good"
"104405","40.7450653","-73.99989673","8","pin oak","Good"
"107907","40.74753582","-73.99767895","9","Japanese zelkova","Good"
"112855","40.74601298","-74.00433909","17","Japanese zelkova","Good"
"103305","40.72588104","-73.98376771","4","London planetree","Fair"
"107962","40.74672651","-74.00129883","2",,
"52960","40.74527371","-74.00775098","5","honeylocust","Good"
"103162","40.72971905","-73.98297376","6","northern red oak","Good"
"102406","40.72772495","-73.98209408","9","willow oak","Good"
"63076","40.75885643","-73.97041021","10","willow oak","Good"
"89610","40.74233416","-73.98188677","2","northern red oak","Good"
"103448","40.73089399","-73.98350352","17","London planetree","Good"
"103163","40.72974218","-73.98302869","8","pin oak","Good"
"107908","40.74757581","-73.99777359","11","Japanese zelkova","Good"
"92989","40.74596145","-74.00604218","0",,
"76447","40.75729074","-73.97634769","4","honeylocust","Fair"
"103155","40.7291911","-73.9817199","8","Japanese zelkova","Fair"
"103111","40.72754792","-73.9825531","4","London planetree","Good"
"102405","40.72765006","-73.98191681","26","American elm","Good"
"103158","40.7296066","-73.9827067","9","pin oak","Good"
"71102","40.72671604","-74.00751217","3","Japanese tree lilac","Good"
"103112","40.72744608","-73.98262713","4","London planetree","Good"
"86647","40.7498107","-73.99875021","12","honeylocust","Good"
"34225","40.72978977","-74.00435019","4","Japanese tree lilac","Good"
"86885","40.72635307","-73.98036343","7","green ash","Good"
"77666","40.74526229","-73.9907526","2",,
"106253","40.74760073","-74.00023657","8","Japanese zelkova","Good"
"106260","40.74725047","-73.9994058","11",,
"102808","40.72774369","-73.97828667","2","American linden","Fair"
"105320","40.74678326","-73.99052505","10","ginkgo","Good"
"86968","40.72743058","-73.9811296","13","honeylocust","Good"
"27832","40.73855811","-73.99162258","4","'Schubert' chokecherry","Good"
"35322","40.74088798","-73.99944347","6","littleleaf linden","Good"
"102874","40.72948073","-73.98214931","9","littleleaf linden","Good"
"102394","40.7270302","-73.98044944","12","willow oak","Good"
"103249","40.7279994","-73.98428433","3","Chinese elm","Fair"
"52959","40.74531587","-74.00785147","6","honeylocust","Good"
"103183","40.72915713","-73.98522546","9","honeylocust","Good"
"86648","40.74987765","-73.99870058","15","honeylocust","Good"
"107942","40.74809317","-74.00030324","0",,
"106256","40.74743758","-73.99984959","5","Japanese zelkova","Good"
"75651","40.74241799","-73.99145965","4","American linden","Good"
"73021","40.73370256","-73.99441278","14","littleleaf linden","Good"
"92893","40.74330882","-74.00127956","17","honeylocust","Good"
"105106","40.74792032","-73.99272116","8","honeylocust","Fair"
"52962","40.7452008","-74.00757718","6","honeylocust","Good"
"107943","40.74803327","-74.00034724","0",,
"103449","40.73079183","-73.98326031","3","willow oak","Good"
"104411","40.74539337","-74.0006025","12","Japanese zelkova","Good"
"92959","40.74488963","-74.00500887","7","littleleaf linden","Good"
"103206","40.72998543","-73.98162931","4","honeylocust","Good"
"52942","40.74497931","-74.00813022","3","Japanese zelkova","Good"
"86967","40.72751342","-73.98132582","17","honeylocust","Good"
"102398","40.72722527","-73.98091123","5","willow oak","Poor"
"52941","40.74495102","-74.0081352","2","Japanese zelkova","Good"
"105321","40.74697108","-73.99097246","7","ginkgo","Good"
"103248","40.72803367","-73.98436579","8","white ash","Good"
"53044","40.74267095","-74.00856058","5","honeylocust","Good"
"90582","40.74244564","-73.98065959","10","honeylocust","Good"
"89482","40.74158412","-73.98203085","11","ginkgo","Good"
"69408","40.72634828","-73.97882776","8","cherry","Good"
"86969","40.72731337","-73.98085198","12","honeylocust","Good"
"103332","40.72671914","-73.9775806","4","honeylocust","Fair"
"104400","40.74484481","-73.99937496","7","Callery pear","Good"
"102184","40.72612735","-73.97745991","10","honeylocust","Fair"
"53041","40.74294116","-74.00850604","9","Callery pear","Good"
"79017","40.73767805","-73.98427925","4","honeylocust","Good"
"53045","40.74260367","-74.00857416","6","Callery pear","Good"
"104409","40.74529419","-74.00036779","13","honeylocust","Good"
"73139","40.73452106","-73.99437163","10","honeylocust","Fair"
"102888","40.72900593","-73.98513093","11","Callery pear","Good"
"102878","40.72965973","-73.98257414","2","pin oak","Good"
"86966","40.72757202","-73.98146463","5","honeylocust","Good"
"86964","40.72771507","-73.98180344","15","London planetree","Good"
"103395","40.72803797","-73.98071034","20","Callery pear","Good"
"86893","40.72538278","-73.98106755","27","American elm","Good"
"103185","40.72925772","-73.9854632","13","Callery pear","Fair"
"73273","40.73304563","-73.98984292","14","willow oak","Fair"
"52940","40.74478127","-74.00816514","13","Japanese zelkova","Good"
"103340","40.72713488","-73.97856801","4","Callery pear","Good"
"76449","40.75746374","-73.97675561","6","Callery pear","Good"
"76454","40.75751227","-73.97687004","5","Callery pear","Fair"
"76455","40.75753086","-73.97691386","5","Callery pear","Good"
"102999","40.72851414","-73.98396656","9","pin oak","Fair"
"103394","40.72811841","-73.9809009","22","Callery pear","Good"
"90592","40.74624099","-73.99499043","9","Callery pear","Good"
"103251","40.72792502","-73.98410752","15","Callery pear","Fair"
"89549","40.74111184","-73.98253279","4","Callery pear","Fair"
"103190","40.7294557","-73.98593114","16","Callery pear","Good"
"100182","40.72463604","-73.99360471","7","Callery pear","Good"
"103339","40.72707826","-73.97843354","8","Callery pear","Good"
"73184","40.7343451","-73.99250889","10","Callery pear","Fair"
"106262","40.74718978","-73.99926187","9","Callery pear","Good"
"73151","40.73395331","-73.99303529","10","Callery pear","Fair"
"104402","40.74492879","-73.9995737","7","Callery pear","Good"
"104419","40.74576835","-74.00156052","8","Callery pear","Good"
"73150","40.73398114","-73.99310082","12","Callery pear","Fair"
"103338","40.72703945","-73.97834136","11","Callery pear","Poor"
"104413","40.74551014","-74.00087885","13","Callery pear","Good"
"92957","40.74483884","-74.00488826","6","Callery pear","Good"
"92960","40.74491303","-74.00506444","7","Callery pear","Good"
"104410","40.74534617","-74.00049083","14","London planetree","Good"
"86894","40.72524678","-73.98116624","9","willow oak","Good"
"94983","40.73817299","-74.00715258","8","ginkgo","Good"
"104408","40.74525899","-74.00028451","14","honeylocust","Good"
"84689","40.73196075","-73.98182191","4","Sophora","Good"
"92888","40.74303487","-74.00062841","14","honeylocust","Good"
"86972","40.72712744","-73.98041159","2","honeylocust","Fair"
"98963","40.74358589","-73.98455886","10","London planetree","Fair"
"112853","40.74608444","-74.00450486","14","Japanese zelkova","Good"
"106258","40.74737423","-73.99969935","0",,
"104412","40.74542803","-74.00068452","10","ginkgo","Good"
"103342","40.72721094","-73.97874868","12","honeylocust","Good"
"103331","40.72667794","-73.97748274","10","honeylocust","Good"
"92988","40.74592818","-74.00596328","4","red maple","Good"
"103230","40.73119656","-73.98451331","9","American linden","Good"
"89643","40.74175325","-73.98213628","8","ginkgo","Good"
"103336","40.72693498","-73.97809325","3","Chinese elm","Fair"
"86970","40.72725983","-73.98072517","16","honeylocust","Fair"
"89644","40.74171974","-73.98205673","10","ginkgo","Good"
"84686","40.73220181","-73.98160758","4","Sophora","Good"
"85258","40.74332763","-73.99767587","5","littleleaf linden","Good"
"73022","40.73364182","-73.99426891","13","littleleaf linden","Good"
"112850","40.74618784","-74.00474474","12","Japanese zelkova","Good"
"103243","40.72655266","-73.98327924","4",,
"92889","40.74308802","-74.00075472","10","honeylocust","Good"
"84688","40.73201408","-73.98178316","4","Sophora","Good"
"73056","40.73249233","-73.989949","12","honeylocust","Fair"
"73255","40.73223576","-73.98867993","8","ginkgo","Good"
"27829","40.73884128","-73.99142652","4","'Schubert' chokecherry","Good"
"95754","40.74427941","-74.00021549","7","Sophora","Good"
"73256","40.7323502","-73.98895132","3","ginkgo","Good"
"27828","40.73889228","-73.99139121","4","'Schubert' chokecherry","Good"
"34154","40.73311906","-73.99645166","9","empress tree","Good"
"49501","40.73460753","-74.00209951","13","Sophora","Good"
"113034","40.74650706","-74.00357523","8",,
"73007","40.73168434","-73.99120686","6","Japanese zelkova","Good"
"102807","40.72778627","-73.97838765","4","American linden","Good"
"104415","40.74561265","-74.00119205","6","ginkgo","Good"
"106254","40.74756533","-74.00015261","7","Japanese zelkova","Good"
"95744","40.74484015","-74.00154229","11","Sophora","Good"
"73055","40.73255976","-73.98993225","5","honeylocust","Fair"
"73017","40.73003314","-73.989703","3","honeylocust","Good"
"95740","40.74500919","-74.0019423","16","Sophora","Good"
"92971","40.74605196","-74.00778931","2","littleleaf linden","Poor"
"95807","40.74448498","-74.00043782","12","Sophora","Fair"
"73088","40.73366537","-73.99406567","21","London planetree","Fair"
"73009","40.73160451","-73.9910175","6","Japanese zelkova","Good"
"112960","40.74539581","-74.00260439","5",,
"95749","40.74461031","-74.00099845","7","Sophora","Good"
"104401","40.74488987","-73.99948158","11","Callery pear","Good"
"103208","40.72988634","-73.98139212","2","Sophora","Good"
"73286","40.73379071","-73.99235535","14","Sophora","Good"
"102509","40.72683299","-73.97668836","11","sycamore maple","Poor"
"107895","40.7472677","-73.9990588","2",,
"103192","40.7295208","-73.98608502","5","scarlet oak","Good"
"102899","40.72944033","-73.98615717","2","Sophora","Good"
"103203","40.73016512","-73.98205942","2","Sophora","Good"
"69541","40.72619775","-73.9833079","2","Persian ironwood","Good"
"73183","40.73424658","-73.99259433","16","Callery pear","Fair"
"95745","40.74479962","-74.0014464","15","Sophora","Good"
"103200","40.7303271","-73.98244715","11","Sophora","Good"
"102827","40.72492881","-73.97912148","2","American elm","Good"
"105323","40.74712931","-73.99134941","2","swamp white oak","Good"
"73113","40.73281861","-73.99032364","9","honeylocust","Good"
"103572","40.72489009","-73.98246145","3","Sophora","Good"
"104435","40.74551407","-73.99923707","5","Sophora","Good"
"95107","40.73808906","-74.007779","7","Sophora","Good"
"59621","40.75217849","-74.00495531","2","eastern redcedar","Good"
"73147","40.73416585","-73.99353555","9","honeylocust","Fair"
"103380","40.72950575","-73.98089763","11","ginkgo","Good"
"115701","40.74732062","-74.00429775","0",,
"49120","40.73894374","-74.00652517","3","cherry","Good"
"112852","40.74611746","-74.00458147","15",,
"86965","40.72762583","-73.98159208","14","honeylocust","Good"
"81868","40.74241515","-73.99761262","0",,
"103438","40.73154653","-73.98505689","3","Japanese zelkova","Good"
"103441","40.7313016","-73.98447382","13","Japanese zelkova","Good"
"89552","40.74094207","-73.98213004","3",,
"89645","40.7416934","-73.98199423","3","ginkgo","Fair"
"102182","40.7263612","-73.97728961","4","honeylocust","Good"
"81408","40.73523907","-73.99383278","15","honeylocust","Poor"
"74416","40.73560372","-73.9856505","13","Sophora","Good"
"49339","40.73472673","-73.99933561","15","Sophora","Good"
"102337","40.72785176","-73.980532","10","pin oak","Good"
"89609","40.74227677","-73.98175036","7","honeylocust","Good"
"12809","40.7321726","-74.00217203","17","black locust","Fair"
"81467","40.73487029","-73.99205803","4","honeylocust","Good"
"73254","40.73217055","-73.9885253","8","ginkgo","Fair"
"112851","40.7461513","-74.00465996","11","Japanese zelkova","Good"
"103442","40.7312602","-73.98437528","10","Japanese zelkova","Good"
"102183","40.72627309","-73.97735378","3","honeylocust","Fair"
"81468","40.73492989","-73.99200643","4","honeylocust","Good"
"73115","40.73285639","-73.99041369","6","honeylocust","Good"
"102995","40.72834758","-73.98357022","6","honeylocust","Fair"
"102997","40.72840173","-73.98369907","11","honeylocust","Good"
"73008","40.73164443","-73.99111218","5","Japanese zelkova","Good"
"95742","40.74490094","-74.00168614","16","Sophora","Good"
"94976","40.73862208","-74.00803161","19","Sophora","Good"
"73080","40.72878819","-73.99929419","12","Sophora","Good"
"102994","40.72831811","-73.98350011","7","ginkgo","Good"
"67850","40.74206858","-73.9967894","3","Sophora","Good"
"37934","40.73560871","-73.99137338","2","Sophora","Good"
"90678","40.74305785","-73.98141162","9","Sophora","Good"
"95075","40.73793771","-74.00808294","7","Sophora","Good"
"102559","40.72437719","-73.97596885","4","green ash","Good"
"73073","40.72940715","-73.99876571","13","Sophora","Fair"
"102333","40.72748729","-73.97966562","2","red maple","Fair"
"95755","40.74422662","-74.00009057","14","Sophora","Fair"
"86882","40.72674473","-73.9800792","3","swamp white oak","Good"
"73112","40.73279674","-73.99027151","11","honeylocust","Good"
"73335","40.73377509","-73.99260928","9","honeylocust","Fair"
"102545","40.72509003","-73.97765634","3","Sophora","Good"
"73081","40.72866688","-73.99939776","14","Sophora","Good"
"81404","40.73471758","-73.99259473","11","honeylocust","Good"
"81406","40.73492873","-73.99309601","12","honeylocust","Good"
"95803","40.74425296","-73.99988566","8","Sophora","Good"
"95804","40.74428747","-73.99996779","15","Sophora","Good"
"112854","40.74605277","-74.00443139","4","Japanese zelkova","Good"
"92955","40.74472982","-74.00462937","2","black oak","Good"
"95966","40.74522795","-74.0005396","14","Sophora","Good"
"106259","40.74730237","-73.9995289","9",,
"92892","40.74323974","-74.00111535","15","London planetree","Good"
"102996","40.7283866","-73.98366307","8","ginkgo","Good"
"103334","40.72683264","-73.97785018","18","cherry","Poor"
"95971","40.74493737","-73.99992034","17","Sophora","Good"
"102873","40.72944987","-73.98207609","15","Sophora","Good"
"95965","40.74527528","-74.000652","13","Sophora","Good"
"112959","40.7453669","-74.00253551","14","London planetree","Good"
"95806","40.74440056","-74.00023692","12","Sophora","Fair"
"95606","40.74441109","-74.00206669","4","Sophora","Good"
"106257","40.74740511","-73.99977258","5","Japanese zelkova","Good"
"52943","40.74510717","-74.00810767","11","Japanese zelkova","Good"
"73416","40.73196106","-73.99147531","0",,
"103566","40.72533108","-73.98350882","2","Sophora","Good"
"95812","40.74468222","-74.00090722","13","Sophora","Fair"
"73538","40.72908814","-73.99817421","14","Sophora","Good"
"104434","40.74559306","-73.9994246","4","swamp white oak","Good"
"112859","40.74582283","-74.0038916","9","Japanese zelkova","Good"
"102992","40.72821672","-73.98325882","12","pin oak","Fair"
"103157","40.72955131","-73.98257538","11","pin oak","Good"
"81407","40.73497394","-73.99320333","7","pin oak","Good"
"103378","40.72925492","-73.98107974","5","English oak","Good"
"103244","40.72647379","-73.9833363","20","pin oak","Good"
"103247","40.72808282","-73.98448261","7","white ash","Good"
"102530","40.72603172","-73.98042361","13","pin oak","Good"
"115700","40.74722673","-74.00436536","7","pin oak","Good"
"48152","40.74272154","-74.00170328","20","Callery pear","Good"
"85259","40.74336087","-73.9977548","11","Callery pear","Good"
"93065","40.74444215","-74.00243221","6","Callery pear","Good"
"48052","40.74244856","-74.00131429","4","Callery pear","Good"
"13253","40.73556882","-74.00281797","10","black locust","Good"
"61330","40.7547556","-73.97228218","6","golden raintree","Good"
"103575","40.72475293","-73.98213569","10","pin oak","Good"
"102872","40.72940386","-73.98196688","7","littleleaf linden","Good"
"73058","40.7322345","-73.99001306","12","honeylocust","Good"
"73140","40.73448679","-73.99429098","7","honeylocust","Fair"
"104418","40.74573369","-74.00147849","6","littleleaf linden","Fair"
"89544","40.74134733","-73.98309147","6","littleleaf linden","Good"
"102989","40.72800967","-73.98276616","7","honeylocust","Fair"
"73141","40.73443379","-73.99416623","8","honeylocust","Fair"
"73090","40.73375352","-73.99427537","7","green ash","Fair"
"73057","40.73233645","-73.98998773","7","honeylocust","Good"
"73257","40.73248568","-73.98927257","13","ginkgo","Good"
"70901","40.7274886","-74.0085429","4","swamp white oak","Fair"
"70902","40.72748045","-74.00845552","3","swamp white oak","Fair"
"73111","40.73277685","-73.99022411","3","honeylocust","Good"
"73144","40.73427667","-73.99379639","9","honeylocust","Good"
"81403","40.73465083","-73.99243627","13","honeylocust","Good"
"81405","40.73475827","-73.99269132","10","honeylocust","Good"
"103000","40.72858422","-73.98413331","9","ginkgo","Fair"
"27968","40.73389262","-73.98102881","2","swamp white oak","Good"
"73114","40.73283916","-73.99037261","7","honeylocust","Good"
"102998","40.72844792","-73.98380897","11","ginkgo","Good"
"73148","40.73413774","-73.99346939","9","honeylocust","Fair"
"103440","40.73144304","-73.98481053","2","littleleaf linden","Good"
"73142","40.73438748","-73.99405723","11","ginkgo","Fair"
"49429","40.7333157","-74.00074991","8","common hackberry","Good"
"102991","40.72814664","-73.98309207","9","ginkgo","Good"
"102529","40.72597456","-73.98046518","14","honeylocust","Good"
"89545","40.74130795","-73.98299804","6","littleleaf linden","Fair"
"53043","40.74273715","-74.00854722","8","littleleaf linden","Good"
"73067","40.73647518","-73.9973323","13","black locust","Good"
"92962","40.74497233","-74.00520525","9","honeylocust","Good"
"94993","40.73841298","-74.00653191","8","green ash","Good"
"95096","40.73809514","-74.00674555","10","littleleaf linden","Fair"
"102898","40.72938321","-73.98602223","1","green ash","Good"
"53046","40.74253693","-74.00858763","6","littleleaf linden","Good"
"103568","40.72514421","-73.98306499","4","littleleaf linden","Good"
"71119","40.72397368","-74.00801846","11","swamp white oak","Good"
"118121","40.74688115","-74.00206216","8","ginkgo","Good"
"89551","40.74105356","-73.98239454","2","honeylocust","Good"
"73390","40.7328621","-73.99216131","12","ginkgo","Good"
"104398","40.74479348","-73.99918291","15","littleleaf linden","Good"
"89548","40.74114084","-73.9826016","5","honeylocust","Good"
"92956","40.74481624","-74.00483459","11","honeylocust","Good"
"102507","40.72660234","-73.97685584","3","honeylocust","Good"
"94977","40.73853558","-74.0080399","4","littleleaf linden","Good"
"118119","40.74673209","-74.00170948","15","honeylocust","Good"
"103222","40.72769375","-73.98385331","13","London planetree","Good"
"118123","40.74698034","-74.00229687","9","ginkgo","Good"
"102531","40.72610953","-73.98036701","15","honeylocust","Good"
"144104","40.72334209","-73.99395207","0",,
"118124","40.74702941","-74.00241295","8","ginkgo","Good"
"115699","40.74714824","-74.00442187","2","pin oak","Good"
"92894","40.74336064","-74.00140272","11","London planetree","Good"
"112849","40.7462298","-74.00484207","15","London planetree","Good"
"113040","40.74621839","-74.00288856","15","pin oak","Good"
"103260","40.72993875","-73.98681411","3","pin oak","Poor"
"113037","40.74631877","-74.00312735","7","pin oak","Good"
"92887","40.7429812","-74.00050083","13","London planetree","Good"
"113043","40.74605878","-74.00250891","14","London planetree","Good"
"113033","40.74660585","-74.00381023","15","London planetree","Good"
"107435","40.73699444","-74.00720408","25","willow oak","Good"
"111475","40.75037164","-74.00201629","29","London planetree","Good"
"77664","40.74515118","-73.99048862","4","honeylocust","Good"
"76451","40.75748019","-73.97679438","2","Callery pear","Fair"
"107894","40.747135","-73.99874041","18","Callery pear","Good"
"104403","40.74500171","-73.99967566","14","Callery pear","Good"
"106261","40.74722385","-73.99934267","8","Callery pear","Good"
"115664","40.74651545","-74.00333719","3","London planetree","Good"
"107431","40.73699628","-74.00669962","6","Japanese zelkova","Good"
"107918","40.74939798","-73.99843551","4","Japanese zelkova","Good"
"73352","40.73499197","-73.99549408","8","London planetree","Good"
"107916","40.74942672","-73.99867704","0",,
"111473","40.75028569","-74.0020789","25","London planetree","Good"
"102883","40.7298914","-73.98312396","2","American elm","Good"
"92964","40.74519409","-74.00573188","7","Callery pear","Good"
"48158","40.74319865","-74.00283766","10","Callery pear","Good"
"107896","40.747302","-73.99914109","9","Callery pear","Good"
"48157","40.74316545","-74.00275871","11","Callery pear","Good"
"48161","40.74338009","-74.00326905","3","silver linden","Good"
"89550","40.74108762","-73.98247535","6","Callery pear","Good"
"73350","40.73489697","-73.99526956","6","pin oak","Good"
"103335","40.72685763","-73.97790953","16","Callery pear","Good"
"107890","40.74687091","-73.9981068","16","Callery pear","Good"
"113038","40.74627681","-74.00302754","8","Callery pear","Good"
"48160","40.74334529","-74.00318631","18","Callery pear","Good"
"73336","40.73343124","-73.99178886","6","Callery pear","Fair"
"107434","40.73699475","-74.0071182","2",,
"103333","40.72677735","-73.97771886","4","Callery pear","Good"
"73149","40.73402719","-73.99320918","6","Callery pear","Fair"
"107892","40.74693845","-73.99826885","14","Callery pear","Good"
"107432","40.73699586","-74.00681509","5","Japanese zelkova","Good"
"113039","40.74625291","-74.00297069","9","Callery pear","Good"
"102824","40.72479115","-73.97879526","7","Callery pear","Poor"
"95748","40.74465084","-74.00109434","10","pin oak","Good"
"95847","40.7454895","-74.00189825","5","Callery pear","Good"
"92914","40.74446383","-74.00264486","8","Callery pear","Good"
"111479","40.75055556","-74.00188232","14","Japanese zelkova","Good"
"95044","40.73871093","-74.00798771","5","littleleaf linden","Good"
"73895","40.7432895","-73.99396517","13","littleleaf linden","Good"
"102822","40.72472298","-73.97863373","8","Callery pear","Good"
"112961","40.74542869","-74.00268276","10","honeylocust","Good"
"113029","40.74682547","-74.00433266","11","honeylocust","Good"
"48162","40.74340666","-74.00333221","16","Callery pear","Good"
"118122","40.74693128","-74.00218077","11","ginkgo","Good"
"118505","40.74750559","-74.00153908","8","ginkgo","Good"
"73415","40.73204228","-73.99145745","3","ginkgo","Good"
"103287","40.72848144","-73.98003938","4","littleleaf linden","Good"
"73337","40.73338992","-73.99169025","9","Callery pear","Fair"
"73146","40.73419556","-73.99360548","10","honeylocust","Fair"
"92913","40.74432753","-74.00274287","5","honeylocust","Good"
"102435","40.72832675","-73.9819838","10","Callery pear","Good"
"102939","40.72923577","-73.98380756","18","honeylocust","Good"
"113031","40.74673199","-74.0041103","13","honeylocust","Good"
"73414","40.73228971","-73.99140303","13","ginkgo","Fair"
"105192","40.74635669","-73.99042086","15","Callery pear","Good"
"81867","40.74246648","-73.99773447","8","Callery pear","Good"
"99040","40.74417334","-73.98546295","3","Callery pear","Fair"
"81864","40.74268913","-73.99826292","8","Callery pear","Good"
"102887","40.72896109","-73.985025","9","cherry","Good"
"73075","40.72919354","-73.99894809","3","purple-leaf plum","Good"
"48156","40.74311232","-74.00263238","9","silver linden","Good"
"105223","40.74651116","-73.9895904","12","ginkgo","Good"
"105225","40.74624005","-73.98894994","8","ginkgo","Poor"
"99039","40.74408807","-73.98552495","6","Callery pear","Good"
"103262","40.7301616","-73.98665343","7","Callery pear","Fair"
"73234","40.73251761","-73.98789605","3","honeylocust","Good"
"106265","40.74706255","-73.99896011","15","Callery pear","Good"
"102336","40.72775426","-73.98030025","19","American linden","Good"
"92961","40.74493696","-74.00512127","8","honeylocust","Good"
"92912","40.74408335","-74.00291846","8","honeylocust","Good"
"103284","40.72838043","-73.97979946","4","littleleaf linden","Poor"
"73143","40.73429915","-73.99384931","3","littleleaf linden","Fair"
"73354","40.73509951","-73.99574824","5","littleleaf linden","Fair"
"115830","40.74599717","-74.00183293","3","honeylocust","Good"
"112858","40.74585441","-74.00396761","3","Japanese zelkova","Good"
"118511","40.74784032","-74.00233496","14","London planetree","Good"
"103576","40.72471252","-73.98203973","11","Callery pear","Good"
"81869","40.74237046","-73.99750656","3","ginkgo","Good"
"81863","40.74272318","-73.99834373","5","Callery pear","Good"
"106264","40.74712111","-73.999099","8","Callery pear","Good"
"99375","40.74054476","-73.98311919","8","Callery pear","Fair"
"103219","40.72745821","-73.98329313","14","Callery pear","Good"
"111478","40.75052738","-74.00194205","6","Callery pear","Fair"
"106266","40.74702982","-73.99888247","8","Callery pear","Fair"
"107433","40.73699523","-74.0069883","14","Callery pear","Good"
"99377","40.74045163","-73.98289784","5","Callery pear","Fair"
"81862","40.74276494","-73.99844286","10","American linden","Good"
"115659","40.74631256","-74.00285539","7","Callery pear","Good"
"102835","40.72539851","-73.98023456","7","ginkgo","Good"
"95849","40.74563959","-74.00178536","8","honeylocust","Good"
"102837","40.72552845","-73.98054249","2","honeylocust","Fair"
"111471","40.74990169","-74.00239782","0",,
"115651","40.74601607","-74.00215132","11","Callery pear","Good"
"99378","40.74042081","-73.98282458","6","Callery pear","Good"
"81871","40.74226139","-73.9972477","7","ginkgo","Good"
"111470","40.74973746","-74.00251745","0",,
"111472","40.75001021","-74.00231877","0",,
"81174","40.74549065","-73.99319944","5","Callery pear","Good"
"102273","40.72705182","-73.97862908","20","Callery pear","Good"
"103577","40.72464288","-73.98187432","15","honeylocust","Good"
"118509","40.74771971","-74.00204819","9","ginkgo","Good"
"107903","40.74786101","-74.00017069","12","honeylocust","Good"
"103405","40.72685249","-73.98342054","11","honeylocust","Good"
"103406","40.7268868","-73.98350197","10","honeylocust","Good"
"99379","40.74036301","-73.98268722","5","Callery pear","Fair"
"103414","40.72753272","-73.98503533","11","honeylocust","Good"
"103220","40.72749831","-73.98338849","12","honeylocust","Good"
"115159","40.73479607","-73.98848811","4","honeylocust","Fair"
"102885","40.72995497","-73.98327484","5","cherry","Fair"
"30676","40.73165854","-73.99325779","8","Japanese tree lilac","Poor"
"112857","40.74588969","-74.00405249","11","Japanese zelkova","Good"
"103407","40.7269211","-73.9835834","15","honeylocust","Good"
"103408","40.72698864","-73.98374375","11","honeylocust","Good"
"103404","40.7267791","-73.98324631","12","honeylocust","Good"
"103411","40.72731892","-73.98452778","2","honeylocust","Fair"
"100435","40.72662485","-73.99618526","13","ginkgo","Good"
"103391","40.72824625","-73.98120377","4","green ash","Good"
"73010","40.7315167","-73.99080922","16","honeylocust","Good"
"106267","40.74699681","-73.99880419","9","Callery pear","Good"
"81866","40.74252926","-73.99788347","6","littleleaf linden","Good"
"102272","40.72708621","-73.97871044","4","Callery pear","Poor"
"107904","40.74790817","-74.00013665","4","honeylocust","Good"
"102823","40.72475706","-73.97871449","6","Callery pear","Good"
"102508","40.72670854","-73.97677873","4","Callery pear","Good"
"73346","40.73467095","-73.99473539","5","ginkgo","Good"
"100184","40.7246946","-73.99376985","9","Callery pear","Good"
"81870","40.74232045","-73.99738786","8","ginkgo","Good"
"81859","40.74321101","-73.99950165","20","Callery pear","Good"
"100186","40.72475385","-73.99393695","10","Callery pear","Good"
"103263","40.7302978","-73.98655522","10","Callery pear","Good"
"113030","40.74679679","-74.00426443","8","honeylocust","Fair"
"118512","40.74828848","-74.00340058","12","honeylocust","Good"
"103444","40.7311384","-73.98408532","11","littleleaf linden","Good"
"106263","40.74715571","-73.99918106","10","Callery pear","Good"
"115827","40.74614697","-74.00172375","3","honeylocust","Good"
"100183","40.72466538","-73.99368744","8","Callery pear","Good"
"111476","40.7504419","-74.00200431","9","Callery pear","Good"
"106268","40.74696221","-73.99872212","11","Callery pear","Good"
"111440","40.74855385","-74.00210999","3",,
"112856","40.74597481","-74.00425055","7","honeylocust","Good"
"115655","40.74618493","-74.00255229","8","Callery pear","Good"
"102270","40.72714701","-73.97885425","17","Callery pear","Good"
"102836","40.72549463","-73.98046235","2","honeylocust","Fair"
"103320","40.72961577","-73.98104498","8","black oak","Good"
"99376","40.74051354","-73.98304499","5","Callery pear","Fair"
"73348","40.7347889","-73.99501414","10","ginkgo","Good"
"103156","40.7293094","-73.98200085","7","purple-leaf plum","Good"
"73347","40.73472993","-73.99487477","17",,
"92963","40.74515952","-74.00564979","3","littleleaf linden","Good"
"53087","40.74302099","-74.00839014","10","littleleaf linden","Good"
"104429","40.74591381","-74.00018609","5","Callery pear","Good"
"132758","40.75434658","-73.99667118","0",,
"102936","40.72898618","-73.98321635","20","honeylocust","Good"
"77689","40.74460981","-73.9908345","7","honeylocust","Good"
"49430","40.73338602","-74.00089467","6","Sophora","Poor"
"102393","40.72698516","-73.98034283","7","honeylocust","Good"
"89485","40.74172292","-73.98235962","2","ginkgo","Good"
"113035","40.74645262","-74.00344573","11","London planetree","Fair"
"73077","40.72907753","-73.99904715","14","Sophora","Good"
"113042","40.74610127","-74.00260998","4","Japanese zelkova","Good"
"103567","40.72524496","-73.98330427","17","Sophora","Good"
"118508","40.74766525","-74.0019187","12","American elm","Good"
"115666","40.74657608","-74.00348116","13","London planetree","Fair"
"111477","40.75047104","-74.00194388","14","Japanese zelkova","Good"
"102922","40.7267075","-73.97703885","2","black cherry","Good"
"136712","40.72461548","-73.98468922","7","ginkgo","Good"
"73091","40.73382627","-73.99444844","23","Sophora","Fair"
"99044","40.74444861","-73.98526282","11","littleleaf linden","Good"
"95043","40.73871087","-74.00793286","10","Sophora","Good"
"103570","40.72501582","-73.98276006","3","Sophora","Good"
"73082","40.72860612","-73.99944965","14","Sophora","Good"
"115667","40.74662501","-74.00359735","12","London planetree","Good"
"104407","40.74521953","-74.00019113","19","Sophora","Good"
"95846","40.74537228","-74.00198641","15","Sophora","Good"
"73357","40.73536235","-73.99636945","13","London planetree","Good"
"102831","40.72519295","-73.97974743","12","Sophora","Good"
"103164","40.72981529","-73.98320232","3","Sophora","Good"
"132262","40.73123759","-73.98828487","10",,
"103410","40.72722771","-73.98431126","15","London planetree","Fair"
"103412","40.7273596","-73.98462437","3","London planetree","Good"
"102930","40.72871901","-73.9825835","6","Sophora","Good"
"94984","40.73817296","-74.00706959","14",,
"89633","40.74223515","-73.98263779","10","Sophora","Good"
"73019","40.73386347","-73.99479389","12","Sophora","Fair"
"73087","40.73361492","-73.99394566","13","Sophora","Good"
"49268","40.73398313","-73.9999173","13","littleleaf linden","Good"
"92986","40.74586163","-74.00580547","3","littleleaf linden","Fair"
"103322","40.72947363","-73.98114848","2","black oak","Good"
"89553","40.74090215","-73.98203535","5","sweetgum","Fair"
"73089","40.73371449","-73.99418252","19","Sophora","Good"
"106199","40.74662139","-74.00107108","16","London planetree","Good"
"103373","40.72877304","-73.98143165","3","London planetree","Good"
"104416","40.74568717","-74.0012978","16","Sophora","Good"
"92968","40.74559064","-74.00669536","9","Sophora","Good"
"102828","40.72503692","-73.97937766","2","Sophora","Good"
"102830","40.72515887","-73.97966666","14","Sophora","Fair"
"111474","40.75034394","-74.00207566","0",,
"103202","40.73020423","-73.98215303","2","Sophora","Good"
"73236","40.73456912","-73.99249682","12","Sophora","Good"
"103402","40.72759398","-73.97965852","7","Sophora","Good"
"99043","40.74439336","-73.98530298","7","littleleaf linden","Fair"
"103374","40.72870476","-73.98148108","5","littleleaf linden","Poor"
"115670","40.74672339","-74.00383099","14","London planetree","Good"
"98964","40.74362442","-73.98465043","10","London planetree","Good"
"70923","40.72592634","-74.00801671","3","silver maple","Fair"
"123740","40.74843795","-74.00575546","6","littleleaf linden","Fair"
"102987","40.73035379","-73.98313785","0",,
"71103","40.72677875","-74.00750264","4","Japanese tree lilac","Good"
"105122","40.74681438","-73.99009105","12","honeylocust","Fair"
"73084","40.73343118","-73.99350858","17","pin oak","Fair"
"102875","40.7295294","-73.98226483","2","pin oak","Good"
"89486","40.74184201","-73.9826417","7","ginkgo","Good"
"90623","40.74247986","-73.98194387","9","Sophora","Good"
"103224","40.72796247","-73.98449244","4","crab apple","Fair"
"89483","40.74161742","-73.98210973","10","ginkgo","Good"
"89484","40.7416755","-73.98224729","2","ginkgo","Good"
"102268","40.72726166","-73.97912547","10","Callery pear","Good"
"90622","40.74251364","-73.98202406","8","Sophora","Good"
"115658","40.746278","-74.0027733","4","Callery pear","Good"
"100434","40.72657762","-73.9960892","4","ginkgo","Good"
"73353","40.73504481","-73.99561895","16","honeylocust","Good"
"73355","40.73515822","-73.99588699","10","honeylocust","Good"
"73397","40.72550057","-73.9945767","7","London planetree","Good"
"73884","40.74358057","-73.99588183","5","honeylocust","Good"
"115665","40.74655215","-74.00342433","11","Callery pear","Good"
"55137","40.75611843","-73.97673029","5","honeylocust","Fair"
"77738","40.74375213","-73.99232278","8","honeylocust","Good"
"73356","40.73529991","-73.99622187","9","honeylocust","Good"
"115162","40.734949","-73.98885194","8","honeylocust","Good"
"115163","40.73498617","-73.98894037","5","silver linden","Good"
"115650","40.74598443","-74.00207617","6","Callery pear","Good"
"115660","40.74636389","-74.00297726","10","Callery pear","Good"
"115801","40.74737334","-74.00365046","8","Callery pear","Fair"
"103413","40.727479","-73.98490781","7","Callery pear","Good"
"111453","40.74930672","-74.00283165","10","honeylocust","Good"
"121444","40.72593994","-73.9794123","6","Callery pear","Good"
"100320","40.72540985","-73.99380415","6","Callery pear","Good"
"102266","40.72732859","-73.97928379","6","honeylocust","Good"
"115669","40.74669281","-74.00375838","16","Callery pear","Good"
"102267","40.72729499","-73.97920432","12","Callery pear","Fair"
"102900","40.72952654","-73.98636085","7","ginkgo","Good"
"100319","40.72532709","-73.99384058","10","Callery pear","Good"
"100387","40.72510767","-73.99404395","17","Callery pear","Good"
"102338","40.72790807","-73.98066588","3","Callery pear","Good"
"102339","40.72793676","-73.98073408","4","Callery pear","Good"
"100437","40.72674136","-73.99642221","10","ginkgo","Good"
"81133","40.74521022","-73.99445948","2","black oak","Good"
"92965","40.74551849","-74.00561041","4",,
"103393","40.72815862","-73.98099617","9","Chinese elm","Good"
"99481","40.7408214","-73.98213158","8","honeylocust","Good"
"84677","40.73289748","-73.9811439","4","honeylocust","Good"
"100436","40.72667103","-73.99627919","11","ginkgo","Good"
"102901","40.72956444","-73.98645039","4","ginkgo","Good"
"102400","40.72731322","-73.98111941","30","London planetree","Good"
"111523","40.75006168","-74.00021538","4","black oak","Good"
"100438","40.7267862","-73.99651342","4","ginkgo","Good"
"113041","40.74616528","-74.00276222","15","black oak","Good"
"115657","40.74625247","-74.00271268","13","London planetree","Good"
"95976","40.74468342","-73.99931731","8","pin oak","Good"
"79015","40.73777308","-73.9845054","5","Japanese zelkova","Good"
"115662","40.74643222","-74.00313954","4","Chinese elm","Good"
"111518","40.75040231","-74.00102598","4","black oak","Good"
"115653","40.74611872","-74.00239506","7","red maple","Good"
"107917","40.74940921","-73.99858235","3","pin oak","Good"
"73351","40.73493914","-73.99536921","9","London planetree","Fair"
"111525","40.74997088","-73.99999931","18","London planetree","Good"
"115802","40.74733314","-74.00355514","2","London planetree","Good"
"103321","40.7295375","-73.98110198","6","black oak","Fair"
"111514","40.75059771","-74.00149099","18","pin oak","Good"
"111521","40.75016284","-74.0004561","8","pin oak","Poor"
"115663","40.7464636","-74.00321406","3","Chinese elm","Good"
"118120","40.74683128","-74.00194418","9","willow oak","Good"
"115810","40.74698978","-74.0027408","15","London planetree","Good"
"111519","40.75035638","-74.00091668","3",,
"118507","40.74761903","-74.0018088","4","Japanese zelkova","Good"
"79014","40.73783069","-73.98464248","6","Japanese zelkova","Good"
"79016","40.73771548","-73.98436832","14","Japanese zelkova","Good"
"111512","40.75069302","-74.0017178","12","pin oak","Good"
"111522","40.75011292","-74.00033732","12","pin oak","Good"
"111526","40.74992389","-73.99988748","17","London planetree","Poor"
"115805","40.74719633","-74.00323067","15","London planetree","Good"
"105233","40.74641776","-73.98965552","10","Callery pear","Fair"
"73020","40.7337982","-73.9946393","7","silver linden","Fair"
"103186","40.72929188","-73.98554393","8","Callery pear","Good"
"115158","40.73475811","-73.98839778","3","honeylocust","Fair"
"115812","40.7469219","-74.00257983","4","pin oak","Good"
"107941","40.74857058","-73.99996017","5","pin oak","Good"
"102457","40.72863271","-73.98397974","14","pin oak","Good"
"73250","40.72637088","-73.99844081","4","honeylocust","Fair"
"106200","40.74670967","-74.00100508","12","honeylocust","Good"
"111515","40.75054993","-74.00137726","8","pin oak","Fair"
"107399","40.73726695","-74.0065555","7","pin oak","Good"
"81173","40.74552496","-73.99328006","4","honeylocust","Good"
"73251","40.72633923","-73.99837663","15","honeylocust","Good"
"118239","40.74802253","-74.00376648","9","honeylocust","Good"
"73252","40.72628085","-73.99825825","16","honeylocust","Poor"
"118238","40.74794666","-74.00382173","10","honeylocust","Good"
"118240","40.74814499","-74.00367731","13","honeylocust","Good"
"115800","40.74740475","-74.00372495","8","honeylocust","Good"
"115656","40.74621365","-74.00262049","12","honeylocust","Good"
"102269","40.7271822","-73.97893751","8","honeylocust","Good"
"102444","40.72800425","-73.98249634","11","honeylocust","Good"
"102446","40.72805874","-73.98262495","9","honeylocust","Good"
"126161","40.74968568","-74.00317144","3","ginkgo","Good"
"103325","40.72930652","-73.98127017","4","black oak","Good"
"17847","40.72545297","-74.00566207","2","'Schubert' chokecherry","Fair"
"17845","40.72531468","-74.00568551","2","'Schubert' chokecherry","Good"
"115668","40.74664974","-74.00365608","13","honeylocust","Good"
"118237","40.7478194","-74.00391441","11","honeylocust","Good"
"81175","40.74530109","-73.99275414","4","American linden","Good"
"102265","40.72736325","-73.97936579","11","honeylocust","Good"
"102274","40.72695049","-73.9783894","14","ginkgo","Good"
"102445","40.72803149","-73.98256065","11","honeylocust","Good"
"102447","40.72810922","-73.9827441","10","honeylocust","Good"
"126160","40.74971227","-74.00323459","3","ginkgo","Good"
"73246","40.72661856","-73.99894308","16","honeylocust","Fair"
"106193","40.74603715","-74.00005629","5","American linden","Fair"
"74386","40.73578418","-73.98704612","4","'Schubert' chokecherry","Good"
"73253","40.72606258","-73.99781564","5","honeylocust","Good"
"76453","40.75749543","-73.97683032","3",,
"100386","40.72504036","-73.994074","7","honeylocust","Good"
"121443","40.72602119","-73.97960513","14","ginkgo","Good"
"69275","40.72568687","-73.98254064","9","flowering dogwood","Good"
"102455","40.72853976","-73.98376035","10","ginkgo","Good"
"73248","40.72655391","-73.99881198","12","honeylocust","Poor"
"102453","40.7284396","-73.98352394","18","ginkgo","Good"
"106198","40.74640935","-74.00094286","8","honeylocust","Good"
"86971","40.72716287","-73.98049551","2","littleleaf linden","Fair"
"73399","40.72567998","-73.99448939","15","littleleaf linden","Good"
"115649","40.74595677","-74.0020105","5","littleleaf linden","Good"
"120949","40.75002935","-74.00796188","7","American linden","Good"
"102456","40.72859024","-73.9838795","11","ginkgo","Good"
"106195","40.74619791","-74.00043922","8","ginkgo","Good"
"121442","40.72607452","-73.9797317","15","ginkgo","Good"
"121403","40.72376853","-73.98793174","19","American linden","Good"
"95993","40.74449896","-73.99921003","11","honeylocust","Good"
"55356","40.75432128","-73.97828482","5","Sophora","Good"
"92895","40.7433989","-74.00149366","6","Sophora","Good"
"104417","40.74569504","-74.00138701","9","Sophora","Good"
"103166","40.72989158","-73.98338351","2","Sophora","Good"
"84661","40.73442564","-73.9800285","2","Sophora","Good"
"95975","40.74472916","-73.99942592","14","Sophora","Good"
"105224","40.74639023","-73.9893047","15","Sophora","Good"
"104414","40.74559279","-74.00107444","18","Sophora","Good"
"102833","40.72530585","-73.98001497","14","Sophora","Good"
"85253","40.7430527","-73.99702296","14","Sophora","Good"
"105322","40.74701829","-73.99108494","11","ginkgo","Good"
"89646","40.7416527","-73.98189764","11","ginkgo","Good"
"111439","40.7480228","-74.00084896","2","sweetgum","Good"
"103223","40.72775641","-73.98400236","15","Sophora","Good"
"102340","40.72797608","-73.98082753","2","silver linden","Good"
"102881","40.72979738","-73.98290082","4","littleleaf linden","Good"
"102454","40.72849676","-73.98365885","9","American linden","Good"
"115808","40.74706431","-74.00291756","5","honeylocust","Good"
"120941","40.74974008","-74.00727231","6","American linden","Good"
"106255","40.74748868","-73.9999708","6","littleleaf linden","Good"
"103323","40.72942705","-73.9811824","3","white oak","Good"
"71154","40.72509083","-74.0096948","7","Kentucky coffeetree","Good"
"27831","40.73861154","-73.99158558","4","'Schubert' chokecherry","Good"
"102276","40.72683504","-73.97811629","5","Sophora","Good"
"100763","40.75048683","-74.00816379","4","Japanese zelkova","Good"
"27934","40.7314985","-73.98270136","8","Kentucky coffeetree","Good"
"92987","40.74589491","-74.00588437","4","littleleaf linden","Good"
"120940","40.7496958","-74.00716676","9","American linden","Good"
"120942","40.7497711","-74.00734626","8","American linden","Good"
"95995","40.74435751","-73.99931368","8","honeylocust","Good"
"102510","40.72748489","-73.97619478","3","sweetgum","Good"
"92890","40.74313425","-74.00086462","17","Sophora","Good"
"102275","40.72689157","-73.97825","4","Sophora","Good"
"100869","40.75224953","-74.00542166","3","Japanese zelkova","Good"
"53088","40.74298851","-74.00831148","10","littleleaf linden","Good"
"53090","40.74289081","-74.00807489","9","littleleaf linden","Good"
"107940","40.7488709","-73.99974052","12","littleleaf linden","Good"
"118504","40.7474514","-74.00141023","4","Sophora","Good"
"115803","40.74729109","-74.0034554","4","Callery pear","Good"
"123632","40.7471638","-74.00487662","12","Callery pear","Good"
"102988","40.73040666","-73.9830995","7","Japanese zelkova","Good"
"106269","40.74692841","-73.99864195","12","Sophora","Good"
"100385","40.72494186","-73.99411797","13","Sophora","Fair"
"106194","40.74614035","-74.0003021","4","Sophora","Good"
"123741","40.74841124","-74.00569157","3","littleleaf linden","Good"
"92891","40.74318792","-74.00099219","11","Sophora","Good"
"103221","40.72755088","-73.98351354","18","Sophora","Good"
"115821","40.74655324","-74.00170553","7","Sophora","Good"
"103278","40.72811834","-73.97917694","9","Kentucky coffeetree","Good"
"118510","40.7477662","-74.00215873","12","littleleaf linden","Good"
"71152","40.72498617","-74.00954685","7","Kentucky coffeetree","Good"
"73053","40.73650543","-73.9971055","2","Kentucky coffeetree","Good"
"105213","40.74780467","-73.99266428","3","honeylocust","Fair"
"102880","40.72975243","-73.98279414","9","littleleaf linden","Fair"
"115814","40.74683193","-74.00236646","7","littleleaf linden","Good"
"121441","40.72618503","-73.97999397","9","Kentucky coffeetree","Good"
"73016","40.73157102","-73.98858119","8","Callery pear","Fair"
"115816","40.74678029","-74.00224399","6","Sophora","Poor"
"113027","40.74688973","-74.00448554","11","Sophora","Good"
"113032","40.74668021","-74.00398711","9","Sophora","Good"
"71108","40.72667491","-74.00772715","2","black cherry","Fair"
"78865","40.73734541","-73.98556902","8","black cherry","Poor"
"102834","40.72534632","-73.98011088","12","Sophora","Good"
"63395","40.73491758","-73.98681237","2","Kentucky coffeetree","Good"
"70922","40.72591972","-74.00794507","3","silver maple","Fair"
"106197","40.74630986","-74.00070589","7","littleleaf linden","Good"
"44563","40.73576499","-73.98189189","2","Japanese tree lilac","Good"
"53042","40.74287008","-74.00852039","3","common hackberry","Good"
"102832","40.72522677","-73.97982756","11","Sophora","Good"
"102923","40.72666233","-73.97707164","3","Kentucky coffeetree","Good"
"71153","40.72503364","-74.00961395","8","Kentucky coffeetree","Good"
"103165","40.72985011","-73.98328502","2","sweetgum","Good"
"102277","40.72679131","-73.97801284","3","Sophora","Good"
"103254","40.72775446","-73.98370212","19","Kentucky coffeetree","Good"
"115815","40.74680664","-74.00230649","5",,
"102829","40.72510029","-73.97952784","13","Sophora","Good"
"90624","40.74244582","-73.98186305","12","Sophora","Good"
"55355","40.75425258","-73.97833476","6","Sophora","Good"
"115819","40.74665066","-74.00193657","16","Sophora","Good"
"90676","40.74295137","-73.98115996","4","swamp white oak","Good"
"115822","40.74652449","-74.00163735","4","Japanese zelkova","Good"
"123779","40.72948637","-73.98782576","5","honeylocust","Poor"
"144163","40.72369282","-73.99455962","4",,
"118506","40.74755075","-74.00164646","3",,
"100769","40.7508386","-74.00802563","4","Japanese zelkova","Good"
"73398","40.72554459","-73.99455528","10","littleleaf linden","Good"
"107939","40.74923453","-73.99947455","0",,
"103216","40.72730393","-73.9829262","2","Norway maple","Good"
"102335","40.72761586","-73.97997125","2","Sophora","Good"
"70924","40.7259313","-74.00807043","3","silver maple","Fair"
"53091","40.74286095","-74.00800258","7","flowering dogwood","Good"
"123633","40.74713834","-74.00481594","11","Callery pear","Good"
"102884","40.72992651","-73.98320729","5","cherry","Fair"
"115820","40.74661792","-74.00185892","12","Sophora","Good"
"94994","40.73846952","-74.00653092","11","green ash","Good"
"102868","40.72920929","-73.98150513","5","river birch","Good"
"111520","40.75030992","-74.00080611","24","London planetree","Good"
"107344","40.73749367","-74.00742883","17","American elm","Good"
"92907","40.74395449","-74.0028143","12",,
"74557","40.73659081","-73.98558968","4","'Schubert' chokecherry","Fair"
"100868","40.75229251","-74.00552238","3","Japanese zelkova","Good"
"126197","40.7511061","-74.00523527","2",,
"103403","40.72756042","-73.97957902","6","Japanese zelkova","Good"
"120945","40.74989413","-74.00763953","7","littleleaf linden","Good"
"120947","40.74997049","-74.00782156","7","littleleaf linden","Good"
"115806","40.74715028","-74.00312146","12","littleleaf linden","Good"
"115818","40.74669857","-74.0020502","3","pin oak","Fair"
"103343","40.72727341","-73.97889704","8","pin oak","Good"
"112836","40.74558953","-74.00487059","19","London planetree","Fair"
"111513","40.75064524","-74.00160408","11","pin oak","Good"
"112974","40.74618599","-74.00448774","10","London planetree","Fair"
"92898","40.74354584","-74.00184292","4",,
"112976","40.74629126","-74.00473865","15","London planetree","Good"
"86890","40.72574428","-73.98084437","3","'Schubert' chokecherry","Good"
"112967","40.74577022","-74.00349677","17","London planetree","Good"
"107401","40.73709458","-74.00655467","8","pin oak","Good"
"107347","40.73749293","-74.00708458","14","willow oak","Good"
"123619","40.7478725","-74.00656604","11","pin oak","Good"
"112972","40.74611334","-74.00431458","16","London planetree","Fair"
"123627","40.74745969","-74.00558196","8","pin oak","Good"
"111528","40.7498376","-73.99968215","9","pin oak","Fair"
"123618","40.74795655","-74.0067664","8","pin oak","Good"
"112973","40.74615338","-74.00441001","14","London planetree","Good"
"123625","40.74756071","-74.00582277","8","pin oak","Good"
"123626","40.74752014","-74.00572606","7","pin oak","Good"
"107346","40.7374932","-74.0072116","11","pin oak","Good"
"123628","40.74741966","-74.00548652","6","pin oak","Good"
"112830","40.74519877","-74.00393897","3","red maple","Good"
"115813","40.74689182","-74.00250849","7","pin oak","Good"
"112975","40.74625811","-74.00465965","14","London planetree","Good"
"107342","40.73749424","-74.00769586","17","pin oak","Good"
"73137","40.72768291","-74.00035683","14","London planetree","Fair"
"112835","40.74554234","-74.00475809","18","London planetree","Poor"
"141315","40.75609045","-73.99860403","4",,
"73396","40.72541563","-73.99461804","9","littleleaf linden","Fair"
"123743","40.74834459","-74.00553218","3","littleleaf linden","Good"
"121344","40.72684624","-73.98367018","14","London planetree","Good"
"123629","40.74737936","-74.00539046","8","pin oak","Good"
"123630","40.74733852","-74.00529312","10","pin oak","Good"
"111527","40.74988141","-73.9997864","11","pin oak","Good"
"106202","40.74691964","-74.00084809","7","pin oak","Good"
"112962","40.7454979","-74.00284771","11","London planetree","Good"
"112969","40.74597386","-74.00398214","16","London planetree","Good"
"106201","40.74681943","-74.00092302","6","pin oak","Good"
"112963","40.74559654","-74.00308281","16","London planetree","Poor"
"112968","40.74594284","-74.0039082","14","London planetree","Fair"
"126149","40.74918362","-74.00360422","3","London planetree","Poor"
"73307","40.7340203","-73.99260754","4","American elm","Fair"
"69157","40.72496894","-73.9829137","21","catalpa","Good"
"107891","40.74690784","-73.99819542","18","Callery pear","Good"
"81469","40.73500324","-73.99194291","4","honeylocust","Good"
"95994","40.74441792","-73.99926941","7","honeylocust","Good"
"102993","40.7282641","-73.98337157","7","ginkgo","Good"
"73145","40.73423919","-73.99370818","9","honeylocust","Fair"
"100770","40.75090803","-74.00799595","9","honeylocust","Good"
"112829","40.74510359","-74.00371207","8","ginkgo","Good"
"107442","40.73731122","-74.0081441","13","ginkgo","Good"
"123621","40.74772748","-74.00622032","7","pin oak","Good"
"126216","40.7348435","-73.99189757","4","honeylocust","Good"
"102816","40.7273325","-73.9773116","2","honeylocust","Good"
"112965","40.74568988","-74.00330527","15","London planetree","Fair"
"73103","40.73259438","-73.99019962","11","honeylocust","Good"
"111516","40.75050267","-74.0012648","2","American linden","Good"
"107443","40.73739012","-74.00813764","8","ginkgo","Good"
"112838","40.74574885","-74.00525045","18","ginkgo","Fair"
"73308","40.73422552","-73.99243069","11","honeylocust","Fair"
"112837","40.74566667","-74.00505452","14","ginkgo","Good"
"118677","40.7487837","-74.00295504","10","American linden","Good"
"100774","40.75145765","-74.00745682","9","honeylocust","Good"
"136904","40.72469866","-73.99171094","3","cherry","Good"
"13101","40.73283629","-74.00200385","18","Kentucky coffeetree","Good"
"17843","40.72517803","-74.00570867","2","'Schubert' chokecherry","Good"
"103196","40.73049436","-73.98284754","9","'Schubert' chokecherry","Good"
"84693","40.73159742","-73.98204676","7","honeylocust","Good"
"73104","40.73265637","-73.99018398","10","honeylocust","Good"
"123679","40.74790454","-74.00491234","3","honeylocust","Good"
"106196","40.74624991","-74.00056308","5","littleleaf linden","Good"
"102345","40.72818115","-73.98131504","2","'Schubert' chokecherry","Fair"
"69019","40.72634699","-73.98019153","4","American beech","Good"
"95031","40.73870941","-74.00667059","10","Siberian elm","Good"
"126215","40.73492833","-73.99182416","4","honeylocust","Good"
"123616","40.74813578","-74.00719366","8","honeylocust","Good"
"123148","40.75966168","-73.96834791","2","ginkgo","Good"
"84691","40.7317353","-73.98194657","12","honeylocust","Good"
"121454","40.72556","-73.9785106","13","honeylocust","Good"
"100775","40.75140437","-74.00733059","10","honeylocust","Good"
"106191","40.74596207","-73.99987746","5","Callery pear","Good"
"121329","40.72728141","-73.98537637","11","Callery pear","Poor"
"102812","40.72756138","-73.97785435","12","honeylocust","Fair"
"107343","40.73749396","-74.00756523","11","ginkgo","Good"
"106190","40.74585994","-73.99963417","11","Callery pear","Good"
"76825","40.75821987","-73.97438612","7","Callery pear","Good"
"103347","40.72739249","-73.97917989","11","Callery pear","Poor"
"99150","40.74240109","-73.9836878","4","American linden","Good"
"123147","40.7596285","-73.96826892","2","ginkgo","Good"
"95996","40.74377772","-73.99973795","11","honeylocust","Good"
"121330","40.72709097","-73.98551416","16","Callery pear","Fair"
"102811","40.72760077","-73.97794776","15","honeylocust","Fair"
"106187","40.74564133","-73.99911349","10","Callery pear","Good"
"106189","40.74579096","-73.99946988","5","Callery pear","Good"
"115807","40.74709651","-74.00299394","13","Callery pear","Good"
"92901","40.74369357","-74.00219408","10","honeylocust","Good"
"106188","40.74573551","-73.99933781","17","Callery pear","Good"
"121453","40.72558753","-73.97857593","12","honeylocust","Good"
"129916","40.73086946","-74.00515173","4","American linden","Fair"
"123677","40.74773386","-74.00450774","4","honeylocust","Good"
"126217","40.73478343","-73.99194955","4","honeylocust","Good"
"106218","40.74729407","-74.00058366","10","Callery pear","Good"
"123678","40.74776075","-74.00457149","4","honeylocust","Good"
"100773","40.75150427","-74.00756728","10","honeylocust","Good"
"113087","40.74539812","-74.002269","4","ginkgo","Good"
"73393","40.72515282","-73.99474593","9","Callery pear","Good"
"107339","40.73749491","-74.00800618","7","Callery pear","Good"
"73101","40.73176413","-73.99040901","20","Callery pear","Good"
"92908","40.74399302","-74.00290588","3","honeylocust","Good"
"123617","40.74810476","-74.00711971","7","honeylocust","Good"
"123149","40.75975325","-73.96856593","6","American linden","Good"
"73100","40.73149188","-73.99047767","16","Callery pear","Good"
"106221","40.74753084","-74.00040984","7","Callery pear","Good"
"120936","40.7495741","-74.00687665","7","Callery pear","Good"
"126225","40.73053625","-73.98875659","3","Callery pear","Fair"
"106192","40.74600134","-73.99997098","14","Callery pear","Good"
"107340","40.73749475","-74.00793041","8","Callery pear","Good"
"120938","40.74963455","-74.00702076","5","Callery pear","Good"
"77657","40.74530533","-73.99057879","2","littleleaf linden","Good"
"77650","40.74568696","-73.99062105","2","littleleaf linden","Good"
"92958","40.74486224","-74.00494383","7","littleleaf linden","Good"
"120948","40.74999965","-74.00789109","7","silver linden","Good"
"121429","40.72634514","-73.98410003","4","Japanese zelkova","Good"
"89546","40.74127894","-73.98292923","4","littleleaf linden","Poor"
"92903","40.74378657","-74.00241514","8","Callery pear","Good"
"100861","40.75256558","-74.00737611","10","Japanese zelkova","Good"
"105214","40.74770906","-73.99243687","4",,
"102882","40.72985722","-73.98304285","0",,
"120937","40.74960406","-74.00694808","7","Callery pear","Good"
"73394","40.72521589","-73.99471524","13","Callery pear","Good"
"107345","40.73749345","-74.00732779","10","Japanese zelkova","Good"
"103344","40.72734092","-73.9790574","7","Japanese zelkova","Good"
"112970","40.74604334","-74.00414773","0",,
"123734","40.74859822","-74.00613876","7","Japanese zelkova","Good"
"107938","40.74930889","-73.99942017","8","Japanese zelkova","Poor"
"73306","40.72496711","-73.99452983","5","Japanese zelkova","Poor"
"126222","40.7507873","-74.00386156","7","Callery pear","Good"
"73305","40.72499629","-73.99461385","5","Japanese zelkova","Poor"
"99148","40.74232935","-73.98351811","7","Callery pear","Good"
"112977","40.74632838","-74.00482713","0",,
"100867","40.75235429","-74.00566717","3","Japanese zelkova","Good"
"123732","40.74865402","-74.00627223","7","Japanese zelkova","Good"
"121428","40.72637692","-73.98417547","11","Japanese zelkova","Good"
"121405","40.72364739","-73.98802103","15","Chinese elm","Good"
"100862","40.75261838","-74.00735635","6","Japanese zelkova","Good"
"113045","40.74598522","-74.00233393","9","Japanese zelkova","Good"
"113046","40.74590157","-74.00213494","0",,
"115809","40.7470337","-74.00284496","2",,
"100765","40.75059741","-74.00812876","6","Japanese zelkova","Good"
"103345","40.72735156","-73.97908266","5","Japanese zelkova","Fair"
"113044","40.74601364","-74.00240152","8","Japanese zelkova","Good"
"103346","40.72736272","-73.97910917","5","Japanese zelkova","Fair"
"123736","40.74854427","-74.00600973","3","Japanese zelkova","Good"
"123738","40.74849084","-74.00588196","6","Japanese zelkova","Good"
"123733","40.74862705","-74.00620771","7","Japanese zelkova","Good"
"107957","40.74741704","-74.00079746","7","Japanese zelkova","Good"
"120939","40.74966637","-74.00709661","7",,
"121404","40.72371777","-73.98796915","15","Chinese elm","Good"
"112966","40.74572726","-74.00339438","1",,
"121464","40.72546952","-73.98700346","17","northern red oak","Fair"
"118403","40.74743391","-74.00165335","12","Japanese zelkova","Good"
"95741","40.74496173","-74.00182999","15","Sophora","Good"
"95805","40.74432278","-74.00005181","11","Sophora","Good"
"121431","40.7262332","-73.98383426","16","London planetree","Good"
"121430","40.72627335","-73.98392959","12","London planetree","Good"
"107350","40.73749241","-74.00684714","12","London planetree","Good"
"86973","40.72705312","-73.98023556","3","Japanese zelkova","Good"
"92899","40.74361359","-74.00200398","8","London planetree","Fair"
"92906","40.74390985","-74.00270819","15","London planetree","Poor"
"95821","40.74508758","-74.00187194","15","London planetree","Good"
"121496","40.72660415","-73.98618055","14","northern red oak","Fair"
"100991","40.7497741","-74.00651157","9",,
"95820","40.74504139","-74.00176201","10","London planetree","Good"
"130031","40.73016549","-74.00504784","20","London planetree","Good"
"92905","40.74384768","-74.0025604","14","London planetree","Good"
"102814","40.72741527","-73.97750787","4","London planetree","Good"
"92897","40.74348419","-74.0016964","11","London planetree","Good"
"33994","40.73206297","-73.99392451","8","Schumard's oak","Good"
"103293","40.72872545","-73.98061897","2","black locust","Good"
"103379","40.72939667","-73.98097682","3","Japanese zelkova","Good"
"112860","40.74578361","-74.00379723","0",,
"126220","40.75090081","-74.00413288","6","Callery pear","Good"
"113123","40.74481722","-74.00269324","4","London planetree","Good"
"103573","40.72484411","-73.98235223","7","cherry","Good"
"129919","40.73093474","-74.00493774","7","London planetree","Fair"
"107351","40.73749219","-74.00674539","7","American elm","Good"
"102815","40.72738253","-73.97743025","3","cherry","Good"
"107961","40.74681375","-74.00123629","3","pin oak","Good"
"132250","40.73051276","-73.98656306","16","pin oak","Good"
"112832","40.74536711","-74.00434032","3","red maple","Good"
"121541","40.72612712","-73.98387555","4","red maple","Good"
"134492","40.7383944","-73.98597789","9","pin oak","Good"
"69276","40.72573567","-73.98265647","11","flowering dogwood","Fair"
"92904","40.74381712","-74.00248777","7","littleleaf linden","Good"
"115654","40.74616179","-74.00249735","8","littleleaf linden","Good"
"102810","40.7276508","-73.97806641","10","honeylocust","Fair"
"102817","40.72727687","-73.9771797","2","honeylocust","Good"
"121446","40.72588169","-73.97927406","2","ginkgo","Good"
"107958","40.74733269","-74.0008579","6","Japanese zelkova","Good"
"123598","40.72912976","-73.99005129","3",,
"107352","40.73749219","-74.00674178","10","London planetree","Poor"
"121447","40.72585496","-73.97921062","10","ginkgo","Good"
"121449","40.72580576","-73.97909384","9","ginkgo","Good"
"129920","40.73097417","-74.00480847","7","ginkgo","Good"
"100989","40.74989514","-74.00642348","9","littleleaf linden","Fair"
"126221","40.75084551","-74.0040007","5","ginkgo","Good"
"121456","40.72544204","-73.97823065","11","honeylocust","Good"
"112964","40.74564824","-74.00320605","12","honeylocust","Good"
"115041","40.73620068","-73.98830226","4","ginkgo","Good"
"134536","40.73927206","-73.98640669","10","ginkgo","Good"
"134494","40.7385321","-73.9863058","0",,
"95815","40.74479796","-74.00118268","2","pin oak","Fair"
"92902","40.74374273","-74.00231093","15","honeylocust","Good"
"102813","40.72752545","-73.97776915","10","honeylocust","Good"
"73154","40.73290886","-73.99027455","8","pin oak","Good"
"132252","40.73065336","-73.98689707","13","ginkgo","Good"
"134324","40.75394686","-73.98065821","8","ginkgo","Fair"
"134541","40.73903244","-73.985837","11","ginkgo","Good"
"118679","40.74863002","-74.00258838","12","ginkgo","Good"
"84692","40.73166708","-73.98199614","8","honeylocust","Good"
"132258","40.73109193","-73.98793887","8","ginkgo","Good"
"115040","40.73623473","-73.98838307","5","ginkgo","Good"
"121455","40.7254733","-73.97830482","10","honeylocust","Good"
"121426","40.72644871","-73.98434591","6","red maple","Good"
"113086","40.745462","-74.00222251","8","honeylocust","Good"
"123150","40.75979306","-73.96866072","7","American linden","Good"
"121346","40.72678421","-73.98573707","5","ginkgo","Fair"
"73168","40.73521798","-73.99576634","12","honeylocust","Good"
"121425","40.72647769","-73.98441472","8","honeylocust","Good"
"121406","40.72357221","-73.98807643","13","Chinese elm","Good"
"133673","40.75050188","-73.98341556","9","honeylocust","Good"
"133674","40.75046949","-73.98333848","9","honeylocust","Good"
"84690","40.73179632","-73.98190223","10","honeylocust","Good"
"113084","40.74563827","-74.00209424","9","honeylocust","Good"
"123735","40.74857098","-74.00607361","7","Japanese zelkova","Good"
"123737","40.74851121","-74.00593066","5","Japanese zelkova","Good"
"123739","40.74846492","-74.00581997","6","Japanese zelkova","Good"
"121497","40.72679827","-73.98604109","11","northern red oak","Fair"
"132253","40.73069988","-73.98700756","15","ginkgo","Good"
"132254","40.73076287","-73.9871572","9","ginkgo","Good"
"134325","40.75401079","-73.98061036","10","ginkgo","Fair"
"123681","40.74798841","-74.00511118","5","honeylocust","Good"
"133552","40.74585744","-73.98804302","5","honeylocust","Fair"
"126259","40.75154902","-74.0049149","3","Japanese zelkova","Good"
"112833","40.74544266","-74.00452044","4","red maple","Good"
"102886","40.72887194","-73.98481439","6","green ash","Good"
"102290","40.72550664","-73.97791608","10","ginkgo","Fair"
"118404","40.74728156","-74.00128986","14","honeylocust","Good"
"105217","40.74707525","-73.9909293","4","ginkgo","Good"
"121450","40.72577291","-73.97901589","7","honeylocust","Good"
"123703","40.72870132","-73.98969255","10","honeylocust","Fair"
"113028","40.74685282","-74.00439773","7","honeylocust","Good"
"129918","40.73091635","-74.00499802","8","Callery pear","Good"
"132161","40.73072783","-73.98736345","15","ginkgo","Good"
"107959","40.74702486","-74.00108497","12","honeylocust","Good"
"107341","40.73749459","-74.00785751","4","Callery pear","Good"
"132163","40.73063779","-73.98715019","14","ginkgo","Good"
"132165","40.73047662","-73.98676846","9","ginkgo","Good"
"81466","40.73476852","-73.99214616","4","Callery pear","Good"
"121489","40.7262969","-73.98640268","11","Callery pear","Good"
"132257","40.73102415","-73.98777786","5","ginkgo","Good"
"133550","40.74591183","-73.98817173","5","honeylocust","Fair"
"121461","40.72487698","-73.98743648","10","honeylocust","Fair"
"129917","40.73089326","-74.0050737","6","Callery pear","Good"
"133549","40.74593236","-73.98822031","5","honeylocust","Fair"
"73187","40.73314989","-73.99005986","8","honeylocust","Good"
"121487","40.72600985","-73.98661053","4","Callery pear","Poor"
"130077","40.73185444","-74.00648723","7","Callery pear","Good"
"92900","40.74366434","-74.00212461","8","silver linden","Good"
"113047","40.74586173","-74.00204019","7","Callery pear","Good"
"132251","40.73059755","-73.98676447","8","ginkgo","Good"
"102334","40.72755131","-73.97981781","16","green ash","Good"
"102343","40.7281267","-73.98118558","10","Callery pear","Good"
"121488","40.7260738","-73.98656423","17","Callery pear","Good"
"121256","40.72791559","-73.98491354","11","tree of heaven","Poor"
"102291","40.7254068","-73.97798891","21","honeylocust","Fair"
"132260","40.7311722","-73.98812955","11","Callery pear","Fair"
"133404","40.7580223","-73.97337055","10","Callery pear","Good"
"118681","40.74855941","-74.00241991","18","Callery pear","Good"
"102341","40.72802867","-73.98095257","15","Callery pear","Good"
"73405","40.7329444","-73.99261865","10","Callery pear","Good"
"123550","40.73044358","-73.9890924","10","Callery pear","Good"
"134369","40.74976109","-73.97917404","8","Callery pear","Fair"
"118683","40.74841685","-74.00207981","6","Callery pear","Good"
"118397","40.74773409","-74.0023696","15","Callery pear","Good"
"118398","40.74766123","-74.00219575","6","Callery pear","Good"
"171679","40.75985436","-73.98771676","0",,
"123763","40.74818725","-74.00395218","5","Callery pear","Good"
"73403","40.73301847","-73.9927957","8","Callery pear","Fair"
"73412","40.72566136","-73.99460756","8","Callery pear","Good"
"133399","40.75820689","-73.97323445","10","Callery pear","Good"
"123551","40.73033537","-73.98913192","10","Callery pear","Good"
"123764","40.74824171","-74.00391314","5","Callery pear","Good"
"132261","40.73120543","-73.98820847","10","Callery pear","Fair"
"100185","40.72472463","-73.99385454","8","Callery pear","Fair"
"118678","40.7487323","-74.0028324","19","Callery pear","Good"
"118682","40.74847276","-74.00221319","11","Callery pear","Good"
"123762","40.74801036","-74.00407898","16","Callery pear","Good"
"102825","40.7248255","-73.97887666","10","Callery pear","Good"
"134336","40.73871858","-73.98483386","9","Callery pear","Good"
"133398","40.75824112","-73.97320921","10","Callery pear","Good"
"132697","40.75523994","-74.00591792","8",,
"113122","40.74488925","-74.00264077","4","London planetree","Good"
"130116","40.73308752","-74.00592069","4","Callery pear","Fair"
"121328","40.72740452","-73.98528729","2","London planetree","Fair"
"126219","40.73461103","-73.99209875","13","Callery pear","Good"
"132259","40.73113871","-73.98804999","10","Callery pear","Fair"
"132349","40.73135069","-73.98684421","12","Callery pear","Good"
"118401","40.74752452","-74.00186955","5","Callery pear","Good"
"73367","40.73587895","-73.99759045","8","Callery pear","Good"
"123552","40.73023127","-73.98924679","17","London planetree","Good"
"118396","40.74778999","-74.00250299","12","Callery pear","Good"
"123597","40.72921748","-73.98998694","18","London planetree","Good"
"123761","40.74792987","-74.00413668","22","London planetree","Fair"
"102342","40.72809482","-73.98110981","14","Callery pear","Good"
"118684","40.74831934","-74.00184717","10","Callery pear","Good"
"73174","40.73486952","-73.99494514","16","ash","Good"
"126218","40.73468026","-73.99203883","4","Callery pear","Good"
"121546","40.72675816","-73.98537105","18","mulberry","Good"
"113121","40.74502177","-74.00254421","4","London planetree","Good"
"107439","40.73699248","-74.00774029","11","London planetree","Poor"
"73172","40.73500591","-73.99526656","13","London planetree","Good"
"107398","40.73736576","-74.00655598","9","pin oak","Poor"
"103225","40.72799328","-73.9845657","9","ginkgo","Good"
"115161","40.73491502","-73.98877108","5","honeylocust","Fair"
"107906","40.74762949","-73.99838846","15","London planetree","Good"
"99374","40.74060322","-73.98325813","8","Callery pear","Good"
"126258","40.75147686","-74.00496855","3","Japanese zelkova","Good"
"133403","40.75805007","-73.97335008","10","Callery pear","Good"
"118395","40.74785358","-74.00265471","10","Japanese zelkova","Good"
"107349","40.73749259","-74.00693086","7",,
"118399","40.74761937","-74.00209587","17","Japanese zelkova","Good"
"130114","40.73305701","-74.00612057","9","Japanese zelkova","Good"
"132207","40.73772817","-73.99973802","20","Callery pear","Good"
"134542","40.73899764","-73.98575427","8","ginkgo","Good"
"121427","40.72641813","-73.98427332","14","red maple","Good"
"102346","40.72824862","-73.98147543","4","Callery pear","Good"
"73165","40.73542309","-73.99624974","17","London planetree","Fair"
"73167","40.73526852","-73.99588546","11","honeylocust","Good"
"107438","40.73699329","-74.00751945","7","London planetree","Good"
"107440","40.73699184","-74.00791638","15","American elm","Good"
"133669","40.75062876","-73.98371758","9","honeylocust","Good"
"132160","40.73078004","-73.98748712","4","ginkgo","Good"
"107436","40.736994","-74.00732316","11","London planetree","Good"
"121457","40.72540999","-73.97815459","14","honeylocust","Good"
"134543","40.73896417","-73.98567469","8","ginkgo","Good"
"136664","40.73715037","-73.98692128","9","willow oak","Good"
"115675","40.74690235","-74.00425597","15","London planetree","Good"
"100992","40.74971407","-74.00655527","15","littleleaf linden","Good"
"123929","40.72988267","-73.98832308","0",,
"95822","40.7451197","-74.00194839","7","honeylocust","Good"
"132256","40.73090508","-73.98749499","10","ginkgo","Fair"
"73153","40.73294488","-73.9903597","9","American linden","Good"
"133551","40.74588597","-73.98811053","6","honeylocust","Fair"
"118400","40.74756559","-74.00196754","13","Japanese zelkova","Good"
"118402","40.74748557","-74.00177662","15","Japanese zelkova","Good"
"123682","40.74803847","-74.00522984","3",,
"130039","40.73008106","-74.00580432","29","ginkgo","Good"
"73164","40.73550573","-73.99644449","18","American linden","Good"
"130035","40.7300668","-74.00540609","5","ginkgo","Good"
"123826","40.7297336","-73.98867266","13","honeylocust","Fair"
"136926","40.72422004","-73.98881383","13","honeylocust","Good"
"118405","40.74721241","-74.00112486","13","honeylocust","Good"
"73166","40.73532602","-73.99602096","12","ginkgo","Good"
"123702","40.72873032","-73.98976135","11","honeylocust","Good"
"53092","40.74283607","-74.00794233","8","flowering dogwood","Good"
"73152","40.73298622","-73.99045746","7","pin oak","Fair"
"123797","40.74896646","-74.00500295","4","black oak","Good"
"123728","40.72849516","-73.98786616","17","honeylocust","Good"
"107960","40.74689569","-74.00117756","12","honeylocust","Good"
"130037","40.73006385","-74.00561444","10","ginkgo","Good"
"73364","40.73573086","-73.99724042","12","honeylocust","Good"
"103409","40.72718011","-73.98419826","13","maple","Fair"
"126196","40.75088922","-74.00539378","7","honeylocust","Fair"
"130033","40.73011465","-74.00523239","8","ginkgo","Good"
"130040","40.73009032","-74.00590643","20","ginkgo","Good"
"112985","40.7466861","-74.00476166","12","honeylocust","Fair"
"102371","40.72786173","-73.97909112","11","Japanese zelkova","Poor"
"120943","40.74980159","-74.00741895","6","littleleaf linden","Good"
"105167","40.74702916","-73.98964491","6","littleleaf linden","Poor"
"126198","40.75120686","-74.00516163","5","honeylocust","Poor"
"102370","40.72780371","-73.97913362","7","Japanese zelkova","Fair"
"105175","40.74625921","-73.99020887","11","honeylocust","Fair"
"132156","40.73106774","-73.98816856","1","ginkgo","Good"
"73362","40.73560224","-73.99693643","18","American linden","Good"
"130044","40.73012691","-74.0063102","15","ginkgo","Good"
"133401","40.7581219","-73.97329712","2","blue spruce","Good"
"136929","40.7244927","-73.98945913","11","honeylocust","Fair"
"134469","40.74613042","-73.98611384","3","northern red oak","Good"
"118680","40.74859094","-74.00249514","9","honeylocust","Good"
"123727","40.72839861","-73.98793711","16","honeylocust","Fair"
"121538","40.72736687","-73.98562478","16","honeylocust","Good"
"105176","40.74612542","-73.99030617","10","honeylocust","Fair"
"130047","40.73015454","-74.0066151","22","ginkgo","Good"
"130048","40.73016399","-74.00671935","17","ginkgo","Good"
"73392","40.73307332","-73.99266335","11","ginkgo","Good"
"123643","40.74719892","-74.00465019","14",,
"134537","40.73921734","-73.98627658","10","ginkgo","Good"
"73404","40.73298461","-73.99271476","4","American linden","Good"
"121424","40.72689249","-73.98539953","11","red maple","Good"
"123726","40.72828505","-73.98802055","4","honeylocust","Good"
"132157","40.73092256","-73.98782469","8","honeylocust","Good"
"130042","40.73010837","-74.00610563","22","ginkgo","Good"
"134326","40.7540647","-73.98057001","9","ginkgo","Fair"
"123680","40.7479546","-74.00503101","4","honeylocust","Good"
"134540","40.73906857","-73.9859229","10","ginkgo","Good"
"73024","40.73355337","-73.99405943","9","dawn redwood","Fair"
"133671","40.75056399","-73.98356341","8","honeylocust","Good"
"133672","40.75053161","-73.98348633","9","honeylocust","Good"
"132158","40.73086396","-73.98768588","8","ginkgo","Good"
"130043","40.73011749","-74.00620631","23","ginkgo","Good"
"123825","40.72968953","-73.98856781","9","honeylocust","Fair"
"123707","40.72852123","-73.98926522","8","Callery pear","Good"
"123827","40.72984644","-73.98894108","12","honeylocust","Fair"
"120950","40.75009882","-74.00812748","8","littleleaf linden","Good"
"123824","40.72963828","-73.98844591","13","honeylocust","Fair"
"121534","40.72982316","-73.98946144","6","ginkgo","Good"
"136928","40.72432479","-73.98906173","14","honeylocust","Fair"
"134468","40.74619684","-73.98606594","10","black oak","Fair"
"120944","40.74986284","-74.00756495","8","littleleaf linden","Good"
"120946","40.74993867","-74.00774572","7","littleleaf linden","Good"
"100990","40.74983462","-74.00646753","11","littleleaf linden","Good"
"121536","40.72983618","-73.98918414","7","ginkgo","Poor"
"130046","40.73014477","-74.00650726","2","ginkgo","Fair"
"130081","40.73227505","-74.00641078","12","honeylocust","Good"
"132353","40.73063374","-73.98630906","5","ginkgo","Good"
"73173","40.73496312","-73.99516572","18","green ash","Good"
"100987","40.75001665","-74.00633505","9","littleleaf linden","Good"
"100762","40.75043224","-74.00820858","14","littleleaf linden","Good"
"133547","40.75232353","-73.98390274","3",,
"136574","40.7230908","-73.98836443","7","Japanese zelkova","Good"
"121440","40.72621588","-73.98006719","6","Kentucky coffeetree","Good"
"139527","40.74172286","-73.98398237","11","pin oak","Good"
"130045","40.73013594","-74.00640981","9","ginkgo","Good"
"112984","40.74652804","-74.00487802","15","honeylocust","Good"
"134493","40.73842756","-73.98605686","5","ginkgo","Good"
"111524","40.7500192","-74.0001143","4","black oak","Good"
"123801","40.74933944","-74.00588568","5",,
"115804","40.74724344","-74.0033424","13","London planetree","Fair"
"95848","40.74554382","-74.00185739","17","Sophora","Good"
"103218","40.72739952","-73.98315356","15","Sophora","Good"
"81176","40.74484528","-73.99168344","4","Sophora","Good"
"73169","40.73515112","-73.99560878","9","London planetree","Good"
"136930","40.72456839","-73.98963828","9","honeylocust","Good"
"126232","40.73023673","-73.98804747","2","ginkgo","Good"
"73163","40.73556964","-73.99659512","5","Callery pear","Good"
"134370","40.74984251","-73.97911408","11","Callery pear","Good"
"102964","40.72908831","-73.98405983","11","green ash","Good"
"136593","40.72414112","-73.98661687","3","Japanese zelkova","Fair"
"71238","40.72781329","-74.00423602","3","European hornbeam","Fair"
"113120","40.74509284","-74.00249244","4","London planetree","Good"
"134498","40.73875816","-73.9868441","4","Callery pear","Good"
"73170","40.73512518","-73.99554765","12","London planetree","Good"
"121545","40.72666058","-73.98513978","11","London planetree","Fair"
"115676","40.74694755","-74.00436332","25","London planetree","Fair"
"132206","40.73768056","-73.99962419","14","London planetree","Fair"
"144103","40.7232734","-73.99398008","4","Amur maackia","Good"
"73361","40.73554834","-73.99680903","12","American elm","Fair"
"140176","40.74729073","-73.97197686","7","Callery pear","Fair"
"73366","40.73582318","-73.99745863","11","American elm","Good"
"134400","40.73933098","-73.98495598","11","London planetree","Good"
"126163","40.74923778","-74.00318892","3","London planetree","Good"
"136736","40.72396629","-73.99023729","9","ash","Good"
"136666","40.73724724","-73.98714938","4","Callery pear","Fair"
"139537","40.74111894","-73.98446312","15","Callery pear","Good"
"132341","40.73171787","-73.9877194","12","Callery pear","Good"
"132348","40.73137932","-73.98691246","10","Callery pear","Good"
"140136","40.7479923","-73.97202401","8","Callery pear","Good"
"107437","40.73699369","-74.00741048","14","London planetree","Good"
"118842","40.72434284","-73.99235914","21","Callery pear","Good"
"107441","40.73699147","-74.00801525","16","London planetree","Good"
"134337","40.73853549","-73.98439957","12","London planetree","Good"
"73365","40.7357933","-73.997388","14","London planetree","Good"
"132346","40.73147185","-73.98713299","15","London planetree","Good"
"53089","40.74295577","-74.0082322","10","littleleaf linden","Good"
"99042","40.74433667","-73.9853442","8","littleleaf linden","Poor"
"123705","40.72861141","-73.9894792","11","American elm","Good"
"130036","40.73005544","-74.00552164","18","ginkgo","Good"
"130038","40.73007242","-74.00570902","23","ginkgo","Good"
"123742","40.74837765","-74.00561124","3","littleleaf linden","Poor"
"94987","40.73817283","-74.00672822","6","littleleaf linden","Good"
"73395","40.72533995","-73.99465486","12","littleleaf linden","Good"
"136924","40.72407172","-73.98846279","4","honeylocust","Fair"
"132159","40.7308168","-73.9875742","10","honeylocust","Good"
"130041","40.73009895","-74.00600173","27","ginkgo","Good"
"130032","40.73013801","-74.00514758","10","ginkgo","Good"
"130034","40.73008437","-74.00534231","9","ginkgo","Good"
"112986","40.74678142","-74.00469148","9","honeylocust","Good"
"139294","40.74034306","-73.98453733","0",,
"134467","40.74630609","-73.98598714","14","willow oak","Fair"
"130080","40.73219485","-74.00642536","10","honeylocust","Good"
"132352","40.73070052","-73.98626055","9","ginkgo","Good"
"136923","40.72405333","-73.98841927","4","honeylocust","Fair"
"115673","40.74682231","-74.0040659","15","London planetree","Poor"
"123802","40.74946474","-74.00618224","9",,
"130115","40.73307915","-74.00597553","6",,
"134496","40.73867591","-73.98664824","12","willow oak","Good"
"140177","40.74732615","-73.9720608","6","honeylocust","Good"
"133222","40.75946528","-73.97229271","4","honeylocust","Good"
"115084","40.73571426","-73.98870463","9","ginkgo","Good"
"73360","40.73550511","-73.99670686","17","honeylocust","Good"
"131441","40.75832254","-74.00367855","4",,
"136927","40.72425869","-73.98890529","11","honeylocust","Fair"
"126164","40.74918962","-74.00322355","3","London planetree","Good"
"126231","40.73028683","-73.98816607","9","crab apple","Good"
"126233","40.73020795","-73.98797933","19","ginkgo","Good"
"134339","40.7383508","-73.9839615","12","London planetree","Good"
"128742","40.73149023","-74.00675292","15","London planetree","Fair"
"118940","40.73476795","-73.98871194","7","honeylocust","Fair"
"126226","40.73049601","-73.98866133","11","ginkgo","Good"
"126228","40.73038089","-73.98838878","10","ginkgo","Good"
"134341","40.75388002","-73.98047002","8","ginkgo","Good"
"134401","40.74899659","-73.98370558","3","honeylocust","Good"
"141406","40.75734083","-73.99728251","5","honeylocust","Good"
"136669","40.72478505","-73.99057182","3","ginkgo","Good"
"139525","40.74165863","-73.98382948","11","ginkgo","Fair"
"115674","40.7468598","-74.00415494","15","honeylocust","Good"
"136663","40.73710327","-73.98681037","10","honeylocust","Good"
"136713","40.72472593","-73.98460882","7","ginkgo","Good"
"136711","40.72453048","-73.9847511","6","ginkgo","Good"
"136743","40.73671317","-73.98743571","2","ginkgo","Good"
"143939","40.72468871","-73.99463604","2","pin oak","Poor"
"134416","40.7547607","-73.98372397","6","honeylocust","Poor"
"132342","40.73168181","-73.98763346","11","Callery pear","Good"
"132344","40.73160997","-73.98746221","10","Callery pear","Good"
"134499","40.73881202","-73.98697235","15","Callery pear","Good"
"13194","40.73474005","-74.00448104","3","Japanese tree lilac","Good"
"107348","40.73749277","-74.00701169","8","green ash","Good"
"100764","40.75053812","-74.00814959","15","littleleaf linden","Good"
"121535","40.72982992","-73.98931739","6","ginkgo","Fair"
"73171","40.73504335","-73.99535479","8","American linden","Good"
"136550","40.72555592","-73.9843028","5","American linden","Fair"
"13361","40.73576439","-74.00199157","4","Japanese tree lilac","Good"
"115120","40.7350921","-73.98804869","6","honeylocust","Fair"
"139532","40.74197765","-73.98458888","6","Callery pear","Good"
"100767","40.75072375","-74.00807474","11","littleleaf linden","Good"
"136922","40.72403174","-73.98836817","6","honeylocust","Good"
"132201","40.73736978","-73.99888111","20","Callery pear","Good"
"139539","40.74103531","-73.98426496","14","Callery pear","Good"
"139540","40.74097538","-73.98412296","9","Callery pear","Fair"
"141326","40.7564319","-73.99794494","3","Callery pear","Good"
"132200","40.73732561","-73.9987755","13","honeylocust","Fair"
"132203","40.73746976","-73.99912016","14","honeylocust","Good"
"140135","40.74803569","-73.97212856","10","Callery pear","Good"
"136647","40.72405073","-73.99082884","7","Japanese zelkova","Good"
"133218","40.75930186","-73.97241278","8","Callery pear","Good"
"143928","40.72450741","-73.99412702","16","Callery pear","Good"
"139538","40.74106141","-73.9843268","8","Callery pear","Good"
"139533","40.74201162","-73.98466975","8","Callery pear","Good"
"118933","40.73511294","-73.9895365","9","honeylocust","Good"
"133220","40.75938309","-73.9723531","4","honeylocust","Good"
"134497","40.73871385","-73.98673858","5","Callery pear","Fair"
"126223","40.750741","-74.00375088","5","Callery pear","Good"
"122525","40.75855709","-73.96891688","7","ginkgo","Good"
"122526","40.75850902","-73.96895175","8","ginkgo","Good"
"136665","40.73719747","-73.98703218","9","honeylocust","Good"
"136552","40.72569188","-73.98462532","4","American linden","Fair"
"132193","40.73683365","-73.99759924","3","honeylocust","Good"
"132208","40.73778583","-73.99987589","6","Callery pear","Good"
"100984","40.75067032","-74.00585928","12","littleleaf linden","Good"
"136291","40.72308955","-73.98788507","9","pin oak","Good"
"123793","40.74881075","-74.00463446","5","pin oak","Good"
"123798","40.74902591","-74.00514365","4","pin oak","Good"
"133217","40.75925681","-73.97244588","4","honeylocust","Good"
"133219","40.75934499","-73.97238109","4","honeylocust","Good"
"132343","40.73164894","-73.9875551","10","Callery pear","Good"
"126229","40.73034465","-73.98830298","13","Callery pear","Good"
"136755","40.72508306","-73.99209744","3","Callery pear","Good"
"143926","40.72443019","-73.99391163","10","Callery pear","Good"
"112983","40.74648014","-74.00491328","7","honeylocust","Good"
"134340","40.7383013","-73.98384409","7","honeylocust","Good"
"122524","40.75860035","-73.9688855","7","ginkgo","Fair"
"139455","40.74106464","-73.98371797","6","ginkgo","Good"
"123708","40.728451","-73.98909858","9","Callery pear","Good"
"73422","40.72898615","-73.99925797","7","Callery pear","Good"
"136925","40.72413675","-73.9886167","12","honeylocust","Fair"
"126227","40.73043952","-73.98852758","11","ginkgo","Good"
"122523","40.75888155","-73.96868152","8","ginkgo","Good"
"133548","40.75268553","-73.98476381","4","ginkgo","Good"
"132354","40.73057224","-73.98635373","12","ginkgo","Good"
"133221","40.75942143","-73.97232492","4","honeylocust","Good"
"139454","40.74097037","-73.98378615","6","ginkgo","Good"
"133596","40.75252856","-73.9816951","6","ginkgo","Good"
"134415","40.75471685","-73.98361974","6","honeylocust","Good"
"141327","40.75636318","-73.99799485","3","Callery pear","Good"
"141328","40.75629206","-73.99804651","12","Callery pear","Good"
"136756","40.72501636","-73.9921215","3","Callery pear","Good"
"128744","40.73124312","-74.00679259","16","Callery pear","Good"
"73423","40.72903458","-73.99921688","7","Callery pear","Good"
"115085","40.73584615","-73.98901447","7","ginkgo","Good"
"123711","40.72830974","-73.98876341","0",,
"134414","40.75397413","-73.98185424","6","honeylocust","Good"
"121537","40.72728898","-73.98568193","2","northern red oak","Fair"
"143923","40.72434477","-73.99367339","13","Callery pear","Good"
"136670","40.72483516","-73.99053588","3","ginkgo","Good"
"132022","40.7317143","-73.98816443","13","Callery pear","Fair"
"136555","40.72604919","-73.98547296","4","American linden","Good"
"144264","40.75455554","-73.9933427","2","black oak","Good"
"136744","40.73668889","-73.98737832","3","honeylocust","Good"
"144307","40.75487833","-73.99220148","3","ginkgo","Good"
"144314","40.75509794","-73.9927215","4","ginkgo","Good"
"136557","40.72617185","-73.98576393","4","American linden","Fair"
"126290","40.7504845","-74.00227727","9","Japanese zelkova","Good"
"123709","40.72841349","-73.98900958","11","Japanese zelkova","Good"
"136741","40.73676815","-73.98756562","10","ginkgo","Good"
"139526","40.74169048","-73.98390529","12","pin oak","Good"
"136554","40.72600929","-73.98537829","4","American linden","Fair"
"136556","40.72612236","-73.98564653","4","American linden","Good"
"143983","40.72454518","-73.99505241","7","honeylocust","Good"
"133400","40.75815254","-73.97327452","2","blue spruce","Good"
"134372","40.74999578","-73.9790012","8","littleleaf linden","Poor"
"143984","40.72448469","-73.99508289","7","honeylocust","Fair"
"144101","40.72309672","-73.99405214","10","honeylocust","Good"
"136747","40.73659387","-73.98715381","3","American linden","Fair"
"136748","40.73656051","-73.98707498","5","American linden","Fair"
"123623","40.74763627","-74.0060029","8","Japanese zelkova","Good"
"123791","40.74874517","-74.00447924","4","pin oak","Good"
"123800","40.74914002","-74.00541371","3","pin oak","Good"
"123704","40.72863854","-73.98954358","7","Callery pear","Good"
"136757","40.72496183","-73.99214117","6","Callery pear","Good"
"144109","40.72414949","-73.99362276","16","Callery pear","Good"
"144111","40.72428424","-73.9935678","16","Callery pear","Good"
"136551","40.72557986","-73.98435961","5","American linden","Fair"
"136458","40.72304549","-73.99284332","2","American linden","Good"
"143982","40.72462207","-73.99501368","4","American linden","Good"
"144107","40.72387424","-73.99373502","9","ginkgo","Good"
"123810","40.7499816","-74.00605079","3","Japanese zelkova","Good"
"136868","40.72574149","-73.98448431","14","ginkgo","Good"
"143981","40.72468666","-73.99498114","3","American linden","Good"
"143985","40.72430836","-73.99517171","8","American linden","Good"
"144100","40.72301965","-73.99408358","10","honeylocust","Good"
"144186","40.72402142","-73.99452588","7","ginkgo","Good"
"144267","40.75513402","-73.99472198","4","honeylocust","Good"
"137348","40.75338651","-73.99411177","3","ginkgo","Good"
"137351","40.75363234","-73.99469438","2","ginkgo","Good"
"144277","40.75518416","-73.99454056","4","Chinese elm","Good"
"126261","40.75176453","-74.00475467","3","Japanese zelkova","Good"
"137349","40.75342087","-73.99419319","3","honeylocust","Good"
"143940","40.72471521","-73.99471135","2",,
"144312","40.75504437","-73.99259465","3","ginkgo","Good"
"143987","40.72418893","-73.99523188","11","littleleaf linden","Good"
"103256","40.7276644","-73.98348805","24","Kentucky coffeetree","Good"
"132721","40.7560863","-74.00248765","16",,
"121439","40.72625883","-73.98016914","6","Kentucky coffeetree","Good"
"136827","40.72364103","-73.99050064","17","green ash","Good"
"144192","40.72442513","-73.99434717","4","Japanese zelkova","Good"
"136464","40.72354869","-73.98722023","17",,
"144311","40.75502305","-73.99254416","4","ginkgo","Good"
"85264","40.74353528","-73.99816903","14","honeylocust","Good"
"85266","40.7436754","-73.99850181","4","honeylocust","Good"
"113036","40.74637985","-74.00327264","4","sawtooth oak","Good"
"144188","40.72412079","-73.99448189","11","ginkgo","Good"
"144313","40.75507102","-73.99265776","3","ginkgo","Good"
"126159","40.73577861","-73.99365166","3","honeylocust","Fair"
"144031","40.72423718","-73.9959001","4","honeylocust","Good"
"133437","40.75686315","-73.974219","12","Callery pear","Good"
"144315","40.75512459","-73.99278461","3","ginkgo","Good"
"144281","40.75492083","-73.99391622","3","ginkgo","Good"
"126158","40.73572977","-73.99368766","3","honeylocust","Fair"
"144030","40.72418755","-73.9959414","4","honeylocust","Good"
"136866","40.72561238","-73.98417826","15","ginkgo","Fair"
"144280","40.75494746","-73.99397935","3","ginkgo","Good"
"137350","40.75359319","-73.99460159","2","ginkgo","Good"
"144319","40.75523147","-73.99303768","4","ginkgo","Good"
"143986","40.72424685","-73.9952027","11","American linden","Good"
"144167","40.72327015","-73.99474571","9","American linden","Good"
"133784","40.75091714","-73.97831247","5","honeylocust","Good"
"144032","40.72428403","-73.99586112","3","honeylocust","Good"
"128745","40.73118045","-74.00680265","10","ginkgo","Good"
"100985","40.75061028","-74.00590298","9","littleleaf linden","Good"
"144193","40.72447247","-73.99432621","4","ginkgo","Good"
"73421","40.72890681","-73.99932526","16","Callery pear","Good"
"126291","40.75041525","-74.00232738","8","Japanese zelkova","Good"
"144306","40.75483941","-73.99210934","3","ginkgo","Good"
"100988","40.74995565","-74.00637944","8","littleleaf linden","Fair"
"123792","40.74877876","-74.00455874","4","pin oak","Good"
"123799","40.74911336","-74.00535061","4","pin oak","Good"
"134371","40.74990813","-73.97906575","11","littleleaf linden","Poor"
"126288","40.75152147","-74.00368692","3","littleleaf linden","Good"
"118843","40.72467695","-73.99224172","9","littleleaf linden","Fair"
"144308","40.75493563","-73.99233716","3","ginkgo","Good"
"144310","40.7549964","-73.99248105","3","ginkgo","Good"
"100766","40.7506564","-74.00810354","15","littleleaf linden","Good"
"123747","40.7482179","-74.0052292","6","littleleaf linden","Fair"
"100751","40.7499643","-74.00738586","9","littleleaf linden","Fair"
"136667","40.73733395","-73.98735355","4","honeylocust","Good"
"136710","40.72445748","-73.98480423","8","ginkgo","Good"
"136742","40.73673639","-73.98749058","8","ginkgo","Good"
"136867","40.72566828","-73.98431077","13","ginkgo","Good"
"128746","40.73111234","-74.00681359","10","ginkgo","Fair"
"123710","40.7283696","-73.98890543","11","Japanese zelkova","Good"
"144184","40.72386171","-73.99459658","5",,
"144309","40.75497507","-73.99243056","3","ginkgo","Good"
"144187","40.72407137","-73.99450377","12","ginkgo","Good"
"144316","40.75515125","-73.99284772","4","ginkgo","Good"
"139528","40.74175232","-73.9840525","13","ginkgo","Good"
"133787","40.75106273","-73.97820671","7","honeylocust","Good"
"73424","40.72948062","-73.99883854","10","honeylocust","Good"
"133786","40.7510142","-73.97824196","9","honeylocust","Fair"
"144321","40.75535567","-73.99333177","3","ginkgo","Good"
"144029","40.72413839","-73.99598231","4","honeylocust","Good"
"144106","40.72379036","-73.99376924","12","ginkgo","Good"
"126156","40.73554829","-73.99382141","3","honeylocust","Fair"
"115042","40.73617169","-73.98823344","9","northern red oak","Fair"
"132350","40.73125392","-73.98661357","10","ginkgo","Good"
"102448","40.72819682","-73.98295088","16","swamp white oak","Good"
"102391","40.72689828","-73.98013718","3","swamp white oak","Good"
"136977","40.72604636","-73.98708619","20",,
"143938","40.72463133","-73.99447297","3","Japanese zelkova","Good"
"144265","40.75505979","-73.99454498","4","Chinese elm","Good"
"120810","40.74741693","-74.00573651","7","Japanese zelkova","Good"
"102806","40.72782086","-73.97846969","2","Kentucky coffeetree","Fair"
"136723","40.7250845","-73.99086386","4","ginkgo","Good"
"85269","40.7438796","-73.99898677","5","honeylocust","Good"
"133785","40.75096567","-73.97827722","8","honeylocust","Good"
"144322","40.75538818","-73.99340876","3","ginkgo","Good"
"144324","40.75544548","-73.99354445","3","ginkgo","Good"
"126331","40.73063556","-73.98873342","4","ginkgo","Good"
"136792","40.73667528","-73.98760848","8","honeylocust","Good"
"120637","40.74597729","-74.00578979","4","London planetree","Good"
"144282","40.7548942","-73.99385309","3","ginkgo","Good"
"136722","40.724999","-73.99066133","8","littleleaf linden","Fair"
"121448","40.72583462","-73.97916233","7","littleleaf linden","Good"
"103447","40.7309277","-73.98358374","5","swamp white oak","Good"
"134338","40.73847481","-73.98425565","12","London planetree","Good"
"123706","40.72857044","-73.98938199","17","American elm","Good"
"48148","40.74242639","-74.00100157","2","swamp white oak","Good"
"139530","40.74181416","-73.9841997","4","swamp white oak","Good"
"120821","40.74804364","-74.00746479","5",,
"132198","40.73722458","-73.99853392","4","'Schubert' chokecherry","Fair"
"144278","40.75514529","-73.99444839","5","willow oak","Good"
"126244","40.751101","-74.00431485","1","purple-leaf plum","Good"
"136824","40.72353024","-73.99013303","10","ash","Fair"
"126243","40.75103103","-74.00414797","3",,
"143927","40.72447793","-73.99404478","0",,
"144261","40.75417455","-73.99243437","4","Chinese elm","Good"
"123622","40.74766252","-74.00606547","9","Japanese zelkova","Good"
"144191","40.72438559","-73.99436467","5","Japanese zelkova","Good"
"103252","40.72787322","-73.98398438","18","Kentucky coffeetree","Good"
"84674","40.73323218","-73.98090092","2","swamp white oak","Good"
"136974","40.72593084","-73.9868123","9","American hophornbeam","Good"
"136734","40.72403625","-73.99040163","11","green ash","Good"
"136825","40.72357674","-73.99028732","15","green ash","Good"
"136975","40.7259665","-73.98689686","5","American hophornbeam","Good"
"107400","40.73717308","-74.00655505","6","green ash","Good"
"73358","40.7354432","-73.99656055","12","green ash","Good"
"112828","40.74504395","-74.00356987","11","ginkgo","Good"
"121345","40.72696919","-73.98396217","17","honeylocust","Good"
"136979","40.72629044","-73.98766488","6","Callery pear","Good"
"128743","40.73136817","-74.00677252","11","London planetree","Fair"
"73425","40.72955626","-73.99877438","9","honeylocust","Good"
"144185","40.72391113","-73.9945747","9","ginkgo","Good"
"143925","40.72440117","-73.99383069","11","Callery pear","Good"
"144279","40.7551168","-73.99438085","3","willow oak","Good"
"134465","40.74919969","-73.978712","15","American elm","Good"
"111454","40.74849405","-74.0003358","3","red maple","Fair"
"133720","40.75171989","-73.98200278","5","Callery pear","Good"
"133427","40.75743616","-73.97379091","11","Callery pear","Good"
"144183","40.72377899","-73.9946332","5","Callery pear","Good"
"136616","40.72673868","-73.98711465","4","pin oak","Good"
"136511","40.72383505","-73.9921616","5","Callery pear","Good"
"118127","40.74717766","-74.00276375","7","ginkgo","Good"
"139377","40.74063621","-73.9836659","7","Callery pear","Good"
"144182","40.72368067","-73.99467672","4","Callery pear","Good"
"144257","40.75386238","-73.99332043","4","Callery pear","Fair"
"143924","40.72437355","-73.99375367","11","Callery pear","Good"
"144177","40.72328788","-73.99485059","4","Callery pear","Good"
"102890","40.72912257","-73.98540648","1","'Schubert' chokecherry","Good"
"123795","40.74887687","-74.00479094","7","pin oak","Good"
"123796","40.74891153","-74.00487297","7","pin oak","Good"
"85262","40.74347466","-73.99802506","10","Callery pear","Good"
"133719","40.75178046","-73.98195885","4","Callery pear","Good"
"136725","40.725166","-73.99105692","10","Callery pear","Good"
"136727","40.72527388","-73.99131245","14","Callery pear","Good"
"144081","40.72314901","-73.99508652","5","Callery pear","Good"
"144156","40.72448766","-73.99420967","9","Callery pear","Good"
"144259","40.75369017","-73.99291196","3","pin oak","Good"
"136512","40.723794","-73.99202659","5","Callery pear","Good"
"144317","40.75517257","-73.9928982","3","ginkgo","Good"
"133698","40.75053137","-73.97902238","6","Callery pear","Good"
"133424","40.75756126","-73.97369906","14","Callery pear","Good"
"136724","40.72513191","-73.99097616","6","Callery pear","Good"
"144159","40.72429611","-73.99429401","10","Callery pear","Good"
"133721","40.75165932","-73.98204671","6","honeylocust","Good"
"126320","40.73020917","-73.98772236","13","ginkgo","Good"
"126322","40.7302805","-73.9878915","14","ginkgo","Good"
"139293","40.74031162","-73.98446204","19","Callery pear","Good"
"73238","40.73464925","-73.99268844","12","Callery pear","Fair"
"126314","40.72989163","-73.98696943","4","pin oak","Fair"
"136514","40.72369233","-73.99169226","5","Callery pear","Fair"
"123752","40.74804731","-74.00482123","4","American linden","Poor"
"136462","40.72347447","-73.98704414","19","honeylocust","Poor"
"123794","40.74884488","-74.00471522","6","pin oak","Good"
"144181","40.7236172","-73.99470482","5","pin oak","Good"
"136618","40.72697001","-73.98766221","12","pin oak","Good"
"73271","40.73411697","-73.99142259","3","English oak","Fair"
"118135","40.74757123","-74.003695","12","honeylocust","Good"
"144180","40.72354072","-73.99473867","7","pin oak","Good"
"85270","40.74393331","-73.99911432","6","pin oak","Good"
"144320","40.75530556","-73.99321312","3","ginkgo","Good"
"118129","40.74727632","-74.00299719","8","ginkgo","Good"
"136459","40.72309139","-73.98613527","22","honeylocust","Fair"
"136461","40.72343324","-73.98694631","16","honeylocust","Poor"
"120813","40.7476751","-74.00635134","7","pin oak","Good"
"17867","40.72572454","-74.00406459","16","European hornbeam","Good"
"133573","40.75296464","-73.9799015","4","honeylocust","Good"
"136746","40.7366187","-73.98721246","13","Callery pear","Good"
"139250","40.73965986","-73.98293204","7","honeylocust","Good"
"118133","40.74747391","-74.00346471","7","ginkgo","Good"
"136463","40.72351464","-73.98713944","13","honeylocust","Poor"
"115049","40.73590066","-73.98759014","2","ginkgo","Fair"
"139249","40.73962187","-73.98284254","7","honeylocust","Good"
"144108","40.72392982","-73.99371236","17","tree of heaven","Good"
"144176","40.72322598","-73.99487799","3","Callery pear","Good"
"133697","40.75063761","-73.97894389","5","Callery pear","Good"
"126326","40.73041225","-73.9882039","18","Callery pear","Good"
"133459","40.75619441","-73.97470346","9","Callery pear","Good"
"136513","40.72375304","-73.99189192","4","Callery pear","Good"
"133666","40.7510869","-73.98480815","3","pin oak","Fair"
"133425","40.75752052","-73.97372897","11","Callery pear","Good"
"126323","40.73031164","-73.98796534","4","Callery pear","Good"
"126155","40.73549993","-73.99385705","3","honeylocust","Fair"
"118136","40.7476323","-74.00383949","7","honeylocust","Good"
"136620","40.72725758","-73.98834288","7","honeylocust","Fair"
"132708","40.75672871","-74.00401804","14","honeylocust","Fair"
"144179","40.72340858","-73.99479716","7","pin oak","Good"
"144318","40.75520482","-73.99297457","3","ginkgo","Good"
"144157","40.72442363","-73.99423786","11","Callery pear","Good"
"126330","40.73059031","-73.98862613","11","pin oak","Good"
"136790","40.73657268","-73.98736722","10","ginkgo","Good"
"133696","40.7507075","-73.97889232","6","Callery pear","Good"
"144158","40.72435701","-73.99426719","9","Callery pear","Fair"
"144258","40.75382884","-73.99324088","4","Callery pear","Good"
"144331","40.75559239","-73.99453382","7","honeylocust","Good"
"133667","40.75106567","-73.9847576","3","pin oak","Good"
"120814","40.74771437","-74.00644486","5","Callery pear","Good"
"132025","40.73150438","-73.98831706","6","Callery pear","Fair"
"126315","40.72993156","-73.9870641","3","pin oak","Poor"
"133426","40.75747834","-73.97375994","11","Callery pear","Good"
"133428","40.75739399","-73.97382188","14","Callery pear","Good"
"133439","40.75673046","-73.97431442","13","Callery pear","Good"
"136729","40.72536897","-73.99153769","9","Callery pear","Good"
"126321","40.73025868","-73.98783975","14","ginkgo","Good"
"118130","40.74732619","-74.00311518","10","ginkgo","Good"
"126324","40.7303545","-73.98806695","9","silver linden","Good"
"134466","40.74905693","-73.97837369","11","honeylocust","Good"
"132345","40.73150711","-73.98721703","5","honeylocust","Poor"
"136460","40.72318982","-73.9863688","18","honeylocust","Good"
"139296","40.74070842","-73.9854123","4","silver linden","Good"
"120812","40.74760611","-74.00618705","5","pin oak","Good"
"132709","40.75668813","-74.00392134","16","honeylocust","Good"
"73270","40.73426405","-73.99177335","6","honeylocust","Fair"
"136745","40.73664779","-73.9872812","11","Callery pear","Fair"
"102281","40.72661719","-73.97760097","7","Callery pear","Good"
"102283","40.72654973","-73.9774414","4","Callery pear","Good"
"102282","40.72658333","-73.97752087","7","Callery pear","Good"
"123631","40.7471972","-74.00495625","11","Callery pear","Good"
"73102","40.73181804","-73.99039541","8","Callery pear","Fair"
"133402","40.75809077","-73.97332007","3","blue spruce","Good"
"102280","40.72665079","-73.97768045","10","Callery pear","Good"
"102318","40.72536682","-73.97651254","8","Callery pear","Good"
"123744","40.74831153","-74.00545311","3","littleleaf linden","Good"
"123746","40.74825096","-74.00530827","6","littleleaf linden","Good"
"100750","40.74993108","-74.00730692","12","littleleaf linden","Good"
"140264","40.74907901","-73.97553748","9","honeylocust","Fair"
"144189","40.72417958","-73.99445587","6","Japanese zelkova","Good"
"126316","40.72997228","-73.98716066","0",,
"112865","40.7454601","-74.00301879","5","pin oak","Good"
"100748","40.74972373","-74.0068143","7","Japanese zelkova","Poor"
"100756","40.75020833","-74.00796563","9","black oak","Good"
"144263","40.75428326","-73.99269353","3","Chinese elm","Good"
"126260","40.75169859","-74.0048037","2","Japanese zelkova","Good"
"126185","40.73519851","-73.99193843","19","Chinese elm","Good"
"136789","40.7365175","-73.98723745","8","littleleaf linden","Good"
"132716","40.75628634","-74.00296418","10","honeylocust","Fair"
"111531","40.74969848","-73.9993511","2",,
"132713","40.75644724","-74.00334749","13","honeylocust","Good"
"132026","40.73144193","-73.98836246","0",,
"136840","40.736202","-73.98804305","3","northern red oak","Good"
"144262","40.75423527","-73.99257912","3","Chinese elm","Good"
"120811","40.74757029","-74.00610174","14","Japanese zelkova","Good"
"111532","40.74965175","-73.9992399","7","Japanese zelkova","Good"
"144190","40.72425293","-73.9944234","6","Japanese zelkova","Good"
"136465","40.72364845","-73.98745691","0",,
"137283","40.75355007","-73.99602463","3","Japanese zelkova","Good"
"112867","40.74532322","-74.00268943","6","Japanese zelkova","Good"
"144334","40.75538449","-73.99468384","9","Japanese zelkova","Good"
"115046","40.73600652","-73.9878414","0",,
"147653","40.74186603","-73.98313632","9",,
"123624","40.7476026","-74.00592263","8","Japanese zelkova","Good"
"120809","40.74715398","-74.00511032","9","Japanese zelkova","Good"
"121972","40.72894953","-73.98446925","9","northern red oak","Good"
"133571","40.75305104","-73.98010676","3",,
"111529","40.74979034","-73.99956969","0",,
"111530","40.74974362","-73.9994585","9","Japanese zelkova","Good"
"134215","40.74752681","-73.9850945","4","Japanese zelkova","Poor"
"123891","40.73763404","-73.99979315","17","Callery pear","Fair"
"133668","40.75100966","-73.98462428","3","pin oak","Good"
"85268","40.74379585","-73.99878786","13","pin oak","Good"
"144110","40.7242187","-73.99359453","4","red maple","Poor"
"85263","40.74349806","-73.99808063","11","pin oak","Good"
"115811","40.74695437","-74.00265684","8","black oak","Good"
"73272","40.73407695","-73.99132716","3","northern red oak","Fair"
"137315","40.75383636","-73.9954607","3","American elm","Good"
"137316","40.75378782","-73.99534669","4","American elm","Good"
"105215","40.74749235","-73.99192139","2","Japanese zelkova","Good"
"134461","40.74941782","-73.97922893","13","American elm","Good"
"111455","40.74842903","-74.000181","3",,
"102963","40.72917939","-73.98399304","17","green ash","Good"
"102284","40.7265156","-73.97736066","5","Callery pear","Good"
"134402","40.74891939","-73.98352251","0",,
"120636","40.74594805","-74.00572032","6","London planetree","Good"
"123748","40.74818431","-74.00514887","7","littleleaf linden","Good"
"136793","40.73671011","-73.98769037","11","willow oak","Good"
"123900","40.73712755","-73.99858869","10","London planetree","Fair"
"141407","40.75727351","-73.99733126","5","London planetree","Fair"
"136976","40.72599951","-73.98697512","9","American hophornbeam","Good"
"140444","40.74989754","-73.97461295","0",,
"132347","40.73144083","-73.98705906","16","London planetree","Good"
"134462","40.74937148","-73.9791191","11","American elm","Fair"
"137284","40.75373084","-73.99589214","7","American elm","Good"
"136794","40.73674466","-73.98777163","13","willow oak","Good"
"140030","40.74764975","-73.9731134","6","green ash","Fair"
"136871","40.72590334","-73.98486799","11","green ash","Good"
"136822","40.72346838","-73.98992775","3","green ash","Fair"
"115661","40.74638782","-74.00303409","10","cherry","Good"
"132715","40.75636672","-74.00315567","11","honeylocust","Good"
"132166","40.73042174","-73.98663848","22","pin oak","Good"
"118132","40.74742431","-74.00334736","9","ginkgo","Good"
"133572","40.75301169","-73.98001329","5","honeylocust","Good"
"126151","40.74987285","-74.00524104","2","ginkgo","Good"
"144276","40.75520786","-73.99459675","4","willow oak","Good"
"115122","40.73488135","-73.98820161","5","honeylocust","Fair"
"126150","40.74984174","-74.00516715","2","ginkgo","Good"
"123895","40.73738863","-73.99920955","8","ginkgo","Good"
"120674","40.74614836","-74.00541823","5","London planetree","Good"
"148277","40.74300283","-73.98319352","9","honeylocust","Good"
"73269","40.73429771","-73.99185361","9","honeylocust","Fair"
"144251","40.75456136","-73.99497833","3","American elm","Good"
"118128","40.74722699","-74.00288047","20","London planetree","Good"
"144250","40.75459729","-73.99506356","4","American elm","Good"
"132730","40.75567165","-73.99950758","7","honeylocust","Good"
"137285","40.75376968","-73.99586367","6","American elm","Good"
"133574","40.75293779","-73.97983771","4","honeylocust","Good"
"126153","40.74994757","-74.00541849","6","ginkgo","Good"
"148278","40.74303063","-73.98325908","4","honeylocust","Good"
"148281","40.74317498","-73.98359949","11","honeylocust","Good"
"140265","40.7489756","-73.97561228","10","honeylocust","Fair"
"140263","40.74917521","-73.9754679","8","honeylocust","Fair"
"144253","40.75419537","-73.99411023","3","honeylocust","Good"
"132714","40.75640692","-74.00325142","12","honeylocust","Good"
"148276","40.74296246","-73.98309833","10","honeylocust","Good"
"120807","40.74707942","-74.00493276","8","honeylocust","Good"
"120706","40.74667885","-74.00502849","15","London planetree","Poor"
"120708","40.74689814","-74.00486828","12","honeylocust","Good"
"123898","40.73724627","-73.99887101","9","American linden","Good"
"141316","40.75640943","-73.99936198","8","honeylocust","Good"
"123903","40.73695623","-73.99818131","18","London planetree","Poor"
"126154","40.74997948","-74.00549427","6","ginkgo","Good"
"102321","40.72523256","-73.9761925","3","honeylocust","Fair"
"121432","40.72434061","-73.98782658","9","red maple","Fair"
"118994","40.7331718","-73.98890479","6","London planetree","Poor"
"141325","40.75652177","-73.9980113","4","London planetree","Good"
"137286","40.7538464","-73.99580744","11","American elm","Good"
"118995","40.73322198","-73.98902417","14","London planetree","Poor"
"148279","40.74306591","-73.98334229","9","honeylocust","Good"
"120707","40.7468252","-74.00492157","11","honeylocust","Good"
"123901","40.73708877","-73.99849647","6","London planetree","Good"
"118131","40.74737552","-74.0032319","14","ginkgo","Good"
"140262","40.74927621","-73.97539484","8","honeylocust","Good"
"148282","40.74321775","-73.98370036","12","honeylocust","Good"
"73245","40.73519137","-73.99398488","15","London planetree","Fair"
"118991","40.73281473","-73.98805523","13","London planetree","Fair"
"132710","40.75656715","-74.00363315","15","honeylocust","Good"
"132712","40.75648703","-74.00344229","12","honeylocust","Good"
"126162","40.74965883","-74.00310766","3","ginkgo","Good"
"102372","40.72792503","-73.97904476","5","American elm","Poor"
"120806","40.74704864","-74.00485946","8","honeylocust","Good"
"118134","40.74752324","-74.00358144","15","honeylocust","Good"
"123890","40.73769645","-73.99994158","17","honeylocust","Good"
"112866","40.74538772","-74.00284461","11","ginkgo","Good"
"73027","40.7334151","-73.99373196","5","'Schubert' chokecherry","Fair"
"126184","40.73533002","-73.99224856","10","ginkgo","Fair"
"133844","40.75073799","-73.97823271","10","honeylocust","Good"
"141312","40.75598652","-73.99835707","6","ginkgo","Good"
"73241","40.73488144","-73.9932437","14","honeylocust","Fair"
"136466","40.72370325","-73.98758693","17","honeylocust","Fair"
"144254","40.75405137","-73.99376868","3","honeylocust","Good"
"132711","40.75652683","-74.00353709","11","honeylocust","Good"
"73185","40.73291234","-73.99011731","16","Sophora","Fair"
"133553","40.74576479","-73.98782377","12","Sophora","Good"
"112863","40.74557934","-74.00330571","11","ginkgo","Good"
"132729","40.75573429","-73.99965174","8","honeylocust","Good"
"126361","40.73081593","-73.98882265","3","ginkgo","Fair"
"99151","40.7424411","-73.98378243","4","Sophora","Fair"
"133407","40.75790332","-73.97345829","14","river birch","Good"
"136830","40.72373786","-73.99082198","15","green ash","Good"
"120808","40.74711152","-74.00500922","10","honeylocust","Good"
"126183","40.73554278","-73.99275032","11","honeylocust","Fair"
"141317","40.75658885","-73.99978833","11","honeylocust","Good"
"122984","40.75940735","-73.97011839","12","honeylocust","Good"
"136841","40.73616732","-73.98796023","10","honeylocust","Good"
"73243","40.73511071","-73.993792","13","London planetree","Fair"
"118996","40.7332703","-73.98913913","13","London planetree","Fair"
"136837","40.73630868","-73.98829784","14","willow oak","Good"
"126362","40.73087476","-73.98877909","3","ginkgo","Good"
"122986","40.75949366","-73.97005515","11","honeylocust","Good"
"100317","40.72495048","-73.99400636","19","Sophora","Fair"
"153475","40.73816336","-74.00334199","8","ginkgo","Good"
"132717","40.75624654","-74.00286938","11","honeylocust","Good"
"174797","40.75523729","-73.96809945","3",,
"137318","40.75337004","-73.99436533","3","Japanese zelkova","Good"
"112868","40.74528979","-74.00260899","3","honeylocust","Good"
"123755","40.72893384","-73.98754795","10","Sophora","Fair"
"130079","40.73206978","-74.00644809","21","Ohio buckeye","Good"
"73186","40.73298792","-73.99009903","12","Sophora","Poor"
"139295","40.74066192","-73.98530095","2","American linden","Good"
"141318","40.75662473","-73.9998736","11","honeylocust","Good"
"122983","40.75922272","-73.97025367","10","American linden","Good"
"122985","40.7594529","-73.97008501","11","honeylocust","Good"
"123645","40.74735297","-74.00453771","3","swamp white oak","Good"
"123646","40.74742497","-74.00448516","3","swamp white oak","Good"
"100768","40.75077595","-74.00805242","17","littleleaf linden","Good"
"102966","40.7288836","-73.98420994","6","green ash","Good"
"133852","40.75052247","-73.97772295","8","honeylocust","Good"
"95819","40.74500263","-74.00166977","21","Sophora","Good"
"121539","40.72742798","-73.98557993","14","Sophora","Good"
"121540","40.7274994","-73.98552753","19","Sophora","Good"
"130078","40.73195504","-74.00646895","15","Ohio buckeye","Fair"
"95817","40.74492538","-74.00148593","18","Sophora","Good"
"141323","40.7567108","-73.9984653","4","London planetree","Good"
"115671","40.74675451","-74.00390488","9","Callery pear","Good"
"133745","40.75064707","-73.98306475","9","honeylocust","Good"
"136826","40.72360969","-73.99039666","10","green ash","Good"
"126230","40.73032227","-73.98824998","22","green ash","Good"
"126182","40.73561922","-73.9929306","11","honeylocust","Fair"
"107898","40.74747269","-73.99955062","5","American linden","Good"
"133845","40.75071105","-73.97816899","7","honeylocust","Good"
"102314","40.72549128","-73.9768092","7","honeylocust","Fair"
"100318","40.72510924","-73.99393648","18","Sophora","Good"
"133846","40.75068411","-73.97810527","8","honeylocust","Good"
"133748","40.75084014","-73.98292423","10","honeylocust","Good"
"133848","40.75063023","-73.97797783","8","honeylocust","Good"
"133850","40.75057635","-73.97785039","8","honeylocust","Good"
"133746","40.75071959","-73.98301197","8","honeylocust","Good"
"100388","40.72516979","-73.99401622","13","Sophora","Good"
"115817","40.74675234","-74.00217771","6","Sophora","Good"
"102511","40.72758565","-73.97613569","3","sweetgum","Good"
"140140","40.74762681","-73.97114329","7","English oak","Good"
"123644","40.7473045","-74.0045731","3","swamp white oak","Good"
"123648","40.74754591","-74.00439686","3","swamp white oak","Good"
"106220","40.7474369","-74.00047881","9","Sophora","Fair"
"133851","40.75054941","-73.97778667","9","honeylocust","Good"
"100321","40.72546997","-73.99377769","20","Sophora","Good"
"106217","40.74720444","-74.00064946","11","Sophora","Good"
"105216","40.74745105","-73.99182316","4","Sophora","Good"
"144332","40.75549999","-73.9946005","13","Callery pear","Good"
"144249","40.75445721","-73.99503766","4","pin oak","Good"
"140137","40.74781744","-73.97160266","8","English oak","Good"
"133759","40.75133807","-73.98024818","5","honeylocust","Good"
"102315","40.72547232","-73.97676402","8","honeylocust","Fair"
"133744","40.75058655","-73.98310879","7","honeylocust","Good"
"130100","40.73253032","-74.0063805","10","honeylocust","Good"
"130102","40.73266441","-74.00635657","7","honeylocust","Good"
"144076","40.72364896","-73.99561494","6","Callery pear","Good"
"121462","40.72494846","-73.98738423","4","Sophora","Good"
"133560","40.74564408","-73.98782056","11","Sophora","Good"
"73287","40.73386958","-73.99254046","16","Sophora","Good"
"133739","40.75077234","-73.98024756","9","honeylocust","Good"
"102319","40.72533462","-73.97643577","6","honeylocust","Fair"
"133758","40.75099159","-73.98049975","6","honeylocust","Poor"
"30054","40.73711922","-73.99402709","2","swamp white oak","Good"
"100316","40.72487057","-73.99404153","18","Sophora","Good"
"95818","40.74496069","-74.00156995","13","Sophora","Good"
"123899","40.73718863","-73.99873396","4","purple-leaf plum","Poor"
"102316","40.72543442","-73.97667366","10","honeylocust","Fair"
"121542","40.72618224","-73.98400617","13","Sophora","Good"
"136907","40.72481132","-73.99197865","3","Callery pear","Good"
"102279","40.72672411","-73.9778539","14","Callery pear","Good"
"140139","40.74776065","-73.9714658","5","swamp white oak","Fair"
"111517","40.75045408","-74.00114918","12","Sophora","Good"
"113083","40.74572472","-74.00203132","3","Sophora","Good"
"126234","40.73015679","-73.9878582","2","Sophora","Good"
"102323","40.72507086","-73.97580706","2","honeylocust","Fair"
"35310","40.74203747","-74.00035329","3","swamp white oak","Good"
"73155","40.73288219","-73.99021148","5","Sophora","Fair"
"95816","40.74485636","-74.00132166","14","Sophora","Good"
"132196","40.73704763","-73.99811085","15","Sophora","Good"
"121463","40.72506313","-73.98730043","15","Sophora","Good"
"133554","40.74558549","-73.98739946","14","Sophora","Good"
"136590","40.7236917","-73.98555173","2","Sophora","Fair"
"136573","40.72304336","-73.98838612","8","cherry","Good"
"132195","40.73702779","-73.99806342","4","cherry","Good"
"144178","40.72335708","-73.99481996","6","pin oak","Good"
"85265","40.74360495","-73.99833447","16","pin oak","Good"
"85267","40.74371342","-73.99859211","13","pin oak","Good"
"168261","40.72559285","-73.97608009","0",,
"99149","40.74236402","-73.98360012","4","American linden","Fair"
"136870","40.72584478","-73.98472916","4","cherry","Good"
"132199","40.73727589","-73.99865661","16","sassafras","Good"
"118125","40.74707874","-74.00252968","8","littleleaf linden","Good"
"136838","40.73626685","-73.98819795","17","willow oak","Good"
"136839","40.73623614","-73.98812461","5","pin oak","Good"
"126292","40.74988342","-74.00271862","20","London planetree","Fair"
"153474","40.73816383","-74.00352819","13","willow oak","Good"
"120638","40.74602886","-74.00591231","4","London planetree","Good"
"153343","40.73871723","-74.00207757","12","London planetree","Good"
"136905","40.72472417","-73.99177156","10","littleleaf linden","Good"
"115121","40.73495272","-73.98814982","4","Sophora","Fair"
"102891","40.72913191","-73.98542855","1","'Schubert' chokecherry","Good"
"118685","40.74826185","-74.00170999","2","London planetree","Good"
"112840","40.74595689","-74.0052899","5","willow oak","Good"
"153351","40.73824181","-74.00095689","5","willow oak","Good"
"107910","40.74942339","-73.9990289","16","London planetree","Good"
"112864","40.74552959","-74.003186","4","London planetree","Good"
"131020","40.7543103","-73.9987478","4","American elm","Good"
"112861","40.74570727","-74.00361354","15","London planetree","Good"
"90304","40.74419636","-73.99783502","15","willow oak","Good"
"112839","40.74591849","-74.00531792","5","willow oak","Good"
"118687","40.74821495","-74.0015981","2","London planetree","Good"
"81465","40.73469746","-73.99220769","13","Callery pear","Good"
"106219","40.74734775","-74.00054426","10","Callery pear","Fair"
"121445","40.72591387","-73.97935044","4","Callery pear","Good"
"73413","40.72561765","-73.99462904","4","Callery pear","Fair"
"102317","40.72538273","-73.97655045","8","Callery pear","Fair"
"126181","40.73573549","-73.9932048","15","Kentucky coffeetree","Poor"
"136906","40.72478183","-73.99190857","4","Callery pear","Good"
"90303","40.74416518","-73.99776119","17","willow oak","Good"
"136731","40.72546299","-73.99176042","5","Callery pear","Good"
"123902","40.73701414","-73.998319","6","mulberry","Poor"
"81860","40.74317723","-73.99942147","12","Sophora","Good"
"136658","40.72413646","-73.99104453","15","Sophora","Good"
"115059","40.73579699","-73.98752655","5","Callery pear","Fair"
"133457","40.7563104","-73.97461902","7","Callery pear","Good"
"149020","40.74900854","-73.99005452","4","honeylocust","Good"
"90305","40.74422834","-73.99791074","13","willow oak","Good"
"107900","40.74761595","-73.99989433","18","Callery pear","Good"
"133743","40.75052603","-73.98315283","9","honeylocust","Good"
"133458","40.75627006","-73.97464839","4","cherry","Good"
"134033","40.7491356","-73.98046075","3","honeylocust","Good"
"132702","40.75560974","-74.0056487","11","American elm","Good"
"132194","40.73699341","-73.99798121","4","cherry","Poor"
"132719","40.75616642","-74.00267852","12","honeylocust","Good"
"136788","40.73647785","-73.98714422","6","Callery pear","Good"
"153473","40.73816418","-74.00366387","11","ginkgo","Good"
"153480","40.73816075","-74.00231934","6","ginkgo","Good"
"118944","40.73422312","-73.98867436","2","honeylocust","Fair"
"73239","40.73471087","-73.99283579","15","Callery pear","Fair"
"136730","40.72541558","-73.99164811","9","Callery pear","Good"
"133460","40.75615239","-73.97473405","4","Callery pear","Good"
"131033","40.75356473","-73.99698274","12","Callery pear","Good"
"144075","40.72371147","-73.99558335","5","Callery pear","Good"
"153349","40.73837818","-74.00127835","11","honeylocust","Good"
"153656","40.74018747","-73.97650227","10","honeylocust","Good"
"153346","40.73858595","-74.00176809","9","honeylocust","Good"
"133740","40.75087122","-73.98048168","7","Callery pear","Fair"
"153348","40.73841615","-74.00136785","5","honeylocust","Good"
"140141","40.74759815","-73.97107423","13","English oak","Good"
"134191","40.7494099","-73.9830095","7","honeylocust","Good"
"153344","40.73867846","-74.00198617","12","honeylocust","Good"
"133847","40.75065717","-73.97804155","7","honeylocust","Good"
"133849","40.75060329","-73.97791411","9","honeylocust","Good"
"133747","40.75077963","-73.98296827","9","honeylocust","Good"
"107897","40.7473355","-73.99922147","18","Callery pear","Good"
"107899","40.74752097","-73.99966646","19","Callery pear","Good"
"132731","40.75540612","-73.99889646","18","Callery pear","Good"
"118695","40.74790466","-74.00085785","5","Callery pear","Good"
"118881","40.72464416","-73.99185494","6","Callery pear","Good"
"131027","40.75378331","-73.9975002","3","American elm","Fair"
"131035","40.75349809","-73.99682498","14","Callery pear","Good"
"132786","40.75501447","-73.99796894","8","Callery pear","Good"
"131031","40.75363883","-73.99715817","7","Callery pear","Fair"
"118882","40.7246113","-73.9917774","8","Callery pear","Good"
"73242","40.73507792","-73.99371358","7","pin oak","Fair"
"153345","40.73863301","-74.00187902","9","honeylocust","Good"
"153356","40.73800917","-74.00040854","13","honeylocust","Good"
"144166","40.72333261","-73.99471821","4","cherry","Good"
"153355","40.73805597","-74.00051884","19","honeylocust","Good"
"140151","40.74710512","-73.97123847","8","honeylocust","Good"
"118993","40.73289305","-73.98824157","9","ginkgo","Good"
"140138","40.74778905","-73.97153423","12","honeylocust","Good"
"144071","40.72397074","-73.99545231","3","honeylocust","Good"
"121986","40.72853914","-73.98477253","6","American linden","Fair"
"112971","40.74607834","-74.00423115","0",,
"113085","40.74554557","-74.00216169","0",,
"141212","40.73028025","-73.9860269","13","honeylocust","Good"
"132024","40.73157835","-73.98826327","0",,
"137317","40.75340222","-73.99444092","3","Japanese zelkova","Poor"
"133670","40.75059638","-73.9836405","10","honeylocust","Good"
"73244","40.73515117","-73.99388875","14","pin oak","Fair"
"134546","40.7388502","-73.98540375","5","hedge maple","Good"
"27345","40.72770436","-73.99912418","17","Cornelian cherry","Good"
"130103","40.73277674","-74.00633653","13","honeylocust","Good"
"123151","40.75985411","-73.96880606","4","honeylocust","Good"
"131021","40.75427645","-73.99866766","4","American elm","Good"
"153655","40.74015492","-73.97642449","14","honeylocust","Good"
"134544","40.73891795","-73.9855648","8","ginkgo","Good"
"118693","40.7479656","-74.00100325","6","ginkgo","Good"
"153476","40.73816293","-74.003176","7","ginkgo","Good"
"132720","40.75612689","-74.00258435","14","honeylocust","Good"
"131029","40.75372387","-73.99735947","9","honeylocust","Good"
"136843","40.73602596","-73.98762262","2","northern red oak","Good"
"144333","40.75544127","-73.99464287","0",,
"136660","40.72392638","-73.98519031","9","honeylocust","Good"
"103288","40.72851307","-73.98011451","2","black locust","Good"
"140443","40.74992464","-73.97467655","7","Japanese zelkova","Fair"
"144079","40.72326861","-73.99537309","0",,
"144073","40.72390259","-73.99548675","8","honeylocust","Good"
"132759","40.75411034","-73.99609812","3","honeylocust","Good"
"141215","40.73012859","-73.98566753","12","honeylocust","Good"
"133584","40.74557989","-73.98650651","10","ginkgo","Good"
"103193","40.72956109","-73.98618024","17","black locust","Good"
"144074","40.7237786","-73.99554942","7","honeylocust","Good"
"140150","40.74715215","-73.97120414","9","honeylocust","Good"
"153353","40.73814876","-74.00073755","9","honeylocust","Good"
"134214","40.74757671","-73.98505803","4","Japanese zelkova","Fair"
"134202","40.74790145","-73.98482248","8","Japanese zelkova","Good"
"118887","40.72436075","-73.99118611","2","Chinese elm","Fair"
"103179","40.72891166","-73.98464527","11","black locust","Good"
"73071","40.7361383","-73.99757681","15","black locust","Good"
"89547","40.74123637","-73.98282823","4","golden raintree","Good"
"140446","40.74978966","-73.9743598","0",,
"139297","40.74076363","-73.98554453","3","Japanese zelkova","Good"
"144245","40.75402966","-73.99401884","5","Chinese elm","Good"
"103324","40.72936078","-73.98123066","2","Schumard's oak","Good"
"73045","40.7361184","-73.99618696","11","black locust","Good"
"103282","40.72831291","-73.9796391","3","black locust","Good"
"103180","40.7289765","-73.98479852","11","black locust","Poor"
"139292","40.74028547","-73.98439941","0",,
"49069","40.73955101","-74.00526458","4","Schumard's oak","Good"
"71304","40.72595967","-74.00951252","12","black locust","Good"
"73156","40.73595178","-73.99749576","12","black locust","Good"
"136844","40.73598731","-73.98753031","3","northern red oak","Good"
"140445","40.74981676","-73.9744234","7","Japanese zelkova","Fair"
"139298","40.74079665","-73.98562361","3","Japanese zelkova","Good"
"73039","40.735742","-73.99529369","11","black locust","Good"
"73052","40.73647271","-73.99702785","6","golden raintree","Good"
"144246","40.75405963","-73.99409025","5","Chinese elm","Good"
"132757","40.75437667","-73.99674416","0",,
"118885","40.72446252","-73.99142628","5",,
"73042","40.73595294","-73.9957943","7","black locust","Fair"
"121343","40.72673219","-73.98339934","4","Schumard's oak","Good"
"73043","40.73604817","-73.9960203","5","black locust","Good"
"121543","40.72626877","-73.98421124","4","Schumard's oak","Good"
"73044","40.73607131","-73.99607522","14","black locust","Good"
"103294","40.72880147","-73.98079954","2","black locust","Good"
"153352","40.73820892","-74.00087937","9","ginkgo","Good"
"144070","40.72401941","-73.99542771","9","honeylocust","Good"
"141223","40.72975217","-73.98477559","12","honeylocust","Good"
"141211","40.73031461","-73.9861083","12","honeylocust","Good"
"107909","40.74880419","-73.99948366","12","honeylocust","Good"
"118992","40.73286198","-73.98816766","2","ginkgo","Good"
"141404","40.7574923","-73.99717281","6","honeylocust","Good"
"136661","40.72403937","-73.98510849","0",,
"149570","40.75292294","-73.99500299","8","honeylocust","Good"
"141214","40.73017453","-73.98577638","4","honeylocust","Good"
"141216","40.73009198","-73.98558077","13","honeylocust","Good"
"118692","40.74799369","-74.00107025","7","ginkgo","Good"
"141224","40.72972447","-73.98470997","17","honeylocust","Good"
"152152","40.7549676","-73.9650216","6","honeylocust","Good"
"118690","40.74807106","-74.00125484","8","ginkgo","Good"
"131022","40.75400189","-73.99801766","7","honeylocust","Good"
"131024","40.75390113","-73.99777913","5","ginkgo","Good"
"150836","40.74955899","-73.97973882","8","honeylocust","Good"
"131034","40.75353807","-73.99691963","9","honeylocust","Good"
"141226","40.72966442","-73.98456768","9","honeylocust","Good"
"136749","40.72556595","-73.98376798","11","honeylocust","Good"
"133992","40.74988311","-73.97813941","9","ginkgo","Fair"
"73050","40.73640515","-73.9968675","6","golden raintree","Good"
"118943","40.73449398","-73.98848021","4","Japanese zelkova","Poor"
"136659","40.72384127","-73.98525194","12","honeylocust","Good"
"133585","40.74545396","-73.98659786","12","ginkgo","Good"
"140335","40.74878804","-73.97553168","4","ginkgo","Good"
"120656","40.74725883","-74.00767695","3","honeylocust","Good"
"90299","40.74398822","-73.9973422","10","honeylocust","Good"
"111480","40.75060421","-74.00188608","0",,
"131032","40.75359885","-73.99706351","0",,
"141225","40.72969012","-73.98462857","8","honeylocust","Good"
"120655","40.74719357","-74.00768877","4","honeylocust","Good"
"141220","40.72987281","-73.98506144","14","honeylocust","Good"
"136806","40.72389813","-73.99135996","11","ginkgo","Good"
"90295","40.74377475","-73.99683677","10","honeylocust","Good"
"153342","40.73876296","-74.00218535","11","ginkgo","Good"
"153477","40.73816175","-74.00271267","21","American linden","Good"
"153478","40.73816137","-74.00256472","15","American linden","Good"
"132718","40.75620622","-74.00277332","3","honeylocust","Good"
"144072","40.72393589","-73.99546992","9","honeylocust","Good"
"153431","40.73870435","-74.00282332","9","honeylocust","Good"
"133993","40.74991071","-73.97820513","11","ginkgo","Poor"
"141221","40.72980583","-73.98490274","15","honeylocust","Good"
"152153","40.75489238","-73.96484368","8","honeylocust","Good"
"153430","40.73870386","-74.00273167","3","honeylocust","Good"
"153432","40.73870481","-74.00290704","8","honeylocust","Good"
"131023","40.75396111","-73.99792111","8","honeylocust","Good"
"140130","40.74883904","-73.9727606","5","ginkgo","Fair"
"90296","40.74383205","-73.99697244","14","honeylocust","Good"
"134413","40.75391035","-73.98170265","11","pin oak","Good"
"134470","40.74606472","-73.98616123","3","pin oak","Good"
"90306","40.74426831","-73.99800539","11","American linden","Good"
"90308","40.74431549","-73.99811708","4","honeylocust","Good"
"81865","40.74261704","-73.99809182","18","Sophora","Good"
"133555","40.74555883","-73.98733637","8","Sophora","Good"
"152155","40.75480303","-73.96463231","7","honeylocust","Good"
"133989","40.74973704","-73.97779154","10","honeylocust","Good"
"133990","40.74976583","-73.97786011","11","ginkgo","Good"
"136873","40.72615517","-73.98546496","12","Sophora","Good"
"102347","40.72828714","-73.981567","2","Sophora","Good"
"133796","40.75150546","-73.98611353","10","ginkgo","Good"
"131158","40.7552773","-73.99887753","8","honeylocust","Good"
"153433","40.73870544","-74.00302395","8","honeylocust","Good"
"153435","40.73870652","-74.00322458","8","ginkgo","Poor"
"141201","40.73006666","-73.98577926","11","honeylocust","Good"
"140132","40.74868205","-73.97287206","7","ginkgo","Good"
"133797","40.75151182","-73.98612871","5","ginkgo","Good"
"153434","40.73870589","-74.00310839","4","honeylocust","Good"
"152210","40.75298185","-73.96779544","12","honeylocust","Good"
"141192","40.72961894","-73.98472063","14","honeylocust","Good"
"141195","40.7297123","-73.98494138","13","honeylocust","Fair"
"107353","40.73749203","-74.00667105","5","sweetgum","Good"
"133556","40.7455255","-73.9872575","9","Sophora","Fair"
"133558","40.74546165","-73.98710639","10","Sophora","Good"
"152207","40.75287379","-73.96752353","11","honeylocust","Good"
"141191","40.72958507","-73.98464054","13","honeylocust","Good"
"134403","40.74887147","-73.98340889","12","Ohio buckeye","Good"
"123933","40.72991989","-73.98770986","10","honeylocust","Good"
"140131","40.74874243","-73.97282919","7","ginkgo","Poor"
"140133","40.74862409","-73.97291321","6","ginkgo","Fair"
"90310","40.74437438","-73.99825653","4","honeylocust","Good"
"136812","40.72415589","-73.99221217","12","ginkgo","Good"
"152209","40.75295604","-73.9677305","10","honeylocust","Good"
"126241","40.75096954","-74.00400132","3","sweetgum","Fair"
"118676","40.74881682","-74.00303406","7","Sophora","Good"
"118883","40.72453037","-73.9915864","0",,
"90374","40.74441026","-73.99618905","8","Sophora","Good"
"140337","40.74869242","-73.97530426","3","ginkgo","Fair"
"135914","40.75977295","-73.9961178","4","Sophora","Good"
"133557","40.74549577","-73.98718715","13","Sophora","Fair"
"133559","40.74542752","-73.98702563","16","Sophora","Good"
"140129","40.74890087","-73.9727167","8","ginkgo","Fair"
"153429","40.73870326","-74.00261981","8","honeylocust","Good"
"136875","40.72626272","-73.98571991","9","Sophora","Good"
"136876","40.72632821","-73.98587515","4","Sophora","Fair"
"73418","40.72869371","-73.99950602","15","Sophora","Good"
"152144","40.75249536","-73.96663023","18","honeylocust","Good"
"153405","40.73791956","-74.00046475","3","honeylocust","Good"
"121985","40.72863","-73.98470667","13","silver linden","Good"
"118879","40.72470719","-73.99200371","6","Callery pear","Fair"
"118886","40.72442913","-73.99134748","5","Callery pear","Good"
"121987","40.72846848","-73.98482376","13","silver linden","Fair"
"153671","40.75127266","-73.9871648","6","ginkgo","Good"
"134398","40.73919223","-73.98505709","10","littleleaf linden","Good"
"152205","40.75282764","-73.96740742","3","honeylocust","Good"
"132205","40.7376356","-73.99951668","6","Sophora","Good"
"132792","40.75517512","-73.99835201","4","Callery pear","Good"
"141196","40.72975538","-73.98504323","5","honeylocust","Good"
"136811","40.72411554","-73.99207874","6","ginkgo","Good"
"141202","40.73009067","-73.98583603","12","honeylocust","Good"
"133406","40.75792726","-73.97344064","13","river birch","Good"
"115045","40.73606211","-73.98797334","3","Sophora","Good"
"136808","40.72403604","-73.9918159","6","littleleaf linden","Good"
"136657","40.72407951","-73.99108508","2","Sophora","Good"
"132750","40.75495999","-73.99813145","7","ginkgo","Good"
"136829","40.72369035","-73.99066433","6","green ash","Good"
"152146","40.75232964","-73.9662356","15","honeylocust","Good"
"153407","40.73808934","-74.00086666","12","honeylocust","Good"
"153414","40.73837238","-74.00153671","7","American linden","Poor"
"107901","40.74764576","-73.99996586","11","Callery pear","Good"
"107902","40.7476972","-74.00008929","11","Callery pear","Fair"
"134491","40.7383546","-73.98588312","13","green ash","Good"
"132752","40.75491212","-73.99801777","7","ginkgo","Good"
"123931","40.7299114","-73.98784977","8","ginkgo","Good"
"126242","40.75100347","-74.00408223","3","sweetgum","Good"
"73417","40.72858024","-73.99960227","11","Sophora","Good"
"136807","40.72395776","-73.99155709","5","Callery pear","Good"
"147652","40.74191935","-73.98309754","11","Callery pear","Good"
"141200","40.73002358","-73.9856774","9","honeylocust","Good"
"136468","40.72374395","-73.9876835","1","Sophora","Fair"
"153406","40.7379622","-74.0005657","14","honeylocust","Good"
"118939","40.73479468","-73.98877581","5","Sophora","Poor"
"118941","40.73474097","-73.98864744","7","Sophora","Poor"
"132788","40.75506776","-73.998096","7","Callery pear","Good"
"132755","40.75465471","-73.99740645","8","Callery pear","Good"
"133788","40.75111126","-73.97817145","8","honeylocust","Good"
"132255","40.73086281","-73.9873946","9","Sophora","Good"
"144077","40.72348347","-73.99569859","3","sweetgum","Good"
"152147","40.75223171","-73.96600243","13","honeylocust","Good"
"133790","40.75120832","-73.97810094","7","honeylocust","Good"
"115044","40.73608658","-73.98803142","5","Sophora","Fair"
"118878","40.72474245","-73.99208692","8","Callery pear","Good"
"133405","40.75795694","-73.97341875","13","river birch","Good"
"136831","40.72376189","-73.99090172","8","green ash","Good"
"132787","40.75503621","-73.99802077","3","Callery pear","Good"
"131030","40.75367775","-73.9972503","11","Callery pear","Good"
"118880","40.72467915","-73.99193752","8","Callery pear","Good"
"90312","40.74446952","-73.99848181","8","Callery pear","Good"
"153653","40.75127784","-73.98684361","10","ginkgo","Good"
"123094","40.75965876","-73.96780369","4","honeylocust","Good"
"153678","40.75153851","-73.98749666","6","ginkgo","Poor"
"121255","40.72798372","-73.98486375","5","green ash","Poor"
"90343","40.74498533","-73.99799089","5","ginkgo","Fair"
"141204","40.73022577","-73.98615548","11","honeylocust","Good"
"133915","40.75115676","-73.98244991","4","Callery pear","Good"
"134539","40.73913844","-73.986089","13","Sophora","Good"
"118937","40.73485658","-73.98892377","5","river birch","Poor"
"144243","40.75373657","-73.99332045","2","Sophora","Good"
"102990","40.72809833","-73.98297712","4","swamp white oak","Good"
"102404","40.72753254","-73.9816386","2","swamp white oak","Good"
"139529","40.74178231","-73.98412389","3","swamp white oak","Good"
"35311","40.74208526","-74.000467","4","swamp white oak","Good"
"141218","40.73001075","-73.98538831","4","sweetgum","Fair"
"132162","40.73067668","-73.98724231","15","Sophora","Good"
"134368","40.74968734","-73.97922836","4","Sophora","Good"
"141324","40.75658082","-73.99815313","4","London planetree","Good"
"141227","40.72963779","-73.98450457","13","honeylocust","Good"
"132753","40.75490122","-73.99799188","9","ginkgo","Good"
"132754","40.75487117","-73.99792052","8","ginkgo","Good"
"152145","40.75239518","-73.96639168","14","honeylocust","Good"
"153413","40.73834573","-74.00147362","9","ginkgo","Poor"
"137618","40.755753","-73.99844149","3",,
"141198","40.72985274","-73.98527344","15","honeylocust","Good"
"131028","40.75375319","-73.99742889","3","American elm","Fair"
"136591","40.72378089","-73.98576311","2","Sophora","Good"
"73419","40.72877766","-73.99943481","9","Sophora","Good"
"81861","40.74291868","-73.99880778","5","Sophora","Good"
"99041","40.74421417","-73.98543326","3","Sophora","Poor"
"132204","40.73756418","-73.99934593","13","Sophora","Good"
"115677","40.74698318","-74.00444794","8","Sophora","Good"
"134404","40.74883713","-73.98332746","12","Ohio buckeye","Good"
"152206","40.75284925","-73.9674618","9","honeylocust","Good"
"152154","40.75485264","-73.96474966","8","honeylocust","Good"
"90300","40.7440202","-73.99741792","7","honeylocust","Good"
"152148","40.75216603","-73.96584603","11","honeylocust","Fair"
"133579","40.74745746","-73.98538792","12","Sophora","Good"
"121433","40.72449073","-73.98771821","9","red maple","Good"
"123893","40.73748743","-73.99944451","19","Sophora","Fair"
"118689","40.74815824","-74.00146282","2","London planetree","Good"
"90294","40.74366762","-73.99658311","14","London planetree","Good"
"136980","40.72655075","-73.98828208","17","Sophora","Good"
"132789","40.75509162","-73.99815289","9","Callery pear","Good"
"136874","40.72619617","-73.98556214","11","Sophora","Good"
"143992","40.72345238","-73.99582124","3","sweetgum","Good"
"140336","40.74875616","-73.97545587","3","ginkgo","Good"
"102449","40.72822941","-73.98302779","5","sawtooth oak","Good"
"141193","40.72964522","-73.98478276","13","honeylocust","Good"
"152208","40.75292527","-73.96765309","11","honeylocust","Good"
"132790","40.75510938","-73.99819524","7","Callery pear","Good"
"90301","40.74404685","-73.99748103","10","Callery pear","Good"
"126152","40.74990317","-74.00531303","7","Sophora","Good"
"147715","40.74341418","-73.98200621","13","honeylocust","Good"
"152109","40.75319892","-73.96632964","3","ginkgo","Good"
"102965","40.72897756","-73.98414104","5","green ash","Good"
"136872","40.72593928","-73.98495318","14","green ash","Good"
"136823","40.72349891","-73.99002905","18","green ash","Good"
"118884","40.72449591","-73.99150508","5","Callery pear","Good"
"144244","40.75377238","-73.99340578","3","Sophora","Good"
"115047","40.73595572","-73.98772082","3","Sophora","Fair"
"151867","40.74948056","-73.98159848","11","Callery pear","Good"
"151869","40.74926004","-73.98175877","6","Callery pear","Good"
"95036","40.73871003","-74.00720177","10","Siberian elm","Good"
"121984","40.72869393","-73.98466033","8","Sophora","Good"
"141217","40.73004471","-73.98546876","4","sweetgum","Good"
"30043","40.73776861","-73.9955697","2","Siberian elm","Good"
"120652","40.74693471","-74.00773563","6","Callery pear","Good"
"153408","40.73812399","-74.00094868","5","Callery pear","Good"
"153412","40.73829216","-74.0013468","12","Callery pear","Good"
"123750","40.74811132","-74.0049743","4","sweetgum","Good"
"152115","40.75292466","-73.96566996","5","honeylocust","Good"
"132351","40.73119454","-73.98647203","13","Sophora","Good"
"123894","40.73743165","-73.99931187","12","green ash","Fair"
"132751","40.75492994","-73.99806008","9","ginkgo","Good"
"153416","40.73845527","-74.00173293","2","ginkgo","Good"
"152110","40.753166","-73.96625047","8","honeylocust","Good"
"134405","40.74880678","-73.98325549","10","Ohio buckeye","Good"
"133386","40.75859875","-73.97294621","9","cherry","Good"
"134335","40.73879469","-73.98501439","10","green ash","Fair"
"77758","40.74310013","-73.99279854","3","swamp white oak","Good"
"147654","40.74181223","-73.98317545","5","Callery pear","Good"
"153670","40.75124331","-73.98709582","9","ginkgo","Good"
"134406","40.74877909","-73.98318984","11","Ohio buckeye","Good"
"153411","40.73825725","-74.00126414","12","honeylocust","Fair"
"152149","40.75206798","-73.96561255","14","honeylocust","Good"
"144376","40.75510668","-73.99489673","8","honeylocust","Good"
"133914","40.75123388","-73.98239464","9","ginkgo","Good"
"73235","40.73213718","-73.98816972","2","swamp white oak","Good"
"148280","40.74310066","-73.98342424","18","Callery pear","Good"
"153410","40.73820421","-74.00113859","7","Callery pear","Good"
"133856","40.75122797","-73.98161728","3","American linden","Fair"
"137353","40.75399376","-73.99555094","4","swamp white oak","Good"
"137401","40.75450644","-73.99533386","14","Callery pear","Good"
"133789","40.75115979","-73.97813619","6","honeylocust","Good"
"13319","40.73537215","-74.00323599","4","paper birch","Good"
"115048","40.73592779","-73.98765453","13","shingle oak","Fair"
"136902","40.72445232","-73.99112565","4","cherry","Good"
"147656","40.74167725","-73.98327362","5","Callery pear","Good"
"131164","40.7556925","-73.99985089","9","honeylocust","Good"
"136467","40.72374395","-73.9876835","11","green ash","Poor"
"141194","40.72968563","-73.98487831","6","green ash","Good"
"153658","40.74027612","-73.97671411","6","white ash","Fair"
"126224","40.75052799","-74.00324176","3","swamp white oak","Good"
"144380","40.7547499","-73.99515664","4","pin oak","Good"
"90297","40.74391707","-73.99717373","9","pin oak","Good"
"123896","40.73735676","-73.99913376","13","common hackberry","Good"
"144102","40.72315387","-73.99402884","11","common hackberry","Good"
"100986","40.75007092","-74.00629554","3","maple","Good"
"133396","40.75831079","-73.97315784","6","flowering dogwood","Good"
"143988","40.72391059","-73.99537209","9","English oak","Good"
"137399","40.75428184","-73.99549639","4","pin oak","Good"
"100772","40.75146119","-74.00777969","2","common hackberry","Good"
"90380","40.74491582","-73.99739102","6","pin oak","Good"
"136828","40.72366508","-73.99058047","18","Japanese zelkova","Good"
"136735","40.72400382","-73.99032544","7","ash","Good"
"134495","40.73863717","-73.98655599","13","willow oak","Good"
"123745","40.74828429","-74.00538796","3","littleleaf linden","Fair"
"100749","40.74981411","-74.00702903","13","littleleaf linden","Fair"
"134399","40.73924264","-73.98502036","8","littleleaf linden","Good"
"141314","40.75605935","-73.99853013","7","littleleaf linden","Good"
"144256","40.75389459","-73.99339682","4","littleleaf linden","Fair"
"100747","40.74968997","-74.0067341","18","littleleaf linden","Good"
"140029","40.74773047","-73.9733038","9","littleleaf linden","Fair"
"90379","40.74487916","-73.99730386","3","pin oak","Good"
"132694","40.75460166","-74.00638257","13","Japanese zelkova","Good"
"90314","40.74453748","-73.99864271","13","Japanese zelkova","Good"
"141313","40.75601815","-73.99843223","6","littleleaf linden","Good"
"133397","40.7582926","-73.97317125","10","flowering dogwood","Good"
"112841","40.74620889","-74.00510603","6","dawn redwood","Good"
"153444","40.73863466","-74.00343645","6","littleleaf linden","Poor"
"115672","40.7467811","-74.00396802","14","littleleaf linden","Good"
"140028","40.74776922","-73.97339523","2","littleleaf linden","Fair"
"90376","40.7447976","-73.99710995","2","Japanese zelkova","Good"
"123620","40.74774816","-74.00626961","11","common hackberry","Good"
"132693","40.75454643","-74.00642278","13","Japanese zelkova","Good"
"120654","40.74713484","-74.0076994","10","Japanese zelkova","Good"
"130899","40.75373018","-73.99935375","6",,
"133621","40.75103175","-73.97922264","0",,
"90315","40.74456999","-73.9987197","4","Japanese zelkova","Good"
"133387","40.75858794","-73.97295405","3","hawthorn","Good"
"133388","40.75857192","-73.97300482","5","hawthorn","Good"
"130901","40.75356304","-73.99896719","7",,
"120653","40.74698094","-74.00772726","12","Japanese zelkova","Good"
"90383","40.74500402","-73.99760072","2","Japanese zelkova","Good"
"103245","40.72626988","-73.98348383","13","common hackberry","Good"
"102322","40.7251203","-73.9759249","4","black oak","Fair"
"130898","40.75376436","-73.99943282","4",,
"136791","40.73661956","-73.98747745","8","littleleaf linden","Good"
"140031","40.74760299","-73.97300306","6","littleleaf linden","Fair"
"90309","40.74433414","-73.99816125","3","Japanese zelkova","Good"
"133618","40.75120514","-73.97963189","5","Japanese zelkova","Good"
"152213","40.75323734","-73.96840861","9","littleleaf linden","Good"
"121971","40.72919061","-73.98429376","7","littleleaf linden","Fair"
"118888","40.72432576","-73.99110353","2",,
"90346","40.7448495","-73.99766818","4","littleleaf linden","Good"
"151880","40.74810613","-73.98400206","12","littleleaf linden","Good"
"153657","40.7402269","-73.97659649","2",,
"131050","40.75390817","-73.99729833","5","Japanese zelkova","Good"
"132695","40.75508913","-74.0060277","8",,
"90302","40.74411988","-73.99765392","5","black oak","Good"
"152796","40.72349964","-73.98105902","10","littleleaf linden","Poor"
"131036","40.7534645","-73.99674546","0",,
"136619","40.7272208","-73.98825583","12","maple","Poor"
"133619","40.75108519","-73.97934876","5",,
"133620","40.75105954","-73.97928822","5","Japanese zelkova","Poor"
"13318","40.73544201","-74.00325518","10","paper birch","Good"
"131079","40.75437484","-73.99842951","4",,
"136553","40.72577781","-73.98482918","4","American linden","Fair"
"73420","40.72882655","-73.99939334","12","honeylocust","Fair"
"144105","40.72339242","-73.99393154","3","English oak","Good"
"90385","40.74514509","-73.99793612","5","Japanese zelkova","Good"
"118686","40.74823985","-74.00165753","2","London planetree","Good"
"112862","40.7456333","-74.00343556","15","London planetree","Good"
"141199","40.72991369","-73.98541755","11","London planetree","Good"
"115043","40.7361185","-73.98810718","2","pin oak","Good"
"123928","40.72987446","-73.98845832","0",,
"90345","40.74491862","-73.99783238","3","ginkgo","Fair"
"118688","40.74818977","-74.00153805","2","London planetree","Good"
"132705","40.75584171","-74.00547983","8","American elm","Good"
"151877","40.74791842","-73.98355663","6","American elm","Fair"
"90349","40.74463101","-73.99714908","6","honeylocust","Good"
"137615","40.75544322","-73.99866848","6","London planetree","Good"
"123098","40.75992338","-73.96761102","6","honeylocust","Good"
"152111","40.75311465","-73.96612695","13","willow oak","Fair"
"152118","40.75275771","-73.9652684","11","willow oak","Good"
"133575","40.7464476","-73.986128","3","willow oak","Fair"
"137616","40.75565901","-73.99851036","7","London planetree","Good"
"153446","40.73841246","-74.00369441","8","ginkgo","Good"
"90344","40.74495795","-73.99792584","4","ginkgo","Poor"
"133664","40.7523692","-73.98156543","3","honeylocust","Good"
"152114","40.75297891","-73.96580044","12","willow oak","Good"
"134556","40.73873512","-73.9853889","11","ginkgo","Good"
"152218","40.75351523","-73.96906359","5","honeylocust","Good"
"134559","40.73852702","-73.98553993","12","ginkgo","Good"
"131078","40.75410764","-73.99779066","3","honeylocust","Good"
"130900","40.75366452","-73.99920188","7","American elm","Good"
"134558","40.73860055","-73.98548656","4","ginkgo","Good"
"151878","40.74798494","-73.98371447","5","American elm","Good"
"152719","40.72313265","-73.98045014","18","white ash","Good"
"144379","40.75481712","-73.99510767","5","honeylocust","Good"
"153654","40.75133106","-73.98680458","8","ginkgo","Good"
"118392","40.74802394","-74.0030612","2","littleleaf linden","Good"
"102344","40.72815087","-73.98124305","6","'Schubert' chokecherry","Good"
"147689","40.74301598","-73.98229755","9","honeylocust","Fair"
"131025","40.75385315","-73.99766554","4","American elm","Good"
"133379","40.75890284","-73.97272581","4","hawthorn","Good"
"152212","40.75317048","-73.96825101","3","littleleaf linden","Fair"
"123905","40.73686965","-73.99797541","12","honeylocust","Good"
"152131","40.75304869","-73.96632422","10","ginkgo","Fair"
"118390","40.74813759","-74.00333241","11","honeylocust","Good"
"134557","40.73868081","-73.98542831","11","ginkgo","Good"
"126191","40.74996348","-74.00353155","2","American hophornbeam","Good"
"152116","40.75287831","-73.96555849","6","honeylocust","Fair"
"141203","40.73012974","-73.98592842","14","honeylocust","Good"
"133665","40.7522714","-73.98163566","3","honeylocust","Good"
"151879","40.74804813","-73.98386442","2","American linden","Good"
"133577","40.75228795","-73.984142","7","ginkgo","Good"
"133578","40.75226063","-73.98407774","6","ginkgo","Good"
"73046","40.73616282","-73.99629239","4","'Schubert' chokecherry","Good"
"152112","40.7530712","-73.96602245","14","willow oak","Fair"
"153679","40.75159938","-73.98748526","7","ginkgo","Fair"
"137400","40.75437563","-73.99542852","11","honeylocust","Good"
"134560","40.73847512","-73.9855776","6","ginkgo","Fair"
"152117","40.75282512","-73.96543054","11","willow oak","Good"
"152119","40.75268924","-73.96510372","10","willow oak","Good"
"123097","40.75986335","-73.96765473","6","honeylocust","Good"
"131160","40.75540245","-73.99917092","6","honeylocust","Good"
"134561","40.73840495","-73.98562852","13","ginkgo","Good"
"153445","40.73856882","-74.00351288","8","littleleaf linden","Poor"
"152216","40.7534144","-73.96882593","3","American linden","Good"
"134132","40.75003884","-73.97876304","6","ginkgo","Good"
"134134","40.74994814","-73.97854896","6","ginkgo","Good"
"134199","40.74985589","-73.98026281","11","honeylocust","Poor"
"133376","40.75892207","-73.97271187","5","hawthorn","Good"
"134562","40.7383444","-73.98567247","7","ginkgo","Good"
"152219","40.75355348","-73.96915374","4","honeylocust","Good"
"139531","40.74185052","-73.98428626","4","swamp white oak","Good"
"152795","40.72353263","-73.98113729","11","littleleaf linden","Good"
"100755","40.75009775","-74.0077029","8","littleleaf linden","Good"
"133855","40.75116838","-73.98147584","3","littleleaf linden","Fair"
"73240","40.73483913","-73.99314251","7","flowering dogwood","Fair"
"73363","40.73564413","-73.99703545","10","green ash","Good"
"136292","40.72304621","-73.98778136","11","green ash","Good"
"153666","40.74050658","-73.97738073","18","white ash","Good"
"131161","40.75544945","-73.9992811","16","Callery pear","Good"
"137398","40.75421114","-73.99554754","10","Callery pear","Good"
"153409","40.7381637","-74.00104269","8","Callery pear","Good"
"136978","40.72610837","-73.98723323","18","Callery pear","Good"
"132023","40.73165041","-73.98821088","11","Callery pear","Fair"
"136728","40.72531863","-73.99141845","9","Callery pear","Good"
"133695","40.75074979","-73.97886297","4","Callery pear","Good"
"143937","40.72460322","-73.99439307","0",,
"144266","40.75510671","-73.99465687","4",,
"144162","40.72399264","-73.99442762","7","Japanese zelkova","Good"
"126157","40.73566992","-73.99373177","3","honeylocust","Fair"
"144323","40.75541483","-73.99347187","3","ginkgo","Good"
"126325","40.73038989","-73.98815089","9","ginkgo","Good"
"151871","40.74913032","-73.98185306","0",,
"134139","40.74972305","-73.9780177","2","ginkgo","Good"
"136612","40.72646363","-73.98646363","12","maple","Poor"
"49101","40.73878697","-74.00570913","4","Amur maackia","Fair"
"134219","40.74672831","-73.98567917","12","ginkgo","Good"
"134194","40.75006884","-73.98077855","4","honeylocust","Fair"
"134135","40.74989604","-73.978426","3","ginkgo","Good"
"126195","40.75046861","-74.00473558","6","Japanese zelkova","Poor"
"134006","40.74929269","-73.98639719","5","Japanese zelkova","Good"
"90311","40.74442901","-73.99838589","9",,
"90313","40.74451083","-73.99857961","11","Japanese zelkova","Good"
"159553","40.74914454","-74.00569006","6","pin oak","Good"
"90348","40.74472218","-73.99736569","4","pin oak","Good"
"151872","40.74867617","-73.98218574","10","ginkgo","Good"
"149572","40.75256878","-73.99415684","8","Japanese zelkova","Good"
"147808","40.75619127","-73.99692801","7","honeylocust","Good"
"137550","40.75531497","-73.9970625","5","ginkgo","Good"
"129911","40.73090862","-74.00585978","0",,
"121521","40.72425929","-73.97882173","4","pin oak","Good"
"139310","40.74081038","-73.98402716","4","Japanese zelkova","Fair"
"151876","40.74780813","-73.98329493","9","Japanese zelkova","Good"
"118391","40.74809282","-74.00322557","10","honeylocust","Good"
"134143","40.74957103","-73.97765891","6","honeylocust","Good"
"134218","40.74682917","-73.98560504","3","ginkgo","Good"
"134193","40.7501283","-73.98092255","5","honeylocust","Fair"
"136740","40.72340793","-73.98892568","11","green ash","Good"
"134201","40.74968171","-73.97984096","5","honeylocust","Good"
"129906","40.73096982","-74.00650497","11","honeylocust","Good"
"152198","40.75496802","-73.96473311","6","ginkgo","Good"
"140063","40.74785357","-73.97331226","13","honeylocust","Fair"
"128810","40.73104768","-74.00730592","3","English oak","Fair"
"137551","40.75541118","-73.99729033","7","pin oak","Good"
"134140","40.74967603","-73.97790672","11","ginkgo","Good"
"100854","40.75218426","-74.00752488","10","Japanese zelkova","Good"
"134010","40.74959979","-73.98712658","8","Japanese zelkova","Good"
"118393","40.74797254","-74.00293856","16","Japanese zelkova","Good"
"151873","40.74860098","-73.98223965","8","ginkgo","Good"
"151874","40.74852917","-73.98229114","9","ginkgo","Good"
"131435","40.75889395","-74.00326819","2","common hackberry","Good"
"136615","40.7266915","-73.98700299","4","'Schubert' chokecherry","Fair"
"133389","40.75855933","-73.97297479","4","hawthorn","Good"
"133390","40.75854106","-73.97298803","5","hawthorn","Good"
"134148","40.74930785","-73.98193257","0",,
"126194","40.75045217","-74.0046964","6","Japanese zelkova","Good"
"134149","40.74924644","-73.98197747","0",,
"134005","40.74919697","-73.98616986","5","Japanese zelkova","Good"
"149573","40.75250631","-73.9940076","6","Japanese zelkova","Good"
"152215","40.75336198","-73.96870238","3","American linden","Good"
"152217","40.7534719","-73.96896147","7","honeylocust","Good"
"134133","40.74999997","-73.97867129","6","ginkgo","Good"
"133576","40.75245968","-73.98454587","3",,
"131426","40.75990426","-74.0025426","6","Japanese zelkova","Good"
"134198","40.74988392","-73.98033069","10","honeylocust","Fair"
"152197","40.75493659","-73.96465864","2","ginkgo","Good"
"152199","40.75501598","-73.96484673","11","ginkgo","Good"
"159554","40.74903603","-74.00543615","4","pin oak","Good"
"129909","40.73092934","-74.00607818","8","Japanese zelkova","Good"
"147657","40.74161913","-73.98331589","0",,
"134282","40.73939798","-73.98288171","11","honeylocust","Good"
"134197","40.74993159","-73.98044614","10","honeylocust","Fair"
"134011","40.74968195","-73.98732171","7","Japanese zelkova","Good"
"134007","40.74934082","-73.9865115","4","Japanese zelkova","Good"
"134008","40.74936448","-73.9865677","3","Japanese zelkova","Good"
"102402","40.72740622","-73.98133958","3","'Schubert' chokecherry","Fair"
"132793","40.75520163","-73.99841523","4","Japanese zelkova","Good"
"143989","40.72379525","-73.99543019","6",,
"139309","40.74086358","-73.98415343","4","Japanese zelkova","Good"
"133380","40.75887423","-73.97274655","3","hawthorn","Good"
"133382","40.75888442","-73.97277832","4","hawthorn","Good"
"144078","40.72329527","-73.99543699","3","'Schubert' chokecherry","Good"
"134138","40.74975337","-73.97808927","3","ginkgo","Good"
"134195","40.74998476","-73.98057492","4","honeylocust","Fair"
"137553","40.75557029","-73.9976671","7","ginkgo","Good"
"129915","40.73085415","-74.00528548","14","honeylocust","Good"
"134137","40.74979425","-73.97818575","9","ginkgo","Good"
"134136","40.74983967","-73.97829295","14","ginkgo","Good"
"133997","40.74997854","-73.97942966","8","honeylocust","Good"
"147701","40.75609279","-73.99698974","6","American linden","Good"
"131428","40.75979152","-74.00262357","8","honeylocust","Good"
"102986","40.73017836","-73.9832651","10","littleleaf linden","Good"
"100757","40.75027744","-74.00812984","13","littleleaf linden","Good"
"152214","40.75328441","-73.96851956","7","littleleaf linden","Good"
"144160","40.72421699","-73.99432884","5","littleleaf linden","Good"
"134463","40.74931741","-73.97899098","11","American elm","Fair"
"134291","40.74937854","-73.97884506","5","littleleaf linden","Fair"
"131080","40.75441187","-73.99851806","10","littleleaf linden","Good"
"100753","40.75003102","-74.00754438","8","littleleaf linden","Good"
"153659","40.7403035","-73.97677956","4","white ash","Fair"
"153660","40.74033023","-73.97684342","5","white ash","Good"
"160886","40.73700891","-74.00093317","7","littleleaf linden","Poor"
"100754","40.75006452","-74.00762396","7","littleleaf linden","Good"
"102289","40.7256636","-73.97780158","4","cherry","Good"
"147802","40.75547838","-73.99523482","2",,
"147704","40.75541799","-73.99538929","0",,
"134289","40.74907022","-73.97811162","0",,
"154914","40.72441668","-73.97459662","10","Japanese zelkova","Good"
"130902","40.7535313","-73.99889377","9","American elm","Fair"
"136908","40.72484135","-73.99205","4","Callery pear","Good"
"147655","40.74174546","-73.98322401","5","Callery pear","Good"
"133917","40.75103529","-73.98253695","6","Callery pear","Fair"
"134187","40.74945043","-73.9776079","5","Callery pear","Good"
"123932","40.72991568","-73.98777927","16","Callery pear","Fair"
"133960","40.75088786","-73.98240864","4","Callery pear","Poor"
"133701","40.75037492","-73.9791381","6","Callery pear","Good"
"131440","40.75840397","-74.00362008","6","honeylocust","Good"
"131442","40.75824305","-74.00373564","6","honeylocust","Good"
"133916","40.75109602","-73.98249343","4","Callery pear","Good"
"131159","40.75533128","-73.99900408","15","Callery pear","Good"
"134094","40.7498054","-73.97986731","8","honeylocust","Fair"
"133919","40.75001408","-73.97719771","8","Callery pear","Good"
"133996","40.75004468","-73.97938109","11","Callery pear","Fair"
"90293","40.74361565","-73.99646007","11","littleleaf linden","Good"
"160885","40.73699004","-74.00098635","10","littleleaf linden","Good"
"132756","40.7546212","-73.99732688","5","Callery pear","Good"
"112869","40.74525584","-74.00252728","4","cherry","Good"
"134142","40.74961551","-73.9777639","9","silver linden","Fair"
"154913","40.72450608","-73.97460786","7","London planetree","Poor"
"123904","40.73692436","-73.99810552","18","London planetree","Fair"
"147698","40.75629269","-73.99746388","6","Callery pear","Good"
"100752","40.74999753","-74.00746481","9","littleleaf linden","Fair"
"147806","40.7560187","-73.99651813","15","Callery pear","Good"
"140068","40.74817975","-73.97323802","9","Callery pear","Good"
"134292","40.74940908","-73.97891771","7","littleleaf linden","Poor"
"134290","40.74935809","-73.97879642","14","American elm","Good"
"134141","40.74964797","-73.97784051","11","silver linden","Fair"
"133995","40.75011273","-73.97933111","12","American elm","Good"
"133991","40.74981572","-73.9779789","11","London planetree","Good"
"133699","40.75046199","-73.97907369","5","Callery pear","Good"
"152113","40.75302064","-73.96590083","15","willow oak","Fair"
"136901","40.72442176","-73.99105304","5","green ash","Good"
"134147","40.74936974","-73.98188731","12","Callery pear","Good"
"152730","40.7235083","-73.98133925","15","white ash","Fair"
"123930","40.72990354","-73.98797925","14","Callery pear","Good"
"147695","40.75634859","-73.99759647","8","Callery pear","Good"
"133647","40.75400695","-73.98237045","15","London planetree","Fair"
"133646","40.75386335","-73.9820286","7","American elm","Good"
"134189","40.74924195","-73.97776025","4","Callery pear","Good"
"151967","40.75104878","-73.96795664","17","London planetree","Good"
"118126","40.74712807","-74.0026464","20","London planetree","Good"
"159550","40.74923544","-74.00590276","2","pin oak","Good"
"147690","40.74308952","-73.98224422","10","Callery pear","Good"
"90347","40.74477083","-73.99748125","5","pin oak","Good"
"159551","40.74920398","-74.00582913","7","pin oak","Good"
"148080","40.74348021","-73.98242172","11","pin oak","Good"
"120673","40.74624164","-74.00535066","4","London planetree","Good"
"120709","40.74694709","-74.00483253","11","honeylocust","Good"
"159552","40.74917386","-74.00575866","5","pin oak","Good"
"147705","40.75537113","-73.99527817","0",,
"161704","40.73830532","-74.00978865","11","Japanese zelkova","Good"
"144260","40.75364438","-73.99280337","3","American elm","Good"
"132777","40.7542521","-73.99615107","5",,
"133998","40.74991623","-73.97947542","12","Chinese elm","Good"
"147803","40.75551242","-73.99531566","4",,
"162094","40.74563529","-73.98439495","0",,
"135920","40.7594405","-73.99575692","2","Japanese zelkova","Fair"
"161709","40.73781873","-74.00969957","9","Japanese zelkova","Good"
"132775","40.75418901","-73.99600062","2",,
"129907","40.73095657","-74.00636533","4","honeylocust","Good"
"161711","40.73768089","-74.00969444","9","Japanese zelkova","Good"
"160884","40.73693712","-74.00102532","4","Japanese zelkova","Fair"
"140062","40.74780031","-73.97318437","10","honeylocust","Good"
"131431","40.75933045","-74.00295471","6","honeylocust","Good"
"102368","40.72763204","-73.97925936","6","Callery pear","Good"
"131119","40.75494055","-73.99903036","14","Callery pear","Good"
"153417","40.73851097","-74.0018648","7","ginkgo","Good"
"153419","40.73856668","-74.00199666","2","honeylocust","Good"
"133854","40.75046858","-73.97759551","9","honeylocust","Good"
"161705","40.73807018","-74.00974553","8","Japanese zelkova","Good"
"161710","40.73775015","-74.00969102","7","Japanese zelkova","Good"
"140061","40.74774731","-73.97305712","10","honeylocust","Good"
"151966","40.75092645","-73.96804832","18","London planetree","Good"
"133853","40.75049552","-73.97765923","9","honeylocust","Good"
"147926","40.74420235","-73.98248817","15","honeylocust","Good"
"140405","40.74966554","-73.97509455","12","honeylocust","Good"
"133896","40.75101726","-73.98656567","9","ginkgo","Good"
"147691","40.74319431","-73.98216823","11","London planetree","Good"
"134200","40.74973121","-73.97996086","7","honeylocust","Fair"
"162093","40.74555731","-73.98445117","10","honeylocust","Good"
"147702","40.75606004","-73.99691208","4","honeylocust","Good"
"153418","40.73853443","-74.00192032","8","honeylocust","Good"
"134097","40.75003913","-73.98042323","11","honeylocust","Fair"
"158968","40.72533048","-74.00397422","11","littleleaf linden","Good"
"134095","40.74987472","-73.98003219","7","honeylocust","Fair"
"151965","40.75088472","-73.96807959","20","London planetree","Good"
"131439","40.75859138","-74.00348548","6","honeylocust","Good"
"134037","40.75037206","-73.97872968","9","ginkgo","Fair"
"168197","40.72653552","-73.97900781","9","honeylocust","Good"
"164017","40.72475756","-73.98134626","3","honeylocust","Good"
"164019","40.72468648","-73.98139946","7","honeylocust","Good"
"134038","40.75040806","-73.97870342","8","ginkgo","Good"
"120666","40.74649032","-74.00547403","4","ginkgo","Good"
"149017","40.74843276","-73.99032241","4","honeylocust","Good"
"134041","40.75054341","-73.97860464","9","ginkgo","Good"
"148078","40.74337517","-73.98217313","6","honeylocust","Good"
"162126","40.74679464","-73.98376268","4","American linden","Good"
"168194","40.72663651","-73.97924731","11","honeylocust","Good"
"131432","40.75928709","-74.00298585","5","honeylocust","Good"
"140406","40.74980884","-73.97498933","9","honeylocust","Good"
"137599","40.75531729","-73.99845161","5","ginkgo","Good"
"168192","40.72675054","-73.97951775","3","honeylocust","Good"
"134039","40.75045366","-73.97867014","7","ginkgo","Fair"
"134040","40.75049973","-73.97863652","8","ginkgo","Good"
"133895","40.7510239","-73.98658146","8","ginkgo","Good"
"133897","40.75101089","-73.98655051","6","ginkgo","Good"
"134096","40.7499289","-73.98016106","9","honeylocust","Good"
"151964","40.75080602","-73.96813856","18","London planetree","Good"
"134098","40.75009543","-73.98055715","11","honeylocust","Good"
"162125","40.74685684","-73.98371741","6","honeylocust","Good"
"129914","40.73086522","-74.00540221","12","honeylocust","Good"
"131436","40.75882794","-74.0033156","6","honeylocust","Good"
"140196","40.74868844","-73.97365331","6","American linden","Good"
"120667","40.74644945","-74.00537756","4","ginkgo","Good"
"13196","40.72961766","-74.00286587","1","Japanese tree lilac","Good"
"137423","40.75443567","-73.99568281","4","willow oak","Good"
"134035","40.75026166","-73.97881024","9","ginkgo","Poor"
"168195","40.72660019","-73.97916117","6","honeylocust","Good"
"162122","40.7470062","-73.98360868","4","American linden","Good"
"168198","40.72647538","-73.97886517","11","honeylocust","Good"
"162123","40.74695505","-73.98364591","5","American linden","Fair"
"148079","40.74344422","-73.98233654","8","honeylocust","Good"
"149016","40.74836814","-73.99017062","4","honeylocust","Good"
"140197","40.74872168","-73.97373224","9","American linden","Good"
"140194","40.74862117","-73.97349354","5","American linden","Good"
"164018","40.72472202","-73.98137286","8","honeylocust","Good"
"134036","40.75033894","-73.97875385","8","ginkgo","Good"
"140195","40.74865254","-73.97356806","4","American linden","Fair"
"134034","40.74906275","-73.98028854","3","honeylocust","Fair"
"147807","40.75608757","-73.9966817","14","Callery pear","Good"
"134146","40.74943163","-73.98184205","18","Callery pear","Good"
"137552","40.75552231","-73.9975535","5","Callery pear","Good"
"133700","40.75041845","-73.97910589","5","Callery pear","Fair"
"140206","40.74874472","-73.9731375","6","honeylocust","Good"
"147696","40.75632251","-73.99753459","5","Callery pear","Good"
"134144","40.74955061","-73.98175505","5","Callery pear","Good"
"137554","40.75561772","-73.99777944","15","Callery pear","Good"
"134000","40.7497921","-73.97956658","9","Callery pear","Fair"
"137600","40.75528324","-73.99847654","4","ginkgo","Fair"
"132780","40.7543661","-73.99642288","5","Callery pear","Good"
"168191","40.72679432","-73.97962157","3","honeylocust","Good"
"162124","40.74690558","-73.98368192","4","American linden","Good"
"137597","40.75560271","-73.99824277","4","London planetree","Good"
"148007","40.75569408","-73.99476884","5","honeylocust","Good"
"132776","40.75421843","-73.99607079","5","Callery pear","Fair"
"149019","40.74849202","-73.9904616","5","honeylocust","Good"
"148082","40.74367268","-73.98287725","8","pin oak","Good"
"149569","40.75297006","-73.99511556","4","Callery pear","Fair"
"133999","40.74985057","-73.97952364","8","Callery pear","Fair"
"151866","40.74988782","-73.98150841","9","Callery pear","Good"
"135919","40.75947023","-73.99573513","8","Callery pear","Good"
"140067","40.74811453","-73.97328428","9","Callery pear","Fair"
"132779","40.75431705","-73.99630593","5","Callery pear","Poor"
"130101","40.73259995","-74.00636807","11","honeylocust","Good"
"153354","40.7381025","-74.00062851","6","honeylocust","Good"
"136842","40.73609611","-73.98779016","0",,
"134042","40.75058757","-73.97857242","10","ginkgo","Good"
"148009","40.75544213","-73.99494835","7","Callery pear","Poor"
"149018","40.74846252","-73.99039232","4","honeylocust","Good"
"162092","40.74532819","-73.98461636","5","Callery pear","Fair"
"13082","40.72990917","-74.00230438","10","black walnut","Good"
"13083","40.72985857","-74.0022746","9","black walnut","Poor"
"33991","40.7319371","-73.99362596","9","Siberian elm","Fair"
"95042","40.73871076","-74.00783687","8","Siberian elm","Good"
"73484","40.73517838","-73.99765387","23","black walnut","Good"
"81974","40.74295643","-73.99708008","4","honeylocust","Good"
"107905","40.74796832","-74.00009322","7","Sophora","Good"
"126289","40.75056626","-74.0022181","2","Sophora","Good"
"73487","40.73507943","-73.9974182","16","black walnut","Good"
"131037","40.75342931","-73.99666217","15","honeylocust","Good"
"151870","40.74920287","-73.98180033","11","Callery pear","Good"
"137555","40.75563904","-73.99782993","12","Callery pear","Good"
"147697","40.756306","-73.99749545","8","Callery pear","Good"
"148005","40.75579544","-73.99469662","9","ginkgo","Good"
"132778","40.75428392","-73.99622692","3","Callery pear","Good"
"147658","40.74155861","-73.98335991","9","Callery pear","Fair"
"149571","40.75288324","-73.99490813","8","honeylocust","Good"
"141222","40.7297788","-73.98483869","14","honeylocust","Good"
"123749","40.74814041","-74.00504388","7","golden raintree","Good"
"140254","40.7489305","-73.97395436","11","American linden","Good"
"133795","40.75149831","-73.98609646","7","ginkgo","Good"
"90307","40.7442963","-73.99807165","11","American linden","Good"
"137556","40.75566143","-73.99788294","12","Callery pear","Good"
"103253","40.72781079","-73.98383599","19","Kentucky coffeetree","Good"
"34158","40.73368178","-73.9977867","14","Siberian elm","Fair"
"151865","40.75008239","-73.98136697","5","Callery pear","Good"
"137557","40.75568275","-73.99793343","13","Callery pear","Good"
"135921","40.75939782","-73.99578819","6","Callery pear","Good"
"135923","40.75927219","-73.99588026","6","Callery pear","Good"
"149567","40.75306402","-73.99534006","4","Callery pear","Good"
"149568","40.75303305","-73.99526607","10","Callery pear","Good"
"140207","40.74879038","-73.97310438","6","honeylocust","Good"
"103246","40.72811975","-73.98457038","3","Kentucky coffeetree","Fair"
"131049","40.75383415","-73.99712448","4","Callery pear","Good"
"154896","40.7238771","-73.97577899","4","American linden","Good"
"133378","40.75891543","-73.97275585","6","hawthorn","Good"
"120815","40.74785394","-74.00677723","11","ginkgo","Good"
"102809","40.72770935","-73.97820525","2","Kentucky coffeetree","Good"
"123599","40.72904779","-73.99011143","8","sawtooth oak","Good"
"120641","40.74664712","-74.00738126","4","tulip-poplar","Poor"
"163992","40.72353905","-73.9795356","4","honeylocust","Good"
"140178","40.74748223","-73.97243066","3","cherry","Fair"
"158969","40.72432596","-74.0043448","8","Callery pear","Good"
"168190","40.72682572","-73.97969604","0",,
"168201","40.72639328","-73.97867047","5","Callery pear","Poor"
"139380","40.74053474","-73.98342545","7","Callery pear","Good"
"81971","40.74320803","-73.9976782","10","Callery pear","Good"
"137452","40.75492305","-73.99613444","10","Callery pear","Good"
"137448","40.75478712","-73.99581258","4",,
"164002","40.72406647","-73.98078686","16","honeylocust","Good"
"118934","40.73508543","-73.98947074","8","Kentucky coffeetree","Fair"
"132202","40.73740787","-73.99897218","4","sawtooth oak","Good"
"136024","40.75989671","-73.99880884","15","pin oak","Poor"
"167210","40.73440039","-73.98193604","9","honeylocust","Good"
"135925","40.75916429","-73.99595933","4","Callery pear","Good"
"153663","40.74042364","-73.97706664","8","white ash","Good"
"153219","40.73920773","-74.00259208","5","black oak","Good"
"132699","40.75537345","-74.00582072","8","common hackberry","Good"
"132706","40.75596274","-74.00539172","2","common hackberry","Good"
"84673","40.73346404","-73.98073259","3","shingle oak","Fair"
"120639","40.74656711","-74.00719116","4","tulip-poplar","Good"
"120640","40.74660034","-74.0072701","3","tulip-poplar","Fair"
"126317","40.73001194","-73.9872547","2","sawtooth oak","Good"
"118935","40.73505844","-73.98940624","4","Kentucky coffeetree","Fair"
"168199","40.72645622","-73.97881973","5","Callery pear","Good"
"135922","40.75934028","-73.99583036","4","American elm","Good"
"152720","40.72316703","-73.98053151","10","silver linden","Good"
"131434","40.75908185","-74.00313325","3","common hackberry","Good"
"102452","40.72834399","-73.98329825","17","Kentucky coffeetree","Good"
"133834","40.75123682","-73.98658022","8","ginkgo","Good"
"148006","40.75574717","-73.99473101","12","Callery pear","Good"
"134217","40.74736224","-73.98521478","5","Japanese zelkova","Fair"
"152807","40.72301944","-73.9799198","10","pin oak","Good"
"133833","40.75125264","-73.98656862","6","ginkgo","Good"
"152806","40.7230628","-73.98002268","9","pin oak","Good"
"152201","40.75508925","-73.96502029","6","silver linden","Good"
"137596","40.75566027","-73.99820064","14","Callery pear","Good"
"137453","40.75496036","-73.99622279","9","Callery pear","Good"
"131162","40.75548839","-73.99937239","16","Callery pear","Good"
"128809","40.73106064","-74.00744196","9","littleleaf linden","Poor"
"151981","40.75170986","-73.96773465","5","cherry","Good"
"120817","40.7479155","-74.00692383","14","Callery pear","Good"
"160859","40.73646797","-74.00185989","12","Callery pear","Good"
"134293","40.74950389","-73.97914324","7","littleleaf linden","Poor"
"154915","40.72434709","-73.97454368","3","Japanese zelkova","Fair"
"147944","40.75694736","-73.99711506","5",,
"152200","40.75504902","-73.96492499","5","Callery pear","Good"
"140407","40.74990374","-73.97491965","0",,
"134408","40.73992953","-73.98385195","3","sawtooth oak","Good"
"89611","40.74236817","-73.98196761","3","serviceberry","Good"
"152800","40.72326685","-73.98050677","7","pin oak","Good"
"163998","40.72389767","-73.98038639","4","English oak","Good"
"131163","40.75558239","-73.99959275","18","Callery pear","Good"
"139383","40.74030931","-73.98282064","8","Callery pear","Good"
"123897","40.73727442","-73.99893796","21","Kentucky coffeetree","Fair"
"102896","40.72931782","-73.98586774","1","Japanese maple","Good"
"140334","40.74927951","-73.97478163","6","Callery pear","Fair"
"147737","40.74415389","-73.98146805","16","Callery pear","Good"
"139381","40.74050065","-73.98334467","9","Callery pear","Good"
"149566","40.75323792","-73.99575556","12","Callery pear","Good"
"168200","40.72642574","-73.97874747","7","Callery pear","Good"
"134004","40.74897176","-73.98563498","9","Callery pear","Good"
"134093","40.74974511","-73.97972391","11","Callery pear","Fair"
"164164","40.72457891","-73.97992852","8","Callery pear","Good"
"103181","40.72901038","-73.98487861","10","black locust","Fair"
"69219","40.72334782","-73.97907916","10","black locust","Good"
"73051","40.73643866","-73.99694704","5","golden raintree","Good"
"133801","40.75143248","-73.98178502","4","Callery pear","Good"
"131445","40.757596","-74.00420032","6","honeylocust","Good"
"133836","40.7512071","-73.98660203","3","ginkgo","Good"
"133800","40.75146598","-73.9818646","5","Callery pear","Good"
"164163","40.72445319","-73.9796299","9","Callery pear","Good"
"73054","40.73654134","-73.99719072","5","golden raintree","Good"
"123751","40.74807958","-74.0048984","6","golden raintree","Good"
"164171","40.72485786","-73.98059111","16","Callery pear","Good"
"133799","40.75149975","-73.9819448","5","Callery pear","Good"
"139379","40.7405683","-73.98350497","6","Callery pear","Good"
"73040","40.73578748","-73.99540164","15","black locust","Good"
"98902","40.74383838","-73.98385379","3","black locust","Good"
"137451","40.7548892","-73.99605429","11","Callery pear","Good"
"99047","40.74408873","-73.98412442","3","black locust","Fair"
"131427","40.75984259","-74.00258689","2","common hackberry","Good"
"132701","40.75554539","-74.00569555","3","common hackberry","Good"
"131444","40.75765863","-74.00415534","6","honeylocust","Good"
"168405","40.72550825","-73.9759996","3","honeylocust","Good"
"136750","40.72589116","-73.98352857","2","Norway maple","Fair"
"137425","40.75363219","-73.99626721","9","honeylocust","Good"
"103337","40.72696688","-73.97816901","2","golden raintree","Good"
"131447","40.75737197","-74.00436121","5","honeylocust","Good"
"152804","40.72313477","-73.98019341","10","honeylocust","Fair"
"98903","40.74378361","-73.98389359","3","black locust","Good"
"133832","40.7512699","-73.98655596","7","ginkgo","Good"
"161908","40.72791804","-73.97920222","2","honeylocust","Good"
"103217","40.72734774","-73.98303041","18","black locust","Good"
"102892","40.72921359","-73.98562151","11","black locust","Good"
"174606","40.75010353","-73.97067181","6","ginkgo","Good"
"174612","40.75039288","-73.97129","4","honeylocust","Fair"
"160713","40.72822878","-73.98780352","16","honeylocust","Good"
"73041","40.73582818","-73.99549822","12","black locust","Good"
"102436","40.72810815","-73.98214263","12","black locust","Good"
"174617","40.75039725","-73.97137134","4","honeylocust","Fair"
"136846","40.72458421","-73.98448429","9","honeylocust","Good"
"137424","40.75371628","-73.99620613","8","honeylocust","Good"
"164098","40.72370053","-73.97923055","15","honeylocust","Good"
"164097","40.72362741","-73.97928338","9","honeylocust","Good"
"164099","40.72376403","-73.97918466","4","honeylocust","Good"
"164065","40.72370598","-73.9796447","13","honeylocust","Good"
"73047","40.73620166","-73.99638456","9","black locust","Good"
"162134","40.74632179","-73.98410708","6","honeylocust","Good"
"153174","40.73951562","-74.00219868","6","ginkgo","Fair"
"134464","40.74925988","-73.97885464","8","black locust","Fair"
"164169","40.72478597","-73.98042033","8","American linden","Fair"
"167211","40.73444579","-73.98204364","12","ginkgo","Good"
"164101","40.72393095","-73.97906404","13","honeylocust","Good"
"102437","40.72800725","-73.98221593","14","black locust","Good"
"136869","40.7258147","-73.98465785","3","golden raintree","Good"
"103399","40.72772928","-73.97997905","3","black locust","Good"
"154895","40.72381638","-73.9758233","4","American linden","Fair"
"152801","40.72323293","-73.9804263","12","honeylocust","Fair"
"131443","40.75777089","-74.00407472","5","honeylocust","Good"
"133835","40.75122196","-73.98659113","8","ginkgo","Good"
"163994","40.72365517","-73.9798111","4","honeylocust","Good"
"161907","40.72801001","-73.97913235","10","honeylocust","Good"
"164066","40.72365876","-73.97953267","14","honeylocust","Good"
"102894","40.72927591","-73.98576875","14","black locust","Good"
"162137","40.7460418","-73.98431014","4","honeylocust","Good"
"73128","40.7279858","-73.99351861","2","black locust","Good"
"131449","40.75718888","-74.00449268","5","honeylocust","Good"
"167213","40.73458786","-73.98238031","15","honeylocust","Good"
"162105","40.74626316","-73.98394392","5","honeylocust","Good"
"167205","40.73403237","-73.98106391","11","ginkgo","Good"
"164063","40.72387689","-73.98005023","12","honeylocust","Good"
"164062","40.72391998","-73.98015248","13","honeylocust","Good"
"153166","40.73879202","-74.00049227","18","American linden","Good"
"153168","40.73895321","-74.00087238","20","American linden","Good"
"102985","40.73010386","-73.98331914","4","black locust","Fair"
"118942","40.73471372","-73.98858231","5","honeylocust","Fair"
"152802","40.72320074","-73.98034993","12","ginkgo","Good"
"164064","40.72375931","-73.97977125","16","honeylocust","Fair"
"160772","40.72952315","-73.98054003","9","honeylocust","Good"
"144255","40.75398509","-73.99361147","5","littleleaf linden","Good"
"136810","40.72408654","-73.99198286","6","littleleaf linden","Good"
"111481","40.75064103","-74.00182006","0",,
"141322","40.75674296","-73.99854255","3",,
"153472","40.73816442","-74.00375985","10","Japanese zelkova","Good"
"153479","40.73816092","-74.0023879","8","Japanese zelkova","Good"
"95037","40.73871015","-74.00730786","13","Siberian elm","Good"
"174614","40.75038359","-73.9713388","4","honeylocust","Good"
"159563","40.74860748","-74.00443342","3","honeylocust","Good"
"174599","40.74978088","-73.96990341","9","ginkgo","Fair"
"174604","40.75002844","-73.97049298","12","ginkgo","Good"
"153167","40.73883479","-74.00059313","18","American linden","Good"
"81972","40.74312249","-73.99747483","14","pin oak","Good"
"160714","40.72833605","-73.9877245","18","honeylocust","Good"
"174605","40.75005643","-73.97055964","6","ginkgo","Good"
"160715","40.728439","-73.98764865","3","honeylocust","Fair"
"102889","40.72907026","-73.9852829","10","black locust","Good"
"136645","40.72332839","-73.98539807","6","honeylocust","Good"
"136845","40.72465754","-73.98443047","12","honeylocust","Good"
"164161","40.7243167","-73.97930571","3","ginkgo","Good"
"81969","40.74338072","-73.99808874","11","pin oak","Good"
"137598","40.75553795","-73.99829015","3","London planetree","Poor"
"164060","40.72402531","-73.98040243","18","honeylocust","Good"
"174613","40.75039288","-73.97129","5","honeylocust","Fair"
"174615","40.75040641","-73.97132222","4","honeylocust","Fair"
"152798","40.7233742","-73.98076144","10","golden raintree","Good"
"154900","40.72468219","-73.97519143","4","willow oak","Good"
"135924","40.75922184","-73.99591716","4","American elm","Good"
"164001","40.72401552","-73.98066599","10","blackgum","Fair"
"81975","40.74288337","-73.9969064","15","pin oak","Good"
"159555","40.74898493","-74.00531659","8","pin oak","Good"
"159557","40.74891743","-74.00515865","8","pin oak","Good"
"151976","40.75145536","-73.96769663","14","London planetree","Good"
"158985","40.7239773","-74.00452114","9","pin oak","Good"
"159558","40.74887628","-74.00506237","2","pin oak","Good"
"81968","40.74343944","-73.99822833","13","London planetree","Poor"
"164168","40.72475234","-73.98034047","7","red maple","Good"
"175039","40.75330108","-73.96635177","8","pin oak","Good"
"154899","40.7245838","-73.97526323","5","willow oak","Good"
"129910","40.73091956","-74.00597507","16","London planetree","Fair"
"131026","40.75382676","-73.99760306","3","American elm","Good"
"129913","40.73088281","-74.00558767","24","London planetree","Fair"
"136617","40.7268197","-73.98730642","5","Sophora","Good"
"134538","40.73917218","-73.98616921","15","Sophora","Good"
"164160","40.72427829","-73.97921448","6","Callery pear","Good"
"137595","40.75570104","-73.99817081","10","Callery pear","Good"
"134545","40.73887358","-73.98545933","4","Sophora","Good"
"133595","40.75102168","-73.98304831","7","honeylocust","Good"
"153672","40.75130911","-73.98725047","8","ginkgo","Poor"
"153415","40.73841982","-74.00164902","9","honeylocust","Good"
"162135","40.74626219","-73.98415031","8","honeylocust","Good"
"174619","40.75041105","-73.9714042","7","honeylocust","Good"
"159562","40.74865374","-74.00454165","3","honeylocust","Fair"
"174601","40.74986141","-73.97009519","11","ginkgo","Good"
"136847","40.72452621","-73.98452686","6","honeylocust","Good"
"164167","40.72471115","-73.98024261","10","honeylocust","Good"
"136025","40.75965432","-73.99898574","9","Callery pear","Good"
"174603","40.74994075","-73.97028413","8","ginkgo","Fair"
"174618","40.75042008","-73.97135477","9","honeylocust","Good"
"160732","40.72871913","-73.98744554","15","honeylocust","Good"
"167583","40.72803735","-73.98196493","9","ginkgo","Good"
"118694","40.74793169","-74.00092233","6","Callery pear","Good"
"136809","40.72406119","-73.99189904","9","green ash","Good"
"177110","40.73649766","-73.97955503","11","honeylocust","Good"
"134254","40.73868831","-73.98339922","17","American elm","Good"
"151977","40.7515072","-73.96765593","18","London planetree","Good"
"159071","40.72474221","-74.00446194","0",,
"134216","40.74744549","-73.98515394","4","Japanese zelkova","Fair"
"162057","40.72848658","-73.97979159","5","Japanese zelkova","Good"
"152718","40.72309906","-73.98037066","14","white ash","Fair"
"152729","40.72347405","-73.98125819","15","white ash","Good"
"153220","40.73911966","-74.00253983","5","black oak","Good"
"159069","40.72461022","-74.00451513","0",,
"161909","40.7278206","-73.97927623","6","Japanese zelkova","Good"
"132791","40.75513774","-73.99826288","8","Callery pear","Good"
"136738","40.72386041","-73.98998856","9","green ash","Good"
"144326","40.75554143","-73.99377165","9","Sophora","Poor"
"148068","40.75518883","-73.99514231","6","Japanese zelkova","Poor"
"147609","40.75625377","-73.99776721","6","Japanese zelkova","Good"
"160773","40.72948955","-73.98046055","8","pin oak","Good"
"153661","40.74036542","-73.97692752","10","green ash","Fair"
"153662","40.74039347","-73.97699455","11","white ash","Good"
"152725","40.72333373","-73.98092608","14","white ash","Fair"
"152726","40.72336704","-73.98100493","13","white ash","Good"
"174611","40.75037005","-73.97130657","7","honeylocust","Good"
"164055","40.72432642","-73.98111693","10","Callery pear","Good"
"174616","40.75040641","-73.97132222","5","honeylocust","Fair"
"160733","40.72887631","-73.98733081","17","honeylocust","Good"
"174598","40.74974002","-73.96980609","4",,
"164059","40.7240563","-73.98047596","13","Callery pear","Good"
"167330","40.73350722","-73.98686016","4","honeylocust","Fair"
"153170","40.73906013","-74.00112453","10","Callery pear","Good"
"135915","40.75973526","-73.99602806","4","Sophora","Good"
"136726","40.72520702","-73.99115409","20","Sophora","Good"
"141219","40.72996309","-73.98527535","4","sweetgum","Good"
"134367","40.74963417","-73.97926751","4","Sophora","Good"
"140486","40.74830409","-73.97466937","7","American linden","Poor"
"177111","40.73645522","-73.97945394","10","honeylocust","Good"
"176954","40.74010902","-73.98042558","13","American linden","Good"
"153350","40.73832069","-74.00114283","2","sawtooth oak","Good"
"176344","40.7365441","-73.98157172","15","honeylocust","Good"
"132164","40.73059144","-73.9870404","14","Sophora","Good"
"90381","40.74494372","-73.99745735","3","Sophora","Good"
"140485","40.74832538","-73.97471987","10","American linden","Fair"
"167329","40.73366917","-73.98674261","8","honeylocust","Good"
"133798","40.75153378","-73.98202564","6","Callery pear","Good"
"139378","40.74060265","-73.98358638","4","Callery pear","Good"
"153169","40.73901469","-74.00101736","10","Callery pear","Good"
"167581","40.72825758","-73.98180252","4","ginkgo","Good"
"140491","40.74799937","-73.97394651","8","ginkgo","Good"
"176956","40.74027534","-73.98082053","11","ginkgo","Good"
"82029","40.74262287","-73.99684553","5","Sophora","Good"
"90384","40.74503458","-73.99767336","3","Sophora","Good"
"162059","40.72855767","-73.97996049","8","pin oak","Good"
"136739","40.72376123","-73.98975558","3","white ash","Good"
"126318","40.73008141","-73.98741942","2","sawtooth oak","Good"
"167322","40.73419938","-73.98635564","5","Callery pear","Fair"
"133567","40.74544256","-73.98685696","12","Sophora","Fair"
"133569","40.74554162","-73.98678526","12","Sophora","Fair"
"177101","40.73716079","-73.98113465","7","American linden","Fair"
"176346","40.73642797","-73.98129741","13","honeylocust","Good"
"176348","40.73631584","-73.98103256","11","ginkgo","Good"
"134251","40.73851219","-73.98352636","9","honeylocust","Good"
"164054","40.72436619","-73.98121129","6","red maple","Good"
"149119","40.73200318","-73.98531036","7","Callery pear","Good"
"159549","40.74937905","-74.00623879","3","swamp white oak","Good"
"144888","40.72943409","-74.00162089","6","pin oak","Good"
"177103","40.73707989","-73.98094193","6","honeylocust","Good"
"134253","40.73864356","-73.98343153","8","honeylocust","Good"
"161127","40.73717643","-74.00537558","11","honeylocust","Good"
"123647","40.74748496","-74.00444136","3","swamp white oak","Good"
"168217","40.72546992","-73.97638717","14","Callery pear","Fair"
"144885","40.72925778","-74.00126118","8","Callery pear","Good"
"175038","40.7532561","-73.96624549","9","pin oak","Good"
"136668","40.72468988","-73.99064009","13","Sophora","Good"
"150839","40.74919837","-73.97999928","9","pin oak","Good"
"90378","40.744851","-73.99723691","5","Sophora","Good"
"175036","40.75314238","-73.96597678","11","pin oak","Good"
"134091","40.74997404","-73.98355481","4","pin oak","Good"
"137397","40.75410918","-73.99562132","9","Sophora","Good"
"164057","40.72425993","-73.98095914","10","Callery pear","Good"
"175037","40.75320151","-73.96611649","9","pin oak","Good"
"160861","40.73648447","-74.00173987","5","Callery pear","Good"
"160866","40.73652024","-74.00137323","14","Callery pear","Good"
"133570","40.745595","-73.98674662","12","Sophora","Poor"
"90382","40.7449748","-73.99753124","3","Sophora","Good"
"144330","40.7557257","-73.99443763","5","Sophora","Good"
"153697","40.75298943","-73.99124317","4","Sophora","Good"
"160862","40.73649966","-74.00162944","12","Callery pear","Fair"
"160865","40.73652485","-74.00144621","12","Callery pear","Good"
"164056","40.72429397","-73.98103993","7","Callery pear","Good"
"147543","40.7415566","-73.9852047","11","Callery pear","Good"
"147608","40.74203824","-73.9830884","1","Callery pear","Poor"
"152727","40.72340089","-73.98108504","15","white ash","Good"
"136737","40.72391536","-73.99011765","11","green ash","Fair"
"153347","40.7385445","-74.00167039","2","sawtooth oak","Good"
"139382","40.74035619","-73.98293172","7","Callery pear","Good"
"133377","40.75893466","-73.97274191","7","hawthorn","Good"
"133384","40.75886519","-73.97279226","4","hawthorn","Good"
"132155","40.73115565","-73.98837678","2","empress tree","Fair"
"160864","40.73651557","-74.00151368","3","honeylocust","Good"
"144284","40.75445007","-73.99280013","4","sawtooth oak","Good"
"176347","40.73636523","-73.98114922","17","honeylocust","Good"
"167328","40.73374822","-73.98668523","6","honeylocust","Good"
"154935","40.73121474","-73.98588796","18","honeylocust","Good"
"126319","40.7301208","-73.98751283","2","sawtooth oak","Good"
"175031","40.75289732","-73.96539773","7","pin oak","Good"
"176349","40.7361997","-73.98075826","7","honeylocust","Good"
"134250","40.73844146","-73.98357743","9","honeylocust","Good"
"161124","40.73740437","-74.00512249","9","honeylocust","Good"
"164061","40.72399672","-73.98033458","15","Callery pear","Good"
"153172","40.7392264","-74.00151662","15","Callery pear","Good"
"140487","40.74819764","-73.97441684","7","honeylocust","Good"
"140489","40.74812844","-73.9742527","6","honeylocust","Fair"
"176955","40.7401989","-73.980639","12","ginkgo","Good"
"167327","40.73379267","-73.98665296","5","honeylocust","Good"
"162136","40.74611678","-73.98425576","11","Callery pear","Good"
"153171","40.73918496","-74.00141891","9","Callery pear","Good"
"141213","40.73024643","-73.98594676","17","Sophora","Good"
"82028","40.74271727","-73.99677615","5","Sophora","Good"
"90298","40.74395225","-73.99725702","3","Sophora","Good"
"154936","40.73134068","-73.98579665","16","honeylocust","Good"
"178922","40.73014082","-73.98397429","8",,
"134252","40.73859496","-73.98346661","10","honeylocust","Good"
"160771","40.72957381","-73.98065988","9","green ash","Good"
"144325","40.75548866","-73.99364669","10","Sophora","Good"
"100390","40.72570011","-73.99417247","17","Sophora","Good"
"130104","40.73289097","-74.00631614","24","Ohio buckeye","Good"
"167207","40.73418842","-73.98143371","6","Japanese zelkova","Good"
"153186","40.73939882","-74.0026189","5",,
"153218","40.73927027","-74.00262919","6","black oak","Good"
"133568","40.74549377","-73.98681989","5","Sophora","Fair"
"162055","40.72838161","-73.97954218","12","pin oak","Good"
"164170","40.72483089","-73.98052703","4","pin oak","Good"
"175030","40.75285475","-73.96529713","11","pin oak","Good"
"161553","40.73810005","-74.00869569","10","honeylocust","Good"
"153696","40.75302298","-73.99132271","4","Sophora","Good"
"102320","40.72527285","-73.97628854","3","Sophora","Fair"
"90377","40.74482019","-73.99716364","4","Sophora","Good"
"152717","40.72302271","-73.98018993","10","Sophora","Good"
"151881","40.74813939","-73.98408098","10","Sophora","Fair"
"164158","40.7242044","-73.97903897","9","cherry","Good"
"141345","40.75665462","-73.99802046","4","pin oak","Good"
"160712","40.72810763","-73.98789278","9","pin oak","Good"
"69167","40.72368523","-73.98363674","4","paper birch","Good"
"164058","40.72421258","-73.98084678","8","red maple","Good"
"141349","40.75678688","-73.99833344","4","pin oak","Good"
"70982","40.72729499","-74.00759245","2","swamp white oak","Poor"
"177102","40.73713824","-73.98108094","6","Callery pear","Good"
"174560","40.75432577","-73.9654169","4","Callery pear","Good"
"141379","40.75855558","-73.99900886","10",,
"144378","40.75490116","-73.99504645","5","Sophora","Good"
"126328","40.73047214","-73.98834591","6","Sophora","Good"
"147607","40.74215225","-73.98335849","15","Callery pear","Fair"
"133043","40.75983057","-73.97204746","7","hawthorn","Fair"
"164280","40.74680391","-73.98134297","6","Callery pear","Poor"
"161552","40.73809973","-74.00861125","6","Callery pear","Good"
"151868","40.74942507","-73.98163881","0",,
"134288","40.74904074","-73.97804149","0",,
"164172","40.724917","-73.98073158","2","London planetree","Good"
"161550","40.73809872","-74.00835397","10","Callery pear","Good"
"162104","40.74607348","-73.98408057","4","Callery pear","Good"
"102311","40.72564793","-73.97718263","3","Sophora","Good"
"102313","40.72556987","-73.97699655","18","Sophora","Fair"
"147700","40.75612473","-73.9970655","6","littleleaf linden","Good"
"147350","40.74984171","-73.99501303","16","Callery pear","Good"
"90351","40.74425807","-73.99626307","4","Sophora","Good"
"161551","40.73809923","-74.00848279","6","Callery pear","Good"
"159077","40.72520328","-74.00427612","4","littleleaf linden","Good"
"154897","40.72437263","-73.97541735","4","littleleaf linden","Good"
"160887","40.73704201","-74.00094809","11","littleleaf linden","Good"
"160889","40.73710638","-74.00086141","6","littleleaf linden","Good"
"129912","40.73089803","-74.00574807","24","London planetree","Fair"
"81970","40.74327312","-73.99783295","11","littleleaf linden","Good"
"147931","40.74394813","-73.98188701","16","London planetree","Good"
"175033","40.75299463","-73.96562765","7","pin oak","Good"
"162060","40.72859514","-73.98004952","10","pin oak","Good"
"134092","40.7500407","-73.98350749","3","pin oak","Good"
"159559","40.74884267","-74.00498371","7","pin oak","Fair"
"159560","40.74880945","-74.004906","9","pin oak","Good"
"162063","40.728675","-73.98023925","2","American elm","Good"
"136644","40.72310143","-73.98556385","3","London planetree","Poor"
"128811","40.73101854","-74.00700017","16","London planetree","Fair"
"133610","40.75236805","-73.9804677","6","littleleaf linden","Good"
"154898","40.72443622","-73.97537094","3","littleleaf linden","Good"
"141351","40.75684768","-73.99847731","4","pin oak","Good"
"175035","40.753095","-73.96586482","9","pin oak","Good"
"170435","40.73232745","-73.98772069","4","red maple","Fair"
"137346","40.75325866","-73.99380879","3","swamp white oak","Good"
"144248","40.75437578","-73.99484363","4","swamp white oak","Good"
"136903","40.72467793","-73.99166169","0","swamp white oak","Good"
"153221","40.73899407","-74.00246532","5","black oak","Good"
"147610","40.75628542","-73.99774402","4","Callery pear","Good"
"167278","40.7351529","-73.98373781","4","London planetree","Fair"
"162062","40.72864311","-73.98016349","0",,
"162058","40.72850984","-73.97984684","5","Japanese zelkova","Good"
"164174","40.72500817","-73.98094813","4","Japanese zelkova","Good"
"167283","40.7353702","-73.98425317","6","Callery pear","Good"
"118998","40.73336799","-73.98937158","9","Callery pear","Fair"
"161562","40.73841648","-74.00972066","10","Callery pear","Good"
"164277","40.74666452","-73.98144409","7","Callery pear","Poor"
"164284","40.74490664","-73.98387883","4","Callery pear","Good"
"148069","40.75506796","-73.99523515","4","Japanese zelkova","Good"
"161044","40.73684181","-74.00564777","3",,
"141381","40.75843366","-73.9987197","6",,
"164279","40.74675801","-73.98137627","6","Callery pear","Poor"
"164286","40.74521507","-73.98460679","5","Callery pear","Good"
"161559","40.73810351","-74.00958554","12","Japanese zelkova","Good"
"172385","40.72401735","-73.98256099","0",,
"167321","40.73429362","-73.98628813","5","Japanese zelkova","Good"
"177106","40.73676159","-73.98018371","13","Callery pear","Good"
"154937","40.73148897","-73.98568912","10","Chinese elm","Good"
"154938","40.73157549","-73.98562638","7","Chinese elm","Good"
"161558","40.73810289","-74.0094246","11","Japanese zelkova","Good"
"164175","40.72503834","-73.98101979","5","Japanese zelkova","Good"
"167285","40.73547253","-73.98449587","5","Callery pear","Good"
"147540","40.74090046","-73.98568575","4","Japanese zelkova","Good"
"172383","40.72394645","-73.98239279","12","Chinese elm","Good"
"152211","40.75313076","-73.9681574","8","littleleaf linden","Good"
"147542","40.74102186","-73.98559558","4","Japanese zelkova","Good"
"140490","40.74805525","-73.97407909","7","honeylocust","Fair"
"167133","40.73457529","-73.98037125","4","honeylocust","Good"
"140488","40.74816304","-73.97433477","7","honeylocust","Fair"
"161125","40.73732867","-74.00520654","9","honeylocust","Good"
"147336","40.74848382","-73.99455712","2","Japanese zelkova","Good"
"160863","40.73651005","-74.0015538","3","honeylocust","Good"
"81967","40.74347371","-73.9983098","11","littleleaf linden","Good"
"170433","40.73208291","-73.9878984","0",,
"175034","40.7530344","-73.96572163","14","willow oak","Good"
"167132","40.73463825","-73.98032557","4","honeylocust","Good"
"167331","40.73341856","-73.98692452","2","honeylocust","Poor"
"172363","40.7255797","-73.98257476","9","honeylocust","Good"
"161567","40.7387942","-74.00923323","8","honeylocust","Good"
"161554","40.73810044","-74.00879456","6","honeylocust","Good"
"131121","40.75511815","-73.99890075","4","sawtooth oak","Good"
"140484","40.74838127","-73.97485245","11","American linden","Fair"
"172360","40.72575535","-73.98299252","5","honeylocust","Good"
"161570","40.73879352","-74.00891315","10","honeylocust","Good"
"172359","40.72580076","-73.98310051","8","honeylocust","Good"
"172030","40.72325891","-73.97934932","0",,
"160867","40.73702988","-74.00147307","3","ginkgo","Good"
"133898","40.75002536","-73.98420692","2","Norway maple","Fair"
"176345","40.73647736","-73.98141407","9","honeylocust","Good"
"161126","40.73725318","-74.00529036","11","honeylocust","Good"
"161555","40.73810068","-74.00885591","10","honeylocust","Good"
"172358","40.7258317","-73.98317409","10","honeylocust","Good"
"161574","40.73879228","-74.00833218","10","honeylocust","Good"
"161565","40.73879462","-74.00943098","11","honeylocust","Good"
"161557","40.7381013","-74.00901684","11","honeylocust","Good"
"161572","40.7387928","-74.0085772","11","honeylocust","Good"
"149514","40.75019068","-73.98268336","3","honeylocust","Good"
"118965","40.73354331","-73.98801349","5","honeylocust","Fair"
"162066","40.72886249","-73.98068471","3","ginkgo","Good"
"134190","40.74918293","-73.97780338","10","pin oak","Good"
"161573","40.7387925","-74.00843538","11","honeylocust","Good"
"147805","40.75597562","-73.99641582","6","sawtooth oak","Good"
"164285","40.74497343","-73.98403647","5","honeylocust","Good"
"150837","40.74944592","-73.97982049","9","honeylocust","Good"
"161566","40.73879441","-74.0093321","13","honeylocust","Good"
"133899","40.74999641","-73.98413807","3","Norway maple","Good"
"161569","40.73879372","-74.00900806","13","honeylocust","Good"
"147804","40.75594052","-73.99633245","4","sawtooth oak","Good"
"144247","40.75434184","-73.99476273","4","swamp white oak","Good"
"167323","40.73405959","-73.98645578","10","honeylocust","Good"
"161556","40.73810099","-74.00893529","13","honeylocust","Good"
"161568","40.73879398","-74.00912714","7","Callery pear","Good"
"167284","40.73542995","-73.98439487","5","Callery pear","Good"
"149134","40.73124639","-73.98560783","11","Callery pear","Good"
"164278","40.7467109","-73.98141044","5","Callery pear","Poor"
"167288","40.73561425","-73.98483197","7","honeylocust","Good"
"167290","40.73571804","-73.98507814","9","honeylocust","Good"
"161561","40.73831803","-74.00973182","6","northern red oak","Good"
"141380","40.7584877","-73.99884787","8",,
"123935","40.729935","-73.98746097","10","Callery pear","Poor"
"133959","40.75092204","-73.98248936","4","Callery pear","Fair"
"136981","40.72668676","-73.98860456","14","Sophora","Good"
"161563","40.73851355","-74.00970965","7","northern red oak","Good"
"167206","40.73407791","-73.98117182","13","London planetree","Good"
"118966","40.73349714","-73.98790357","4","honeylocust","Fair"
"162067","40.72892188","-73.98082583","8","honeylocust","Good"
"172361","40.72572707","-73.98292526","10","honeylocust","Fair"
"172362","40.72567025","-73.98279011","18","honeylocust","Good"
"102278","40.72675958","-73.97793779","3","Sophora","Good"
"136931","40.72460358","-73.98972155","3","Sophora","Good"
"162109","40.7474697","-73.98326995","8","American elm","Good"
"167287","40.73555862","-73.98470005","10","London planetree","Good"
"141382","40.75840916","-73.99866162","6",,
"167209","40.73434793","-73.98181172","17","London planetree","Good"
"162110","40.74738839","-73.98332943","10","willow oak","Good"
"160888","40.73709134","-74.00091177","7","littleleaf linden","Good"
"131302","40.75991466","-74.00032168","4","Sophora","Good"
"118961","40.73401965","-73.98914745","6","Callery pear","Poor"
"147810","40.75631252","-73.997216","5","Sophora","Good"
"131301","40.75978639","-74.00001733","3","Sophora","Good"
"137449","40.7548231","-73.99589778","5","Sophora","Good"
"149447","40.7529931","-73.99559794","4","Callery pear","Poor"
"162056","40.72845602","-73.97971898","9","Callery pear","Poor"
"120858","40.74826825","-74.00728905","9","Sophora","Good"
"144890","40.72951957","-74.00179529","9","green ash","Good"
"90350","40.74431575","-73.99640011","4","Sophora","Good"
"123907","40.73672994","-73.99764319","5","Sophora","Fair"
"147809","40.75627849","-73.99713516","6","Sophora","Good"
"135988","40.75995278","-73.99818195","12",,
"167214","40.73472979","-73.98271667","15","London planetree","Good"
"44075","40.74236506","-74.0042231","4","paper birch","Good"
"44079","40.74247967","-74.00411021","5","paper birch","Fair"
"144377","40.75500824","-73.99496844","9","Sophora","Good"
"123906","40.7367565","-73.99770635","4","Sophora","Good"
"172384","40.72398383","-73.98248147","6","American elm","Good"
"118999","40.73340091","-73.9894499","7","Callery pear","Poor"
"161632","40.73882075","-74.00962942","9","common hackberry","Good"
"172029","40.72331888","-73.97930548","0",,
"159075","40.72506945","-74.00433006","0",,
"141377","40.75863012","-73.99918564","8",,
"141378","40.75858566","-73.99908021","10",,
"174769","40.75583743","-73.96765845","3",,
"175694","40.74855229","-73.98046881","8","Japanese zelkova","Good"
"168105","40.72730991","-73.97949136","12","Callery pear","Good"
"134196","40.74995438","-73.98050133","7","Sophora","Good"
"149015","40.74802666","-73.98936851","12","Sophora","Good"
"148083","40.74370601","-73.98295612","2","sweetgum","Good"
"148008","40.75558789","-73.99484449","4","Sophora","Fair"
"177108","40.73668334","-73.97999732","8","littleleaf linden","Good"
"118962","40.73397295","-73.98903627","7","Callery pear","Poor"
"167582","40.72814268","-73.98188726","11","Callery pear","Good"
"152723","40.72326604","-73.98076585","12","white ash","Good"
"147333","40.74836149","-73.99426665","4","littleleaf linden","Poor"
"147811","40.75640585","-73.99743768","4","Sophora","Good"
"147812","40.75643989","-73.99751852","5","Sophora","Good"
"141228","40.72958479","-73.984379","4","Sophora","Good"
"131430","40.75938682","-74.00291422","7","honeylocust","Good"
"140404","40.74957112","-73.97516388","3","honeylocust","Good"
"134009","40.74943282","-73.98672999","10","Japanese zelkova","Good"
"118394","40.74790922","-74.00278747","3","Japanese zelkova","Good"
"147706","40.75533733","-73.995198","0",,
"134145","40.749494","-73.98179645","7","Callery pear","Good"
"162061","40.72861826","-73.98010445","5","honeylocust","Good"
"147332","40.74802334","-73.99346376","4","honeylocust","Fair"
"167286","40.73550446","-73.98457161","14","ginkgo","Good"
"121967","40.72984724","-73.98381764","9","honeylocust","Good"
"102312","40.7256091","-73.97709007","16","Sophora","Good"
"177299","40.74066879","-73.979832","8","honeylocust","Good"
"149439","40.75257752","-73.9946125","7","honeylocust","Good"
"177293","40.74106656","-73.98078321","9","honeylocust","Good"
"181405","40.72808515","-73.97883911","3","honeylocust","Good"
"149434","40.75237598","-73.99413462","6","honeylocust","Good"
"149448","40.75314148","-73.99602049","4","honeylocust","Fair"
"135983","40.75955884","-73.99724337","7","ginkgo","Good"
"149437","40.75251043","-73.99445342","6","honeylocust","Good"
"149502","40.75309223","-73.9963651","13","honeylocust","Good"
"159564","40.74856862","-74.00434249","3","honeylocust","Fair"
"149449","40.75317422","-73.99609814","4","honeylocust","Good"
"177294","40.74101631","-73.98066304","9","honeylocust","Good"
"149436","40.75244334","-73.99429434","6","honeylocust","Good"
"149438","40.75254424","-73.99453359","6","honeylocust","Good"
"121966","40.72961889","-73.98398311","9","honeylocust","Good"
"149440","40.7526116","-73.99469331","7","honeylocust","Good"
"149442","40.75267496","-73.99484355","6","honeylocust","Good"
"73127","40.72795552","-73.99345756","2","black locust","Good"
"181408","40.72788168","-73.97835827","10","honeylocust","Fair"
"168204","40.72627592","-73.97839215","6","honeylocust","Good"
"168357","40.72531179","-73.9749859","6","honeylocust","Good"
"172015","40.7236373","-73.97907226","12","ginkgo","Good"
"149504","40.75287589","-73.9965219","13","honeylocust","Good"
"168354","40.72515152","-73.97510146","5","honeylocust","Good"
"174566","40.75415051","-73.96500032","11","ginkgo","Good"
"174563","40.75424299","-73.96522014","11","ginkgo","Good"
"174565","40.75419117","-73.96509697","12","ginkgo","Good"
"174699","40.75361438","-73.96465565","18","ginkgo","Good"
"168356","40.7252627","-73.9750213","5","honeylocust","Good"
"147338","40.74888565","-73.99551125","11","ginkgo","Good"
"162832","40.7249849","-73.97829377","9","ginkgo","Fair"
"162939","40.72444261","-73.97848372","17","ginkgo","Good"
"152797","40.72340293","-73.9808296","12","golden raintree","Good"
"161571","40.73879311","-74.0087201","3","honeylocust","Good"
"135982","40.75950844","-73.99712328","13","honeylocust","Good"
"135984","40.75960182","-73.99734576","8","honeylocust","Good"
"177296","40.74087905","-73.9803348","3","honeylocust","Good"
"177298","40.74071508","-73.97994268","6","honeylocust","Good"
"149441","40.75264487","-73.99477222","7","honeylocust","Good"
"162926","40.72512836","-73.97798349","2","honeylocust","Good"
"149433","40.75234217","-73.99405445","6","honeylocust","Good"
"176417","40.73950255","-73.978636","2",,
"162927","40.72506205","-73.9780324","4","honeylocust","Good"
"162929","40.72494668","-73.97811751","14","honeylocust","Good"
"118967","40.73346237","-73.98782082","5","honeylocust","Fair"
"135979","40.75922962","-73.99645901","3","honeylocust","Good"
"177291","40.741157","-73.98099951","9","honeylocust","Good"
"177292","40.74110067","-73.98086479","10","honeylocust","Good"
"162054","40.7283355","-73.97943264","3","honeylocust","Good"
"177295","40.74096236","-73.98053402","9","honeylocust","Good"
"174569","40.75407677","-73.96482504","12","ginkgo","Good"
"174702","40.75341905","-73.96479902","20","ginkgo","Good"
"172011","40.72392617","-73.97886055","3","honeylocust","Good"
"174700","40.75356453","-73.96469224","16","ginkgo","Good"
"168351","40.72501916","-73.97519688","5","honeylocust","Good"
"168352","40.72506344","-73.97516496","4","honeylocust","Good"
"172013","40.72376028","-73.97898213","12","honeylocust","Good"
"176975","40.74113339","-73.98130673","10","honeylocust","Good"
"181406","40.72804859","-73.97875271","9","ginkgo","Good"
"135986","40.75977956","-73.99776923","7","ginkgo","Fair"
"168359","40.72540733","-73.97491702","6","honeylocust","Good"
"174926","40.75321756","-73.9649465","14","ginkgo","Good"
"178872","40.73024365","-73.9839588","11","honeylocust","Poor"
"149022","40.74893471","-73.98987684","3","honeylocust","Good"
"147699","40.75627273","-73.99741653","6","Callery pear","Good"
"134188","40.74937486","-73.97766312","4","Callery pear","Good"
"133645","40.75374338","-73.98174299","9","London planetree","Fair"
"177297","40.74076189","-73.98005462","12","honeylocust","Good"
"151968","40.75117326","-73.96786336","15","London planetree","Good"
"172382","40.72390375","-73.98229149","0",,
"172014","40.7237061","-73.97902183","3","ginkgo","Good"
"150838","40.7492857","-73.97993621","7","Japanese zelkova","Good"
"181409","40.72779228","-73.97814702","12","honeylocust","Fair"
"162845","40.72570128","-73.97756765","16","honeylocust","Good"
"172386","40.72404422","-73.98262474","0",,
"162831","40.7248843","-73.97836775","21","honeylocust","Fair"
"162928","40.72500126","-73.97807725","11","honeylocust","Good"
"161564","40.73860516","-74.00969927","10","Japanese zelkova","Good"
"141376","40.75865727","-73.99925004","8",,
"162068","40.72896972","-73.98093949","0",,
"174698","40.7536683","-73.96461607","11","ginkgo","Good"
"181407","40.72801003","-73.97866159","7","ginkgo","Good"
"150840","40.74913245","-73.98004689","8","pin oak","Good"
"143898","40.72421904","-73.99332368","5","Japanese zelkova","Good"
"162848","40.72538465","-73.97779913","11","ginkgo","Good"
"176952","40.74003045","-73.980239","12","Japanese zelkova","Good"
"168358","40.7253592","-73.97495172","5","honeylocust","Good"
"135987","40.75982015","-73.99786593","14",,
"147541","40.74096068","-73.98564102","5","Japanese zelkova","Good"
"159073","40.72494008","-74.0043822","7","black oak","Good"
"176953","40.74007286","-73.98033971","0",,
"143897","40.72418385","-73.99322344","5","Japanese zelkova","Good"
"175849","40.73072243","-73.98286707","6","Japanese zelkova","Poor"
"177081","40.73565127","-73.97585409","7","northern red oak","Good"
"172408","40.73056898","-73.98274237","6","Japanese zelkova","Good"
"135985","40.75964028","-73.99743741","3",,
"177789","40.73285669","-73.98129101","16","northern red oak","Good"
"172407","40.73053055","-73.98265157","2","Japanese zelkova","Good"
"177259","40.7341229","-73.97477595","5","Japanese zelkova","Good"
"173773","40.73592428","-74.00559204","3",,
"147335","40.74845324","-73.9944845","2","Japanese zelkova","Good"
"147337","40.74851746","-73.994637","2","Japanese zelkova","Good"
"174369","40.75569198","-73.9649763","0",,
"159561","40.74876831","-74.00480972","10","pin oak","Good"
"148081","40.74352233","-73.98252141","10","pin oak","Good"
"121520","40.72433679","-73.97876589","20","Callery pear","Good"
"164159","40.72423178","-73.979104","10","cherry","Good"
"164166","40.72467314","-73.98015233","12","cherry","Good"
"144887","40.72933835","-74.00142556","11","green ash","Good"
"167277","40.73512801","-73.98367879","5","London planetree","Good"
"178946","40.72899103","-73.9829678","4","pin oak","Fair"
"167208","40.73427736","-73.98164449","17","London planetree","Good"
"176420","40.73944068","-73.97855774","2",,
"177263","40.73378916","-73.97469198","5","Japanese zelkova","Good"
"118964","40.73378693","-73.98859342","2","pin oak","Good"
"167280","40.73524152","-73.98394799","14","London planetree","Good"
"174878","40.75359914","-73.96563846","12","London planetree","Good"
"174880","40.75354059","-73.9654975","11","London planetree","Good"
"123892","40.73756419","-73.99962704","9","'Schubert' chokecherry","Poor"
"177260","40.73403555","-73.97475397","3","American elm","Good"
"151975","40.75140186","-73.96773864","17","London planetree","Good"
"144080","40.72317541","-73.99514978","3","'Schubert' chokecherry","Good"
"174568","40.75411357","-73.96491252","8","ginkgo","Good"
"178871","40.73016269","-73.98376697","18","honeylocust","Good"
"136848","40.72445528","-73.98457892","8","cherry","Good"
"168205","40.72625024","-73.97833125","11","honeylocust","Good"
"174570","40.75403066","-73.96471545","11","honeylocust","Good"
"143899","40.72424135","-73.99338723","8","ginkgo","Good"
"176974","40.74104349","-73.98137189","8","honeylocust","Good"
"162846","40.72562452","-73.97762377","18","honeylocust","Fair"
"176582","40.73652665","-73.97989663","10","honeylocust","Good"
"175010","40.75251361","-73.97008208","3","honeylocust","Good"
"163993","40.72358494","-73.97964447","6","honeylocust","Good"
"174444","40.75491954","-73.96682493","11","littleleaf linden","Good"
"173772","40.73594484","-74.00544071","8","littleleaf linden","Good"
"118997","40.73331065","-73.98923514","6","London planetree","Poor"
"176926","40.73660149","-73.97813371","12","London planetree","Fair"
"175686","40.74753695","-73.98121094","8","American elm","Poor"
"176579","40.73637291","-73.97953421","7","ginkgo","Poor"
"168262","40.7256522","-73.97603703","3","honeylocust","Good"
"174439","40.75469881","-73.96630118","8","American linden","Poor"
"177733","40.73122516","-73.98201749","13","London planetree","Good"
"177671","40.73018937","-73.97958726","24","London planetree","Good"
"168202","40.7263338","-73.97852942","2","honeylocust","Good"
"174367","40.75528842","-73.96527414","6","ginkgo","Good"
"120820","40.74805957","-74.00726695","9","honeylocust","Good"
"168065","40.72521779","-73.97954341","7","honeylocust","Good"
"177663","40.72982414","-73.97871399","22","London planetree","Good"
"177731","40.7311082","-73.98174092","18","London planetree","Good"
"177665","40.72990348","-73.97890369","21","London planetree","Good"
"177714","40.73098892","-73.98149861","16","London planetree","Good"
"177666","40.72995175","-73.9790191","19","London planetree","Good"
"177732","40.73115688","-73.98185603","17","London planetree","Good"
"177711","40.73084924","-73.981159","8","London planetree","Good"
"177712","40.73089245","-73.98126406","14","London planetree","Good"
"176489","40.73986194","-73.97651692","2","American elm","Good"
"176587","40.73680738","-73.98055845","6","American linden","Fair"
"168067","40.72537304","-73.97991209","7","honeylocust","Good"
"177667","40.72999115","-73.97911331","19","London planetree","Good"
"177710","40.73078397","-73.98100031","22","London planetree","Good"
"112834","40.74548958","-74.00463232","3","silver maple","Good"
"149021","40.74896643","-73.98995317","3","honeylocust","Good"
"112825","40.74475975","-74.00289233","4","silver maple","Good"
"153665","40.74050117","-73.97725192","15","white ash","Good"
"152722","40.72323259","-73.98068669","17","white ash","Good"
"161703","40.738436","-74.00980398","8","northern red oak","Good"
"168265","40.72612538","-73.97569381","18","London planetree","Fair"
"148275","40.74285152","-73.98283671","16","Sophora","Good"
"153420","40.73859759","-74.00206985","3","Sophora","Good"
"163997","40.72376159","-73.98006356","13","Sophora","Good"
"177669","40.73007155","-73.97930555","14","London planetree","Good"
"174445","40.75500908","-73.9670374","16","London planetree","Good"
"112826","40.74483928","-74.00308194","4","silver maple","Good"
"141405","40.75740671","-73.9972348","4","Sophora","Good"
"102450","40.72826974","-73.98312299","2","Kentucky coffeetree","Good"
"168283","40.72653651","-73.97510381","3","Sophora","Good"
"168264","40.72604728","-73.97575046","16","London planetree","Poor"
"176077","40.73554314","-73.98243875","14","London planetree","Good"
"112831","40.74529208","-74.00416145","4","silver maple","Good"
"174701","40.75346698","-73.96476384","17","ginkgo","Good"
"168267","40.72627438","-73.97558573","14","London planetree","Fair"
"178875","40.73063137","-73.98487758","12","honeylocust","Good"
"177112","40.73641145","-73.97934968","9","honeylocust","Good"
"174438","40.75457828","-73.96601516","4","American linden","Good"
"168071","40.72547872","-73.98016304","7","honeylocust","Good"
"176588","40.73683546","-73.98062463","6","American linden","Good"
"147929","40.74405083","-73.98212987","18","Sophora","Good"
"147930","40.74399668","-73.98200181","18","Sophora","Good"
"147947","40.75683968","-73.99685845","5","Sophora","Good"
"177083","40.73556932","-73.97566256","4","Amur maple","Poor"
"145097","40.73263347","-73.99934796","10",,
"120859","40.74830571","-74.00726178","11","Sophora","Good"
"131303","40.75994792","-74.00040061","3","Sophora","Good"
"177664","40.72986421","-73.97880979","21","London planetree","Good"
"172012","40.72386193","-73.97890764","9","ginkgo","Good"
"118691","40.74804139","-74.00118404","8","Sophora","Good"
"177668","40.73003162","-73.97921007","18","London planetree","Good"
"177670","40.7301427","-73.97947565","21","London planetree","Good"
"178880","40.73096556","-73.98566953","3","London planetree","Fair"
"141229","40.72953779","-73.98426763","4","Sophora","Good"
"133920","40.74993253","-73.97725737","4","Sophora","Good"
"176079","40.73569703","-73.98232738","13","London planetree","Good"
"137450","40.75486494","-73.99599686","5","Sophora","Good"
"168284","40.72650826","-73.97503529","3","Sophora","Good"
"176584","40.73662691","-73.980133","12","honeylocust","Good"
"133383","40.7588526","-73.97276223","5","hawthorn","Good"
"152721","40.72320047","-73.98061068","11","white ash","Good"
"152728","40.7234338","-73.98116294","15","white ash","Good"
"162931","40.7247765","-73.97824305","6","cherry","Good"
"174442","40.75483718","-73.96662951","4","cherry","Good"
"147927","40.74414873","-73.98236138","18","Sophora","Good"
"172365","40.72546923","-73.98231205","15","honeylocust","Fair"
"168066","40.72523892","-73.9795936","6","honeylocust","Good"
"176589","40.73703999","-73.98110682","10","honeylocust","Good"
"130882","40.75224553","-73.99966087","0",,
"103397","40.72792584","-73.9804447","4","swamp white oak","Fair"
"177105","40.73679872","-73.98027217","4","littleleaf linden","Good"
"73129","40.7281888","-73.99392782","2","black locust","Good"
"168669","40.72918559","-73.97767563","4","southern red oak","Good"
"174449","40.75515436","-73.96738215","9","ginkgo","Good"
"174450","40.7551952","-73.96747907","14","ginkgo","Good"
"174441","40.75478796","-73.9665127","10","ginkgo","Good"
"103401","40.72762887","-73.97974117","6","swamp white oak","Good"
"161706","40.73798487","-74.00972027","7","common hackberry","Good"
"132696","40.75511507","-74.00600882","3","common hackberry","Good"
"135918","40.75951291","-73.99570385","2","swamp white oak","Good"
"131437","40.75875712","-74.00336646","3","common hackberry","Good"
"132698","40.75531342","-74.00586442","7","common hackberry","Good"
"136613","40.72653026","-73.98662134","4","swamp white oak","Fair"
"33979","40.73144784","-73.99246556","5","Japanese tree lilac","Good"
"147334","40.74838662","-73.99432632","11","littleleaf linden","Good"
"168675","40.72883477","-73.97684591","2","littleleaf linden","Good"
"131433","40.75921916","-74.00303464","2","common hackberry","Good"
"161631","40.73885926","-74.00959571","10","common hackberry","Good"
"102451","40.72830419","-73.98320431","16","Kentucky coffeetree","Good"
"144283","40.75449693","-73.99291123","2","swamp white oak","Good"
"126329","40.73055146","-73.98853398","15","Cornelian cherry","Good"
"176436","40.73822641","-73.98197042","2","green ash","Good"
"175032","40.75294898","-73.96551979","7","green ash","Good"
"162930","40.72483682","-73.97819855","6","cherry","Good"
"174437","40.7545498","-73.96594759","3","American linden","Good"
"174453","40.7553498","-73.96784593","2","littleleaf linden","Good"
"133878","40.75049548","-73.97684599","3","Sophora","Fair"
"152731","40.72358638","-73.98152408","7","white oak","Good"
"168260","40.72550105","-73.97614667","12","sugar maple","Fair"
"147928","40.74408765","-73.98221692","20","Sophora","Good"
"177684","40.73036678","-73.98000299","15","London planetree","Good"
"178914","40.73050112","-73.98482725","11","littleleaf linden","Poor"
"118389","40.7482176","-74.00352333","3","Sophora","Good"
"143896","40.72413233","-73.99307669","4","Japanese zelkova","Good"
"162142","40.74603262","-73.9849137","13","honeylocust","Good"
"172402","40.73015315","-73.98175992","5","honeylocust","Good"
"172404","40.73020627","-73.9818854","5","honeylocust","Good"
"132704","40.7557836","-74.00552213","8","common hackberry","Fair"
"162141","40.74595238","-73.98472255","10","honeylocust","Good"
"137447","40.75474714","-73.99571792","4","Sophora","Poor"
"177769","40.73172662","-73.982116","2","honeylocust","Good"
"137446","40.7547117","-73.99563398","2",,
"168460","40.72906022","-73.97838414","3","honeylocust","Good"
"168070","40.72544681","-73.98008728","11","honeylocust","Good"
"168072","40.72553973","-73.98030792","11","honeylocust","Good"
"176434","40.7380275","-73.98149568","199","willow oak","Good"
"132703","40.75573461","-74.0055578","9","common hackberry","Poor"
"144886","40.72930951","-74.00136672","6","eastern redbud","Poor"
"174447","40.75510726","-73.96727039","15","ginkgo","Good"
"176581","40.73648654","-73.97980209","11","honeylocust","Good"
"175011","40.75244562","-73.9701322","4","honeylocust","Good"
"172403","40.73017984","-73.98182298","5","honeylocust","Good"
"172405","40.73024657","-73.98198062","6","honeylocust","Good"
"120818","40.74794919","-74.00700408","11","pin oak","Good"
"137347","40.75328849","-73.99387948","3","swamp white oak","Good"
"137352","40.75392638","-73.99539124","3","swamp white oak","Good"
"153664","40.74045433","-73.97713999","3","swamp white oak","Good"
"163999","40.72393212","-73.98046812","11","cockspur hawthorn","Poor"
"168459","40.7290101","-73.97842083","5","honeylocust","Good"
"144889","40.72948285","-74.00172037","11","green ash","Good"
"164162","40.72436388","-73.97941777","13","cherry","Fair"
"177774","40.73242271","-73.9816302","4","London planetree","Good"
"163010","40.72455104","-73.97822993","5","cherry","Good"
"153222","40.73893103","-74.00242792","5","black oak","Good"
"177258","40.73423154","-73.97480329","5","Callery pear","Good"
"174368","40.75538081","-73.96520595","10","Callery pear","Good"
"149443","40.75278411","-73.99510238","7","Callery pear","Good"
"149445","40.75288608","-73.99534417","4","Callery pear","Good"
"161912","40.72760149","-73.97944267","6","green ash","Good"
"174448","40.75513507","-73.96733637","2","river birch","Good"
"164281","40.74685029","-73.98130932","5","Callery pear","Poor"
"177713","40.73093409","-73.98136531","10","northern red oak","Good"
"177077","40.73585875","-73.97633906","6","Japanese zelkova","Good"
"178913","40.73054082","-73.98492125","7","littleleaf linden","Poor"
"162065","40.72879592","-73.98052654","11","Callery pear","Poor"
"135980","40.75928666","-73.9965949","4","Callery pear","Good"
"174451","40.75523232","-73.96756716","5","Callery pear","Good"
"141409","40.757255","-73.9970377","7","Callery pear","Good"
"168207","40.72618597","-73.97817884","5","Callery pear","Good"
"168209","40.72610161","-73.97797877","6","Callery pear","Good"
"177079","40.7357756","-73.9761447","7","Japanese zelkova","Good"
"172399","40.72987784","-73.98110947","2","Japanese zelkova","Good"
"163014","40.72435697","-73.97776825","13","Japanese zelkova","Good"
"178876","40.73066425","-73.98495551","9",,
"163017","40.72416716","-73.97731669","5","northern red oak","Good"
"177084","40.73549734","-73.9754943","0",,
"177257","40.73431807","-73.97482506","4","Callery pear","Good"
"139452","40.74061641","-73.98404847","13","Callery pear","Good"
"163019","40.72410211","-73.97716195","11","northern red oak","Good"
"176973","40.74090793","-73.98147016","9","Japanese zelkova","Good"
"177266","40.73349774","-73.97461865","8","Callery pear","Good"
"177302","40.74059527","-73.97965618","11","Callery pear","Good"
"167130","40.73482112","-73.98019288","11","Callery pear","Good"
"176590","40.73710149","-73.98125179","16","Callery pear","Good"
"177082","40.73561171","-73.97576163","5",,
"163012","40.72442533","-73.97793088","12","Japanese zelkova","Good"
"137422","40.75451128","-73.99562692","2",,
"139453","40.74071474","-73.98397801","4","Japanese zelkova","Fair"
"149446","40.75293959","-73.99547105","6","Callery pear","Good"
"135981","40.75935776","-73.99676429","8","Callery pear","Fair"
"172398","40.72983741","-73.98101394","2","Japanese zelkova","Good"
"178898","40.7236996","-73.98229242","3","northern red oak","Good"
"175695","40.74862038","-73.98041965","7","Callery pear","Good"
"163021","40.7240372","-73.97700754","14","Chinese elm","Good"
"169883","40.72801015","-73.9851582","3","Japanese zelkova","Good"
"172400","40.72993069","-73.98123433","2","Japanese zelkova","Good"
"163013","40.72438737","-73.97784057","9","Japanese zelkova","Good"
"139449","40.74043951","-73.98417523","2","Callery pear","Good"
"163016","40.724276","-73.97757563","6","Japanese zelkova","Good"
"178874","40.73036987","-73.98425791","8","Japanese zelkova","Good"
"168206","40.72621923","-73.97825772","6","Callery pear","Good"
"163015","40.72432618","-73.97769499","7","Callery pear","Good"
"175690","40.74800142","-73.98087072","4","Callery pear","Good"
"139451","40.74055616","-73.98409165","11","Callery pear","Good"
"163018","40.72413397","-73.97723774","10","northern red oak","Good"
"178877","40.73069807","-73.98503565","4","Japanese zelkova","Good"
"168208","40.7261519","-73.97809805","6","Callery pear","Good"
"149023","40.74870179","-73.98931624","0",,
"149444","40.75283123","-73.99521412","4","Callery pear","Good"
"168203","40.7263173","-73.97849029","9","Callery pear","Good"
"164394","40.74643023","-73.98365744","0",,
"168668","40.72927986","-73.9778986","0",,
"164392","40.74633758","-73.98343818","4","Japanese zelkova","Fair"
"174602","40.7499032","-73.97019472","10","Japanese zelkova","Good"
"176578","40.73633414","-73.97944282","5","Callery pear","Fair"
"168353","40.725107","-73.97513356","0",,
"175688","40.74766521","-73.9811184","4",,
"120816","40.74787623","-74.00683031","6","Callery pear","Good"
"174600","40.74981126","-73.96997576","11","Japanese zelkova","Good"
"167129","40.73495641","-73.98009471","9","Japanese zelkova","Good"
"168671","40.72908359","-73.97743438","8","honeylocust","Good"
"172401","40.73012606","-73.98169591","6","honeylocust","Good"
"177078","40.73583601","-73.97628591","6","Japanese zelkova","Good"
"144955","40.73000348","-74.00188399","14","Japanese zelkova","Poor"
"168064","40.72517964","-73.97945282","8","Callery pear","Good"
"131429","40.75951931","-74.00281907","3","common hackberry","Good"
"139448","40.74038601","-73.98421357","12","Callery pear","Good"
"174608","40.75023407","-73.97098271","5","Callery pear","Good"
"177768","40.73161998","-73.98219281","2","honeylocust","Good"
"178921","40.73016721","-73.98403675","9","honeylocust","Fair"
"148191","40.74343287","-73.9825619","6","red maple","Good"
"168458","40.7289336","-73.97847682","2","honeylocust","Good"
"168672","40.72902745","-73.97730161","3","pin oak","Good"
"164197","40.72519271","-73.9810326","10","honeylocust","Good"
"134100","40.74970428","-73.98183365","4","honeylocust","Good"
"134099","40.74986637","-73.98221977","5","honeylocust","Good"
"175689","40.74792402","-73.98092682","13","ginkgo","Good"
"172369","40.72518828","-73.98164389","2","American linden","Good"
"176076","40.73545658","-73.98250139","6","red maple","Poor"
"174446","40.75505937","-73.96715674","12","honeylocust","Good"
"172406","40.73026605","-73.98202665","5","honeylocust","Good"
"178945","40.72903703","-73.98307702","4","pin oak","Good"
"178897","40.72363236","-73.98234135","8","ginkgo","Good"
"178915","40.73045821","-73.98472567","12","honeylocust","Good"
"134192","40.74939096","-73.98296471","5","honeylocust","Good"
"141412","40.75751222","-73.99684833","4","honeylocust","Good"
"178912","40.7306277","-73.98512692","9","honeylocust","Good"
"168676","40.72876076","-73.97667088","2","littleleaf linden","Good"
"141410","40.75731296","-73.99699503","4","honeylocust","Good"
"153451","40.74283849","-73.97711037","13","honeylocust","Good"
"176419","40.73947642","-73.97857253","9","green ash","Good"
"148190","40.74345969","-73.9826257","8","red maple","Good"
"168461","40.72920866","-73.97827549","7","honeylocust","Good"
"164198","40.72527682","-73.98097086","11","honeylocust","Good"
"174440","40.75475044","-73.96642367","12","ginkgo","Good"
"178910","40.73070764","-73.98531619","7","honeylocust","Fair"
"178924","40.73008619","-73.98384496","12","honeylocust","Fair"
"176445","40.7385658","-73.98317911","10","honeylocust","Good"
"153456","40.74344805","-73.97666477","13","honeylocust","Good"
"174567","40.75413231","-73.96495706","3","cherry","Good"
"172416","40.73057793","-73.98328457","4","honeylocust","Good"
"177253","40.73468444","-73.97491725","5","American linden","Poor"
"172364","40.72552606","-73.98244719","10","honeylocust","Poor"
"177252","40.73476073","-73.97493644","5","American linden","Poor"
"177265","40.73360557","-73.97464579","6","honeylocust","Good"
"177267","40.73339395","-73.97459254","2","American linden","Good"
"177228","40.7386965","-73.98260002","4",,
"145147","40.73255818","-74.00019321","7","honeylocust","Fair"
"178878","40.73073136","-73.98511453","16","honeylocust","Good"
"48995","40.73891876","-74.00379361","8","Amur maackia","Fair"
"178920","40.73021504","-73.98414999","15","honeylocust","Good"
"168107","40.72700779","-73.97971036","4","American elm","Fair"
"178909","40.73073602","-73.98538338","9","honeylocust","Fair"
"178918","40.7303331","-73.98442947","14","honeylocust","Good"
"176078","40.73562009","-73.98238306","14","London planetree","Good"
"173347","40.73358318","-74.0032725","10","honeylocust","Fair"
"178908","40.73080078","-73.98553668","9","honeylocust","Fair"
"178919","40.73024995","-73.98423264","9","honeylocust","Good"
"178450","40.7284889","-73.97780478","11","green ash","Fair"
"168678","40.72862915","-73.97635962","2","littleleaf linden","Good"
"175696","40.74879733","-73.97987543","5","honeylocust","Good"
"175698","40.74865236","-73.97998043","5","honeylocust","Good"
"173343","40.73351475","-74.00370636","8","honeylocust","Fair"
"173469","40.73611878","-74.00429881","8","ginkgo","Good"
"177776","40.73230501","-73.98171498","4","London planetree","Good"
"172366","40.72536474","-73.98206354","13","honeylocust","Fair"
"177775","40.73236567","-73.98167129","4","London planetree","Good"
"167131","40.73470722","-73.98027552","14","London planetree","Good"
"177792","40.73337254","-73.98092181","6","London planetree","Good"
"176080","40.73583409","-73.98222819","17","London planetree","Good"
"176433","40.73799651","-73.98142172","16","willow oak","Good"
"176950","40.73990387","-73.97993846","13","London planetree","Good"
"177582","40.72930131","-73.9774579","20","London planetree","Good"
"153448","40.742494","-73.97736219","12","London planetree","Fair"
"153460","40.7438928","-73.97633964","5","London planetree","Good"
"162938","40.72437224","-73.97853563","2","London planetree","Good"
"177845","40.73417642","-73.98033926","6","London planetree","Good"
"176951","40.73998538","-73.98013198","12","London planetree","Good"
"178381","40.7337642","-73.97717181","13","London planetree","Good"
"102893","40.72924762","-73.9857019","11","black locust","Good"
"164100","40.72385783","-73.97911687","14","honeylocust","Good"
"160860","40.73647842","-74.0017839","2","ginkgo","Good"
"164000","40.7239683","-73.98055396","2","London planetree","Good"
"177583","40.72934247","-73.97755661","21","London planetree","Good"
"176585","40.7366844","-73.98026851","6","Callery pear","Good"
"175687","40.74761636","-73.98115365","3",,
"162816","40.72557613","-73.97881081","2","London planetree","Poor"
"137287","40.75389435","-73.9957723","11","American elm","Good"
"139450","40.74049301","-73.98413689","11","Callery pear","Good"
"174610","40.75030916","-73.97116154","12","Callery pear","Good"
"177773","40.73249517","-73.98157801","4","London planetree","Good"
"177846","40.73426838","-73.98027232","6","London planetree","Good"
"174777","40.7536042","-73.96539273","12","London planetree","Good"
"177584","40.72938192","-73.97765121","23","London planetree","Good"
"141411","40.75744947","-73.99689453","5","Callery pear","Good"
"176412","40.73971765","-73.97923055","11","Callery pear","Fair"
"177847","40.73438004","-73.98019105","4","Japanese zelkova","Good"
"178923","40.73011364","-73.98390994","9",,
"174811","40.75426187","-73.96571086","4","Callery pear","Good"
"177300","40.74062555","-73.97972859","11","Callery pear","Good"
"168210","40.72606834","-73.97789988","11","Callery pear","Good"
"139447","40.74033395","-73.98425087","3","Callery pear","Good"
"174877","40.75366598","-73.96579937","13","Callery pear","Good"
"178652","40.74469634","-73.98084273","11","northern red oak","Good"
"174452","40.75532319","-73.96778278","5","Callery pear","Good"
"174607","40.7502086","-73.97092205","10","Callery pear","Fair"
"162053","40.72829697","-73.97934108","8","Callery pear","Poor"
"167580","40.72970148","-73.98361539","12","Callery pear","Good"
"173470","40.73613631","-74.00417317","10","Chinese elm","Good"
"168069","40.72542302","-73.98003078","13","Callery pear","Good"
"178650","40.74493203","-73.9806708","10","northern red oak","Good"
"149129","40.73200274","-73.98505667","7",,
"178643","40.74617337","-73.97976761","9","black oak","Good"
"168068","40.72540056","-73.97997743","16","Callery pear","Fair"
"174808","40.75399622","-73.96590628","5","Callery pear","Good"
"173346","40.73356356","-74.00339686","0",,
"149516","40.75312606","-73.99664077","6","Japanese zelkova","Good"
"175345","40.74679005","-73.98258711","8","Japanese zelkova","Good"
"173341","40.73347195","-74.00397771","7","Callery pear","Good"
"173465","40.73602791","-74.00495009","21","pin oak","Good"
"148188","40.74350298","-73.98272866","2","red maple","Good"
"141353","40.75692715","-73.99866535","4","English oak","Good"
"178944","40.72907718","-73.98317234","4","pin oak","Fair"
"168108","40.72695082","-73.97975165","5",,
"163022","40.72399021","-73.97689575","10","pin oak","Fair"
"191718","40.73933531","-73.98459833","0",,
"148189","40.74347934","-73.98267244","7","red maple","Good"
"141354","40.75696715","-73.99876","4","English oak","Good"
"163011","40.72446993","-73.97803698","8","hedge maple","Good"
"175685","40.74746765","-73.98126093","4","pin oak","Good"
"178637","40.74665888","-73.97941184","5","pin oak","Fair"
"160778","40.7292981","-73.98000767","9","pin oak","Good"
"153454","40.74320336","-73.97684364","13","honeylocust","Good"
"178603","40.74814463","-73.97833159","8","pin oak","Good"
"175697","40.74873723","-73.97991896","4","honeylocust","Good"
"172368","40.72525573","-73.9818043","3","honeylocust","Good"
"149509","40.75040233","-73.97962644","6","English oak","Good"
"173524","40.73682918","-74.00342409","9","pin oak","Good"
"173735","40.73703467","-74.0026146","4","hedge maple","Fair"
"172367","40.72529331","-73.98189366","3","honeylocust","Good"
"173546","40.73410892","-74.00354532","2","ginkgo","Good"
"145146","40.73265059","-74.00012584","8","honeylocust","Good"
"145145","40.73269668","-74.00009224","7","honeylocust","Good"
"145149","40.73241344","-74.00029873","7","honeylocust","Good"
"173548","40.73401554","-74.00414485","6","ginkgo","Good"
"173630","40.7360059","-74.00436182","11","ginkgo","Good"
"173344","40.7335357","-74.00357352","6","honeylocust","Good"
"174930","40.75286528","-73.96519994","9","ginkgo","Poor"
"178604","40.74807487","-73.97838201","6","pin oak","Good"
"145148","40.73245017","-74.00027196","6","honeylocust","Fair"
"168263","40.72575602","-73.97596173","13","hedge maple","Good"
"174928","40.75300036","-73.96510276","12","ginkgo","Good"
"173340","40.73345813","-74.00406533","4","honeylocust","Good"
"174927","40.75313473","-73.96500609","12","ginkgo","Good"
"174929","40.75292042","-73.96516027","9","ginkgo","Good"
"173625","40.73591816","-74.00499661","7","ginkgo","Good"
"173626","40.73593406","-74.00488158","17","ginkgo","Good"
"149130","40.73178059","-73.98521899","4","honeylocust","Good"
"173627","40.73594672","-74.00478998","6","ginkgo","Fair"
"176269","40.73781719","-73.98269399","10","ginkgo","Good"
"148192","40.74341162","-73.98251137","0",,
"173629","40.73599068","-74.00447188","14","honeylocust","Good"
"112827","40.74492597","-74.00328861","5","silver maple","Good"
"178636","40.74687119","-73.97925813","7","honeylocust","Good"
"73126","40.72792433","-73.9933947","2","black locust","Good"
"149515","40.75026336","-73.9828557","3","honeylocust","Poor"
"30504","40.72717211","-73.99636461","2","Japanese tree lilac","Fair"
"133381","40.75888682","-73.97277658","6","hawthorn","Good"
"176580","40.73641168","-73.9796256","10","littleleaf linden","Good"
"13356","40.73569201","-74.0024899","4","Japanese tree lilac","Good"
"176483","40.7390096","-73.97713694","9","honeylocust","Good"
"173544","40.73415605","-74.00324273","10","honeylocust","Fair"
"176270","40.73776961","-73.98258096","12","honeylocust","Good"
"161630","40.7389542","-74.00955728","11","common hackberry","Good"
"132700","40.75545894","-74.00575849","9","common hackberry","Poor"
"178638","40.74658747","-73.97946354","3","honeylocust","Good"
"103396","40.72796713","-73.9805425","3","swamp white oak","Poor"
"103400","40.72766376","-73.97982383","4","swamp white oak","Good"
"160702","40.72930296","-73.9870214","5","Japanese zelkova","Good"
"131446","40.7574293","-74.00432003","2","common hackberry","Good"
"176487","40.73975003","-73.97659833","3",,
"174106","40.75469989","-73.96827814","7","Japanese zelkova","Good"
"151883","40.74921359","-73.98664461","10","Japanese zelkova","Good"
"176187","40.73599067","-73.98055006","10",,
"168679","40.72858208","-73.9762483","2","littleleaf linden","Good"
"161911","40.72766185","-73.97939682","6","green ash","Good"
"161128","40.73709989","-74.00546056","11","honeylocust","Good"
"159556","40.74895105","-74.00523731","9","pin oak","Good"
"141347","40.75670742","-73.9981454","3","pin oak","Good"
"153447","40.74239805","-73.97743233","4","London planetree","Good"
"178333","40.73461092","-73.97918077","19","London planetree","Good"
"133042","40.75995935","-73.97195243","7","hawthorn","Fair"
"177791","40.73330297","-73.98097265","5","London planetree","Good"
"153457","40.74358094","-73.97656762","12","London planetree","Good"
"153449","40.7425818","-73.97729801","11","London planetree","Good"
"174810","40.75419312","-73.96576143","10","Callery pear","Good"
"153459","40.74380788","-73.97640172","14","London planetree","Good"
"153453","40.7430719","-73.97693974","10","London planetree","Good"
"177256","40.73438197","-73.97484114","2","common hackberry","Good"
"176104","40.73721741","-73.98345849","7","Callery pear","Good"
"162413","40.74869449","-73.98710061","4","pin oak","Fair"
"176105","40.73729037","-73.98363223","9","honeylocust","Good"
"173728","40.73690885","-74.00348967","11","London planetree","Fair"
"177697","40.73061544","-73.98061393","12","London planetree","Good"
"177790","40.73320365","-73.98104522","5","London planetree","Good"
"153458","40.7436865","-73.97649045","15","London planetree","Good"
"176577","40.73624992","-73.97924427","12","Callery pear","Good"
"177848","40.73448877","-73.9801119","16","London planetree","Good"
"148193","40.74337364","-73.98242104","13","London planetree","Good"
"176437","40.73834878","-73.98226247","12","Callery pear","Fair"
"163024","40.72391588","-73.97671892","11","Callery pear","Good"
"130881","40.752326","-73.99985394","10","Callery pear","Good"
"178510","40.72997149","-73.98865748","6","Callery pear","Fair"
"174144","40.75346891","-73.96660172","8","silver linden","Good"
"178335","40.73451836","-73.97896273","20","London planetree","Good"
"178337","40.73442138","-73.9787343","16","London planetree","Good"
"153455","40.74331131","-73.97676473","13","London planetree","Good"
"178332","40.73465493","-73.97928443","3","London planetree","Fair"
"173737","40.7370677","-74.00238484","15","American elm","Good"
"176081","40.73589901","-73.9821812","2","London planetree","Good"
"176413","40.73960333","-73.97895286","14","Callery pear","Good"
"176184","40.73615268","-73.98093533","10","Callery pear","Poor"
"141197","40.72982607","-73.98521037","2","Sophora","Good"
"176438","40.73839883","-73.98238195","12","Callery pear","Fair"
"173545","40.73412422","-74.00344705","11","ginkgo","Good"
"163028","40.72371543","-73.97624209","7","Callery pear","Good"
"151875","40.7479756","-73.98269226","7","Sophora","Fair"
"90375","40.74475855","-73.9970171","12","Sophora","Good"
"177104","40.73688626","-73.98048068","10","Callery pear","Good"
"173345","40.73354963","-74.00348519","10","honeylocust","Fair"
"178639","40.74652905","-73.97950584","4","honeylocust","Good"
"178361","40.73393432","-73.97758673","15","London planetree","Good"
"181411","40.72755986","-73.97759777","3","honeylocust","Good"
"162809","40.72589644","-73.97957157","8","honeylocust","Good"
"176534","40.74010934","-73.97668412","23","mulberry","Good"
"162813","40.72573961","-73.97919908","14","honeylocust","Fair"
"162815","40.72564259","-73.97896865","19","honeylocust","Good"
"162807","40.72597485","-73.97975781","9","honeylocust","Good"
"174112","40.75433322","-73.96740023","10","pin oak","Good"
"174773","40.75345525","-73.96503787","16","ginkgo","Good"
"174780","40.7537192","-73.9656667","11","ginkgo","Good"
"176273","40.73764442","-73.98228353","10","Callery pear","Fair"
"173547","40.73408007","-74.00373055","12","ginkgo","Good"
"173700","40.73690198","-74.00213969","9","Callery pear","Good"
"181415","40.72731248","-73.97701322","3","honeylocust","Good"
"178879","40.7309091","-73.98553575","11","honeylocust","Good"
"174776","40.75356786","-73.96530615","9","ginkgo","Good"
"178500","40.75061945","-73.97652588","3","honeylocust","Poor"
"176485","40.739299","-73.97692642","11","honeylocust","Good"
"174779","40.75366163","-73.96552955","13","ginkgo","Good"
"147973","40.74360494","-73.98163813","11","honeylocust","Good"
"174772","40.75343283","-73.96498446","11","ginkgo","Good"
"173738","40.73710777","-74.00210615","6","hedge maple","Good"
"167584","40.72797272","-73.9820126","9","green ash","Good"
"174113","40.7542982","-73.96731639","8","pin oak","Fair"
"162070","40.72903655","-73.98109829","10","green ash","Good"
"123096","40.75979131","-73.96770718","6","white ash","Good"
"176435","40.73817662","-73.98185158","4","green ash","Fair"
"174781","40.75376933","-73.96578614","10","ginkgo","Good"
"175848","40.73100149","-73.98266931","11","honeylocust","Good"
"178520","40.74992453","-73.97703423","4","honeylocust","Good"
"175446","40.72946109","-73.98010704","10","honeylocust","Good"
"174778","40.75363431","-73.96546446","9","ginkgo","Good"
"176415","40.73958224","-73.97882959","14","green ash","Good"
"123152","40.75991516","-73.96895141","4","green ash","Good"
"173731","40.73695647","-74.0031585","9","ginkgo","Fair"
"163826","40.72323077","-73.97851254","2","pin oak","Good"
"163828","40.72329634","-73.97866812","3","pin oak","Good"
"173523","40.73680888","-74.00356374","11","pin oak","Good"
"178522","40.74972143","-73.97718","8","Callery pear","Good"
"174775","40.75352979","-73.96521546","9","ginkgo","Good"
"174809","40.75407216","-73.96585042","5","ginkgo","Good"
"173741","40.73715151","-74.00180193","8","ginkgo","Good"
"181414","40.72740748","-73.9772377","8","honeylocust","Good"
"175445","40.72952338","-73.98025472","14","green ash","Good"
"174774","40.75350154","-73.96514815","15","ginkgo","Good"
"160704","40.72956899","-73.98682918","10","Callery pear","Good"
"162143","40.74632652","-73.98561388","2","swamp white oak","Poor"
"176266","40.73811088","-73.98339176","2","American linden","Good"
"149135","40.7311851","-73.98565224","7","Callery pear","Good"
"153450","40.74268448","-73.97722295","12","London planetree","Good"
"162810","40.7258579","-73.97948003","8","American hophornbeam","Good"
"173742","40.73716517","-74.0017069","15","American elm","Good"
"178519","40.74997801","-73.97699584","3","honeylocust","Good"
"178521","40.74985538","-73.97708386","7","honeylocust","Good"
"174108","40.75451596","-73.96783776","9","ginkgo","Poor"
"181413","40.72745899","-73.97735941","4","Japanese zelkova","Good"
"192631","40.73591794","-74.00175473","3","Callery pear","Good"
"176275","40.73743578","-73.98178784","11","honeylocust","Good"
"178452","40.72834708","-73.97743086","12","London planetree","Fair"
"173525","40.73684958","-74.00328374","12","American elm","Good"
"176410","40.7397473","-73.97930259","7","green ash","Fair"
"175442","40.72963783","-73.9805261","8","green ash","Good"
"178507","40.72998568","-73.98839547","15","London planetree","Fair"
"176488","40.7397995","-73.97656234","4","American linden","Poor"
"176274","40.73760083","-73.98217997","10","honeylocust","Good"
"175455","40.72901485","-73.97904899","2","honeylocust","Good"
"177855","40.73464413","-73.97998798","5","London planetree","Good"
"178334","40.73456651","-73.97907616","21","London planetree","Good"
"178336","40.73447154","-73.97885245","21","London planetree","Good"
"187404","40.75684086","-73.97830417","2","northern red oak","Poor"
"178508","40.72998147","-73.98847321","20","London planetree","Fair"
"151882","40.74913997","-73.98646802","7","Japanese zelkova","Good"
"162811","40.7258034","-73.9793506","11","Chinese elm","Good"
"178453","40.72817054","-73.97734466","0",,
"173204","40.73585083","-74.00553357","9","Chinese elm","Good"
"173206","40.73588041","-74.00531912","17","Chinese elm","Good"
"178339","40.73432601","-73.97850965","14","London planetree","Good"
"178362","40.73388618","-73.97747412","16","London planetree","Good"
"177793","40.73350898","-73.98081085","4","London planetree","Good"
"163822","40.72306344","-73.97811553","5","London planetree","Good"
"178420","40.73286867","-73.97505691","2","London planetree","Poor"
"178338","40.73437363","-73.97862181","14","London planetree","Good"
"174107","40.75456498","-73.96795513","3","London planetree","Good"
"178419","40.7329116","-73.97515307","15","London planetree","Good"
"178421","40.73283103","-73.97497257","15","London planetree","Fair"
"176181","40.73636648","-73.98144377","11","London planetree","Fair"
"175346","40.74683098","-73.98268437","9","Japanese zelkova","Good"
"163820","40.7230111","-73.97792062","6","London planetree","Good"
"48159","40.74323186","-74.00291661","2","maple","Good"
"100771","40.7512238","-74.00787598","2","common hackberry","Good"
"167319","40.73439484","-73.98621561","5","dawn redwood","Good"
"192918","40.74035425","-74.00419334","12","ginkgo","Good"
"173771","40.73595613","-74.00535759","8","honeylocust","Fair"
"176180","40.73643686","-73.98161114","0",,
"178418","40.7329491","-73.97523709","17","London planetree","Fair"
"178454","40.72820687","-73.97742422","3",,
"161910","40.72770914","-73.9793609","4","Sophora","Good"
"81973","40.74301914","-73.99722914","15","Sophora","Good"
"174111","40.75437313","-73.96749577","16","willow oak","Good"
"151884","40.74932731","-73.98691742","5","Japanese zelkova","Good"
"177268","40.73332521","-73.97457524","2","American elm","Good"
"178423","40.73274337","-73.9747762","2","London planetree","Good"
"174443","40.75488428","-73.96674127","5","cherry","Good"
"152799","40.72334188","-73.98068475","9","Sophora","Good"
"168266","40.72620228","-73.97563803","12","sugar maple","Good"
"147925","40.74429705","-73.98271212","18","Sophora","Good"
"152805","40.72310125","-73.98011388","15","Sophora","Good"
"178424","40.73269114","-73.97465919","18","London planetree","Fair"
"163996","40.72372687","-73.97998119","11","Sophora","Good"
"172287","40.72309226","-73.98197241","8","Sophora","Good"
"153642","40.75160271","-73.98987945","8","Sophora","Good"
"152724","40.72329975","-73.98084565","13","Sophora","Good"
"162106","40.74745436","-73.98307299","2","swamp white oak","Good"
"172289","40.7231655","-73.98214592","11","Sophora","Good"
"167212","40.73453514","-73.98225536","14","Sophora","Good"
"129908","40.73094224","-74.00621424","13","Sophora","Good"
"147703","40.75594771","-73.99664565","3","swamp white oak","Good"
"177304","40.74045579","-73.97939379","2","pin oak","Good"
"126327","40.73043754","-73.98826386","16","Cornelian cherry","Good"
"73130","40.72821518","-73.99398101","2","black locust","Good"
"167320","40.73433989","-73.98625498","6","Sophora","Good"
"156517","40.74275852","-74.00397619","4","pin oak","Good"
"163824","40.72315096","-73.97832319","3","pin oak","Good"
"178947","40.72888599","-73.98271844","4","littleleaf linden","Poor"
"141346","40.75668022","-73.99808103","4","swamp white oak","Good"
"148194","40.74329343","-73.98223028","2","red maple","Good"
"163823","40.72311864","-73.9782465","4","pin oak","Good"
"175332","40.74864037","-73.98726477","8","Japanese zelkova","Good"
"163827","40.72326269","-73.97858828","3","pin oak","Good"
"192675","40.73651271","-74.00193145","1",,
"132707","40.75601989","-74.00535011","8","common hackberry","Good"
"100855","40.75211311","-74.00755214","2","common hackberry","Good"
"175337","40.74807012","-73.98590727","8","Japanese zelkova","Good"
"176441","40.73599037","-73.97934003","3",,
"192332","40.7480314","-73.99540615","7","pin oak","Good"
"172286","40.7230631","-73.98190332","9","Sophora","Good"
"163995","40.72369268","-73.97990009","14","Sophora","Good"
"131438","40.75866462","-74.00343289","3","common hackberry","Good"
"121451","40.72569126","-73.9788221","2","Kentucky coffeetree","Good"
"147945","40.75690757","-73.99702025","5","Sophora","Poor"
"147946","40.75687336","-73.99693872","6","Sophora","Good"
"168285","40.72646418","-73.9749284","3","Sophora","Good"
"152803","40.72316935","-73.98027545","7","Sophora","Good"
"164396","40.74688693","-73.98473213","0",,
"160849","40.73642819","-74.00145769","4","Japanese zelkova","Good"
"123095","40.75973128","-73.96775089","7","white ash","Good"
"174768","40.75589313","-73.96761712","2","green ash","Good"
"147948","40.75680599","-73.99677817","5","Sophora","Good"
"170434","40.73217372","-73.98783241","7","ginkgo","Fair"
"173205","40.73587061","-74.00539013","9","Callery pear","Good"
"173701","40.73685851","-74.00212736","14","Callery pear","Good"
"178569","40.7299742","-73.98898545","7","Callery pear","Fair"
"191722","40.73889215","-73.9835577","16","Callery pear","Good"
"163026","40.72383689","-73.97653103","12","Callery pear","Good"
"177734","40.73126491","-73.98211146","20","Callery pear","Good"
"178570","40.73002649","-73.98910989","16","Callery pear","Good"
"191723","40.73883074","-73.98341349","14","Callery pear","Fair"
"173702","40.73681504","-74.00211504","4","Callery pear","Good"
"173704","40.73670611","-74.00208415","8","Callery pear","Good"
"191720","40.73914638","-73.98415468","14","Callery pear","Good"
"176185","40.73609956","-73.98080901","11","Callery pear","Good"
"167282","40.73533054","-73.98415913","8","Sophora","Good"
"147611","40.75631707","-73.99772082","10","Callery pear","Good"
"176533","40.74008083","-73.97661743","19","mulberry","Good"
"178509","40.7299764","-73.98856678","7","Callery pear","Good"
"173703","40.7367689","-74.00210195","9","Callery pear","Good"
"173699","40.73694437","-74.00215171","18","Callery pear","Good"
"175453","40.72914834","-73.97936549","12","Callery pear","Fair"
"175454","40.72911973","-73.97929765","12","Callery pear","Fair"
"171324","40.72529654","-73.97474323","17","Callery pear","Good"
"175333","40.74831775","-73.98649677","5","Callery pear","Good"
"182343","40.7463121","-73.99415946","8","Callery pear","Good"
"192676","40.73655458","-74.00194325","10","Callery pear","Good"
"160790","40.73015871","-73.98639947","11","Callery pear","Good"
"173424","40.73400108","-74.00295271","16","Callery pear","Fair"
"182344","40.74622858","-73.99422039","11","Callery pear","Good"
"176188","40.73593622","-73.98042058","8","Callery pear","Good"
"177306","40.74042405","-73.9793179","2","pin oak","Good"
"176189","40.73588178","-73.98029111","10","Callery pear","Good"
"163821","40.72302873","-73.97803317","6","London planetree","Good"
"164397","40.74699635","-73.98499033","4","swamp white oak","Good"
"178422","40.73278796","-73.9748761","15","London planetree","Fair"
"176271","40.73772815","-73.98248245","2","honeylocust","Good"
"176186","40.73604379","-73.98067638","11","Callery pear","Good"
"160791","40.73006591","-73.98646815","8","Callery pear","Good"
"192915","40.74054462","-74.00464874","7","Callery pear","Good"
"169885","40.72780915","-73.98530295","6","littleleaf linden","Poor"
"178916","40.73041717","-73.98462852","11","littleleaf linden","Fair"
"153173","40.73941003","-74.00194968","14","littleleaf linden","Good"
"176267","40.73806702","-73.98328757","4","Callery pear","Good"
"177305","40.7404633","-73.97934059","9","Callery pear","Good"
"175451","40.72923378","-73.97956807","9","honeylocust","Good"
"175692","40.74815334","-73.98076063","16","willow oak","Good"
"174881","40.75350861","-73.96542053","16","London planetree","Good"
"192917","40.74048646","-74.00450959","8","Callery pear","Good"
"192499","40.73526288","-74.0008279","11","Callery pear","Good"
"177270","40.73312949","-73.974526","2","American elm","Good"
"175336","40.74814231","-73.98607913","7","Callery pear","Good"
"175334","40.74827741","-73.98640073","4","Callery pear","Good"
"192921","40.74021253","-74.00385433","8","Callery pear","Fair"
"176484","40.73923752","-73.97697115","7","honeylocust","Good"
"173342","40.73349301","-74.00384415","5","littleleaf linden","Poor"
"192920","40.74024373","-74.00392896","11","ginkgo","Poor"
"174117","40.75407648","-73.96678554","14","ginkgo","Good"
"178666","40.74431824","-73.98111762","6","honeylocust","Good"
"178668","40.74423039","-73.98118242","7","honeylocust","Good"
"192679","40.73681973","-74.00201802","4","littleleaf linden","Good"
"174109","40.75448755","-73.96776974","6","ginkgo","Good"
"174004","40.75439263","-73.9687137","4","ginkgo","Good"
"192333","40.74805925","-73.99547292","6","pin oak","Fair"
"176272","40.73768855","-73.98238836","8","honeylocust","Good"
"170396","40.73163373","-73.98725585","14","London planetree","Fair"
"176182","40.7362961","-73.98127639","17","London planetree","Fair"
"176442","40.73606203","-73.97928671","16","pin oak","Good"
"149513","40.75075162","-73.98045632","6","littleleaf linden","Fair"
"192336","40.74817621","-73.99575327","5","littleleaf linden","Good"
"198458","40.7446407","-73.97969144","6","pin oak","Fair"
"168677","40.72868316","-73.97648734","2","littleleaf linden","Good"
"178873","40.73030915","-73.98411403","11","littleleaf linden","Poor"
"178505","40.72999852","-73.9881583","10","littleleaf linden","Good"
"30626","40.7255683","-73.99504245","2","shingle oak","Good"
"173633","40.7360587","-74.00397981","20","littleleaf linden","Good"
"192353","40.75383635","-73.98713454","9","Callery pear","Good"
"178917","40.73037547","-73.98452978","7","Callery pear","Good"
"170395","40.73157265","-73.98711142","20","London planetree","Good"
"176183","40.7362297","-73.98111849","21","London planetree","Good"
"149508","40.75037535","-73.97956234","7","littleleaf linden","Fair"
"173740","40.73713795","-74.00189624","9","ginkgo","Fair"
"147972","40.74365291","-73.98160305","11","honeylocust","Good"
"195241","40.7354522","-73.99856031","13","London planetree","Fair"
"170393","40.7314825","-73.98689823","16","London planetree","Good"
"192564","40.73581109","-74.00114055","12","London planetree","Good"
"173708","40.73655371","-74.00204094","5","cherry","Good"
"192919","40.74029238","-74.00404534","0",,
"28255","40.73687805","-73.99147376","11","bald cypress","Good"
"162064","40.72873347","-73.98037816","2","Callery pear","Poor"
"149435","40.75240979","-73.9942148","6","honeylocust","Good"
"177290","40.74121505","-73.98113833","8","honeylocust","Good"
"198459","40.74467211","-73.97976633","4",,
"175702","40.74806016","-73.98041246","13","American elm","Fair"
"175449","40.72930725","-73.97974226","7","honeylocust","Fair"
"176276","40.73739883","-73.98170006","11","honeylocust","Good"
"174110","40.75445214","-73.96768495","8","ginkgo","Good"
"174116","40.75414704","-73.96695448","7","ginkgo","Good"
"178457","40.72842259","-73.97793202","3","honeylocust","Good"
"176294","40.73739693","-73.98138619","12","honeylocust","Good"
"175680","40.74694172","-73.98323573","4","Japanese zelkova","Fair"
"176135","40.73708683","-73.98425328","11","honeylocust","Fair"
"153685","40.75381353","-73.99128123","2","ginkgo","Good"
"178455","40.72824059","-73.97750361","3","honeylocust","Good"
"153684","40.75376903","-73.99117542","2","ginkgo","Good"
"178667","40.74426605","-73.98115611","6","honeylocust","Good"
"175691","40.7480769","-73.98081602","11","honeylocust","Good"
"176134","40.73714304","-73.98421243","10","honeylocust","Good"
"177075","40.73598523","-73.9766347","10","tree of heaven","Good"
"177339","40.73078167","-73.97401271","4","honeylocust","Good"
"177334","40.73921204","-73.98270021","13","honeylocust","Good"
"177333","40.73896932","-73.98287924","7","ginkgo","Fair"
"71145","40.72752573","-74.00718348","3","paper birch","Good"
"147346","40.74886048","-73.9951777","5","honeylocust","Good"
"177224","40.73851621","-73.98217525","2","northern red oak","Good"
"171325","40.72556121","-73.97455077","4","northern red oak","Good"
"177225","40.73855553","-73.98226789","2","northern red oak","Good"
"164395","40.74680263","-73.9845332","4","swamp white oak","Good"
"178324","40.73474315","-73.97950933","6","swamp white oak","Good"
"175681","40.74691712","-73.98317732","4","Japanese zelkova","Fair"
"147716","40.74348009","-73.98195858","11","honeylocust","Good"
"174884","40.75337137","-73.96509015","11","ginkgo","Good"
"192317","40.74745969","-73.99403572","4","honeylocust","Good"
"191721","40.7389773","-73.98375763","11","honeylocust","Fair"
"178456","40.72837013","-73.97780854","2","honeylocust","Good"
"178942","40.72925906","-73.98360415","3","honeylocust","Good"
"175510","40.72861526","-73.97869927","4","Cornelian cherry","Good"
"95035","40.73870992","-74.00711083","9","Siberian elm","Good"
"30423","40.73461119","-73.99657141","23","black walnut","Good"
"136733","40.72410219","-73.99055653","11","smoketree","Good"
"149503","40.7530081","-73.99642607","12","honeylocust","Good"
"134090","40.74990689","-73.98360248","3","swamp white oak","Good"
"169884","40.72787174","-73.98525788","14","northern red oak","Good"
"147924","40.74438801","-73.98292723","15","Sophora","Fair"
"147949","40.75677231","-73.9966979","4","Sophora","Good"
"177335","40.73930875","-73.98262887","10","honeylocust","Good"
"176133","40.7372324","-73.98414748","16","honeylocust","Good"
"147717","40.74356476","-73.9818974","9","honeylocust","Fair"
"182409","40.74749028","-73.99603977","8","ginkgo","Fair"
"178948","40.72858711","-73.98200887","11","honeylocust","Good"
"176439","40.7357921","-73.97948754","11","honeylocust","Good"
"192324","40.7477039","-73.9946211","5","honeylocust","Good"
"192320","40.74757295","-73.99430721","4","honeylocust","Good"
"176440","40.73588288","-73.97942","4","honeylocust","Good"
"149511","40.75057099","-73.98002717","5","American linden","Fair"
"192331","40.74799932","-73.99532926","7","honeylocust","Good"
"192316","40.74740688","-73.99390915","3","honeylocust","Good"
"177222","40.73843222","-73.98197735","5","American linden","Good"
"197760","40.75050913","-73.97478247","9","honeylocust","Good"
"173202","40.7364296","-74.00355339","11","honeylocust","Good"
"197759","40.75059522","-73.97471943","7","honeylocust","Good"
"192329","40.74792725","-73.99515649","9","honeylocust","Fair"
"177226","40.73859164","-73.98235297","11","ginkgo","Poor"
"192318","40.74749968","-73.9941316","4","honeylocust","Good"
"192325","40.74773069","-73.99468534","4","honeylocust","Good"
"153680","40.75167519","-73.98747106","9","ginkgo","Good"
"192322","40.74763657","-73.99445973","4","honeylocust","Good"
"182349","40.74836942","-73.99592161","4","pin oak","Fair"
"192326","40.74775683","-73.99474799","5","honeylocust","Good"
"160789","40.73020654","-73.98636407","12","honeylocust","Good"
"168487","40.72907601","-73.9782062","2","honeylocust","Good"
"192319","40.74753057","-73.99420564","4","honeylocust","Good"
"173203","40.73655568","-74.00358927","8","honeylocust","Good"
"192321","40.7476103","-73.99439676","5","honeylocust","Good"
"192328","40.74780976","-73.99487487","5","honeylocust","Good"
"192323","40.7476771","-73.99455687","4","honeylocust","Good"
"197991","40.74834692","-73.97604888","6","honeylocust","Good"
"192327","40.74778363","-73.99481222","5","honeylocust","Good"
"170391","40.73138594","-73.98666992","8","honeylocust","Good"
"174883","40.75343032","-73.96523206","11","ginkgo","Good"
"177217","40.73818693","-73.98139944","10","honeylocust","Good"
"175513","40.72834813","-73.97889261","2","honeylocust","Good"
"187498","40.75988286","-73.97444205","6","American linden","Fair"
"177215","40.73807886","-73.98114483","13","honeylocust","Good"
"182408","40.74756736","-73.99622292","4","ginkgo","Good"
"135917","40.75965724","-73.99584227","10","honeylocust","Good"
"177672","40.73022852","-73.97968085","15","London planetree","Good"
"160793","40.72984347","-73.98663277","12","honeylocust","Good"
"197761","40.75038923","-73.97487026","12","honeylocust","Good"
"177216","40.73814653","-73.98130427","15","honeylocust","Good"
"177218","40.7382431","-73.98153178","11","honeylocust","Good"
"182329","40.74565691","-73.99093412","4","ginkgo","Good"
"172288","40.72312555","-73.98205128","6","Sophora","Good"
"192566","40.7358351","-74.00099971","17","London planetree","Good"
"195242","40.73548134","-73.99862943","5","ginkgo","Good"
"192916","40.74051818","-74.00458549","8","Callery pear","Good"
"197994","40.74866861","-73.97581517","8","honeylocust","Good"
"197762","40.75029475","-73.97493944","11","honeylocust","Good"
"170388","40.73117361","-73.98616787","4","honeylocust","Good"
"170392","40.73144195","-73.98680236","21","London planetree","Good"
"176255","40.73532702","-73.97982587","9","honeylocust","Good"
"176256","40.73525249","-73.97987984","5","honeylocust","Good"
"134269","40.74923783","-73.98384649","5","Sophora","Fair"
"134268","40.74932446","-73.9837825","6","Sophora","Good"
"176101","40.73673373","-73.98230672","9","Sophora","Good"
"176103","40.73705609","-73.98307436","16","Sophora","Good"
"173649","40.73372693","-74.00436029","12","honeylocust","Fair"
"177109","40.73653214","-73.97963717","7","Sophora","Good"
"168286","40.72643057","-73.97484688","3","Sophora","Good"
"168670","40.72913719","-73.97756116","5","Sophora","Good"
"153452","40.74294476","-73.97703268","11","Sophora","Good"
"176586","40.73672316","-73.9803599","13","Sophora","Good"
"182490","40.74741075","-73.99557243","4","honeylocust","Good"
"170394","40.73151931","-73.98698527","19","London planetree","Good"
"195368","40.73502122","-73.99866376","5","honeylocust","Good"
"178911","40.73067433","-73.98523733","17","Sophora","Good"
"176254","40.73544002","-73.97974406","11","honeylocust","Good"
"168060","40.72496776","-73.97894967","7","Sophora","Good"
"162095","40.74568294","-73.98436059","9","Sophora","Good"
"163027","40.72377955","-73.97639461","2","Sophora","Good"
"178403","40.73326342","-73.97598767","16","London planetree","Good"
"178943","40.72915403","-73.98335479","11","Sophora","Fair"
"192498","40.73528433","-74.00068635","17","Callery pear","Good"
"171574","40.72760058","-73.97568326","6","American linden","Poor"
"156751","40.73961735","-74.00948516","4","Sophora","Good"
"156752","40.73965555","-74.00946401","4","Sophora","Good"
"173467","40.73607085","-74.00464238","6","Sophora","Good"
"177255","40.73450597","-73.97487234","7","Sophora","Good"
"182486","40.74723591","-73.99515932","11","London planetree","Fair"
"135916","40.75970209","-73.99594907","4","Sophora","Good"
"168061","40.72503675","-73.97911349","2","Sophora","Good"
"168063","40.72511344","-73.97929562","3","Sophora","Good"
"145099","40.73276442","-73.99961777","5","Sophora","Good"
"168106","40.72723059","-73.97954885","3","Sophora","Good"
"175456","40.72895603","-73.97890952","3","Sophora","Good"
"176106","40.73737262","-73.98382809","18","Sophora","Good"
"171575","40.72749016","-73.97542133","3","honeylocust","Good"
"134267","40.74953265","-73.98362872","7","Sophora","Good"
"175699","40.74853648","-73.98006437","4","Sophora","Good"
"176102","40.73701364","-73.98297327","15","Sophora","Good"
"176257","40.73521643","-73.97990595","10","honeylocust","Good"
"182488","40.7473224","-73.99536367","4","honeylocust","Good"
"163020","40.72407291","-73.97709248","7","sweetgum","Good"
"156750","40.73958194","-74.00950477","3","Sophora","Good"
"164393","40.74639371","-73.983571","4","Japanese zelkova","Poor"
"174118","40.75395571","-73.96649639","3","sweetgum","Good"
"173730","40.73694163","-74.00326168","16","Ohio buckeye","Good"
"173706","40.73663313","-74.00206346","8","Callery pear","Good"
"145098","40.73268559","-73.99945534","15","Sophora","Good"
"182484","40.74705572","-73.99473359","4","honeylocust","Good"
"177271","40.73303082","-73.97450117","6","Sophora","Good"
"131120","40.75504855","-73.99895154","6","sawtooth oak","Good"
"198998","40.75545886","-73.98142563","4","American linden","Good"
"174770","40.75559217","-73.96784043","3","Sophora","Poor"
"173733","40.73700245","-74.00283868","3","sweetgum","Good"
"177269","40.73322088","-73.97454899","6","Sophora","Fair"
"147718","40.74374757","-73.98176529","16","Sophora","Good"
"173709","40.73651615","-74.00203029","4","cherry","Good"
"175703","40.74797662","-73.98047333","4","katsura tree","Poor"
"145100","40.73284473","-73.99978325","10","Sophora","Good"
"170436","40.73241825","-73.9876547","8","littleleaf linden","Good"
"168058","40.72488362","-73.97874986","4","sawtooth oak","Good"
"168056","40.72480639","-73.97856647","2","sawtooth oak","Poor"
"187497","40.75990826","-73.97450236","6","silver linden","Fair"
"192339","40.74828022","-73.99600262","5","littleleaf linden","Fair"
"182294","40.74555615","-73.99145377","5","Callery pear","Poor"
"173638","40.73565314","-74.00509093","13","ginkgo","Good"
"182485","40.74718972","-73.9950502","4","honeylocust","Good"
"182492","40.7475864","-73.99598745","4","ginkgo","Good"
"197938","40.74931915","-73.97707615","12","ginkgo","Poor"
"177250","40.73507587","-73.97501574","2","common hackberry","Good"
"182289","40.74616173","-73.99261137","4","cherry","Good"
"118963","40.7338814","-73.98881832","5","sawtooth oak","Fair"
"182260","40.7466106","-73.99175973","6","Callery pear","Good"
"160792","40.72993819","-73.98656267","15","Callery pear","Good"
"173705","40.7366664","-74.00207289","11","Callery pear","Good"
"176421","40.73944271","-73.97849065","10","green ash","Fair"
"197182","40.74429607","-73.98242074","12","London planetree","Poor"
"147971","40.74370904","-73.981562","4","'Schubert' chokecherry","Good"
"192565","40.73582393","-74.0010652","20","Callery pear","Good"
"195369","40.73514103","-73.99857504","11","Callery pear","Good"
"176414","40.73957041","-73.97887288","13","green ash","Good"
"175444","40.72956224","-73.98034686","15","green ash","Good"
"182411","40.74720348","-73.99535833","8","pin oak","Fair"
"174334","40.75408266","-73.96615325","6","Callery pear","Good"
"182412","40.74711763","-73.99515434","10","pin oak","Good"
"182414","40.7470012","-73.99487773","11","pin oak","Good"
"162847","40.72547101","-73.977736","3","cherry","Good"
"182491","40.74744626","-73.99565632","7","pin oak","Good"
"133385","40.75861927","-73.9729705","7","hawthorn","Good"
"170390","40.73131259","-73.98649647","7","red maple","Fair"
"192678","40.73673761","-74.00199486","12","littleleaf linden","Good"
"121544","40.72658043","-73.98494985","19","'Schubert' chokecherry","Good"
"192680","40.73689219","-74.00203845","11","littleleaf linden","Good"
"178504","40.73000522","-73.98803449","9","littleleaf linden","Good"
"174115","40.75419976","-73.96708071","10","Callery pear","Good"
"194686","40.73675188","-73.99939312","16","London planetree","Fair"
"197943","40.7489155","-73.97612127","9","ginkgo","Good"
"182369","40.74669449","-73.99578192","10","honeylocust","Good"
"195371","40.73526395","-73.99848402","9","London planetree","Fair"
"182365","40.74612826","-73.99444258","4","Callery pear","Good"
"182489","40.74737952","-73.99549864","8","Callery pear","Good"
"192354","40.75395029","-73.98709843","6","Callery pear","Good"
"133438","40.75681956","-73.97425034","5","hawthorn","Fair"
"173707","40.73659611","-74.00205296","10","Callery pear","Good"
"187499","40.75985732","-73.97438143","8","Callery pear","Fair"
"174335","40.7541474","-73.9661058","7","Callery pear","Good"
"182331","40.745764","-73.99085613","7","Callery pear","Good"
"194685","40.73680057","-73.99950864","15","London planetree","Poor"
"182373","40.7469848","-73.99646864","6","pin oak","Fair"
"177223","40.73847341","-73.98207441","13","littleleaf linden","Good"
"197983","40.74863213","-73.97615218","11","pin oak","Good"
"182350","40.74834313","-73.99585907","4","pin oak","Good"
"182418","40.74684518","-73.99450702","5","pin oak","Good"
"177219","40.73832308","-73.98172022","6","littleleaf linden","Good"
"177221","40.73838487","-73.9818658","6","littleleaf linden","Good"
"141408","40.75719177","-73.99708425","4","honeylocust","Good"
"187228","40.75249473","-73.97961088","3","honeylocust","Poor"
"197936","40.74940023","-73.97726794","2","ginkgo","Good"
"182482","40.74698377","-73.99456361","3","honeylocust","Good"
"197941","40.74901725","-73.97636196","6","ginkgo","Good"
"187227","40.75257944","-73.97954903","4","honeylocust","Poor"
"182483","40.74701768","-73.99464371","4","honeylocust","Good"
"160775","40.72938582","-73.98021519","11","green ash","Good"
"182487","40.74728436","-73.99527379","3","London planetree","Poor"
"200420","40.75687311","-73.9828396","1",,
"197924","40.74943448","-73.97705793","5","ginkgo","Good"
"197181","40.74432588","-73.98249144","13","honeylocust","Fair"
"182291","40.74562975","-73.99134074","5","American linden","Good"
"197918","40.74911974","-73.97631514","9","honeylocust","Good"
"197916","40.74902489","-73.97609129","6","honeylocust","Good"
"194579","40.72855049","-73.9898433","2","pin oak","Good"
"195245","40.7356615","-73.99905676","20","London planetree","Good"
"197180","40.74434558","-73.98253815","11","honeylocust","Fair"
"197940","40.74908526","-73.97652284","6","ginkgo","Good"
"197942","40.74895724","-73.97622","10","ginkgo","Good"
"194687","40.73670493","-73.99928169","11","American elm","Fair"
"194688","40.73665798","-73.99917027","10","American elm","Good"
"182410","40.74742715","-73.99588978","8","ginkgo","Fair"
"197922","40.74936207","-73.97688705","4","honeylocust","Good"
"197921","40.74932734","-73.97680508","9","ginkgo","Good"
"197917","40.74909369","-73.97625366","8","honeylocust","Good"
"197864","40.74982256","-73.97633902","4","American linden","Good"
"192677","40.73661792","-74.00196111","16","ginkgo","Good"
"197863","40.74986228","-73.97643303","6","American linden","Good"
"176067","40.73624017","-73.98222515","8","ginkgo","Good"
"191854","40.7237359","-73.99135428","15","London planetree","Good"
"195247","40.73580786","-73.99940392","10","London planetree","Fair"
"203267","40.73283245","-73.98470942","9","honeylocust","Good"
"195257","40.73624068","-74.0004306","15","London planetree","Fair"
"195258","40.7362939","-74.00055684","17","London planetree","Good"
"182493","40.7476462","-73.99612873","4","ginkgo","Good"
"192004","40.72708294","-74.00025278","12","American elm","Good"
"203254","40.73374729","-73.98628157","9","ginkgo","Good"
"182481","40.74695107","-73.99448635","4","honeylocust","Good"
"182290","40.74611567","-73.99250134","3","honeylocust","Fair"
"197179","40.74439948","-73.98266598","14","honeylocust","Fair"
"195256","40.73619584","-74.00032424","15","London planetree","Good"
"197923","40.74937784","-73.97692426","8","ginkgo","Good"
"203266","40.73293032","-73.98463786","9","honeylocust","Good"
"197937","40.74934956","-73.97714807","10","ginkgo","Fair"
"197919","40.74917719","-73.97645071","7","honeylocust","Good"
"178669","40.74415881","-73.98123522","19","Callery pear","Good"
"174119","40.75391897","-73.96640844","7","Callery pear","Good"
"197781","40.75032804","-73.97534965","8","American linden","Poor"
"192563","40.73579404","-74.00124055","5","Callery pear","Good"
"182366","40.7461632","-73.99452522","4","Callery pear","Good"
"182325","40.74503204","-73.99138895","9","Callery pear","Fair"
"192003","40.72702501","-74.00013445","28","Callery pear","Good"
"174571","40.7539823","-73.96460049","18","Callery pear","Good"
"149510","40.75050906","-73.97988002","7","English oak","Good"
"176068","40.73617875","-73.98227002","3","ginkgo","Fair"
"173471","40.73617196","-74.00410766","13","Japanese zelkova","Good"
"178651","40.74485354","-73.98072806","11","northern red oak","Good"
"160850","40.73640836","-74.00158789","14","Callery pear","Good"
"175683","40.74683496","-73.9829822","4","Japanese zelkova","Fair"
"192562","40.73578191","-74.00131167","3","Japanese zelkova","Good"
"175682","40.74687325","-73.98307313","4","Japanese zelkova","Fair"
"171576","40.72745091","-73.97532824","10","Callery pear","Poor"
"160848","40.73645458","-74.00139031","24","Callery pear","Good"
"195255","40.73615207","-74.0002204","11","London planetree","Good"
"176066","40.73642492","-73.98209021","2","ginkgo","Fair"
"198112","40.74451559","-73.98129998","4","ginkgo","Good"
"195248","40.73584391","-73.99948945","20","London planetree","Fair"
"196034","40.7465228","-73.98024731","6","honeylocust","Good"
"195994","40.74465964","-73.98548631","3","honeylocust","Good"
"182416","40.74690033","-73.99463806","3",,
"194483","40.73654972","-73.9975433","7","honeylocust","Fair"
"198119","40.74486332","-73.98212514","11","honeylocust","Fair"
"196028","40.74675772","-73.98080521","9","honeylocust","Good"
"197920","40.7492031","-73.97651187","6","Japanese zelkova","Poor"
"173637","40.73548369","-74.00504212","16","Chinese elm","Good"
"197926","40.74947055","-73.97714306","8","ginkgo","Good"
"197783","40.75062541","-73.97634197","7","honeylocust","Good"
"174336","40.75421692","-73.96605484","5",,
"173636","40.73542953","-74.00502652","17","Chinese elm","Good"
"192579","40.73591087","-74.00097965","8",,
"173628","40.7359584","-74.00470549","9","honeylocust","Fair"
"169882","40.72808959","-73.98510099","13","Sophora","Good"
"177262","40.73386275","-73.9747105","5","Sophora","Good"
"177264","40.73369965","-73.97466946","6","Sophora","Fair"
"149507","40.75034199","-73.97948308","7","white oak","Fair"
"160703","40.7293768","-73.98696804","11","Sophora","Good"
"182293","40.74552437","-73.99137873","4",,
"178503","40.75025422","-73.97679254","8","Sophora","Fair"
"194481","40.73636888","-73.9976756","8","Japanese zelkova","Fair"
"145096","40.73255375","-73.9991837","16","Sophora","Good"
"178501","40.7505609","-73.97656863","6","Sophora","Good"
"178511","40.72996529","-73.98877192","6","Sophora","Good"
"149512","40.75060023","-73.98009664","7","Sophora","Fair"
"175684","40.74737669","-73.98132656","10","Sophora","Fair"
"144956","40.73017276","-74.0017859","4","Sophora","Poor"
"173729","40.73692466","-74.00337975","13","Ohio buckeye","Good"
"181417","40.72723774","-73.97676607","10","Sophora","Good"
"182308","40.74551792","-73.99298921","7","Sophora","Good"
"175447","40.72939269","-73.97994484","12","Sophora","Good"
"176296","40.7375297","-73.98128874","4","Sophora","Good"
"163023","40.72395663","-73.97681586","3","Sophora","Good"
"175458","40.72880797","-73.97855848","4","Sophora","Good"
"176253","40.73551936","-73.97968661","7","Sophora","Good"
"181412","40.72751022","-73.97748048","3","Sophora","Good"
"168057","40.72483895","-73.97864381","4","sawtooth oak","Good"
"182417","40.7468683","-73.99456196","8","Sophora","Good"
"181416","40.72726135","-73.97682188","9","Sophora","Good"
"173739","40.7371249","-74.00198701","17","Ohio buckeye","Good"
"178502","40.75031133","-73.97675084","7","Sophora","Fair"
"182494","40.74767529","-73.99619747","2","Sophora","Good"
"197984","40.74854045","-73.97621909","5","Japanese zelkova","Good"
"175705","40.74783665","-73.98057531","10","Sophora","Good"
"168485","40.7288666","-73.97835931","5","Sophora","Good"
"200367","40.75689409","-73.98243069","8","pin oak","Good"
"174561","40.75428351","-73.96531647","4","Norway maple","Good"
"177301","40.74058776","-73.97970938","11","Norway maple","Fair"
"174142","40.75365445","-73.96646791","6","Norway maple","Good"
"173334","40.7355167","-74.00590518","23","sawtooth oak","Good"
"196033","40.74656654","-73.98035118","10","Sophora","Good"
"197183","40.74422672","-73.9822563","17","Sophora","Good"
"195243","40.73553483","-73.9987563","21","London planetree","Fair"
"173650","40.73360231","-74.00429773","4","Sophora","Good"
"182413","40.74705011","-73.99499393","9","pin oak","Fair"
"182415","40.74694432","-73.99474258","9","pin oak","Fair"
"174203","40.74997895","-73.96912217","0",,
"192807","40.73971343","-74.00442594","6","Callery pear","Good"
"196008","40.74499421","-73.98486422","8","willow oak","Good"
"168355","40.72519556","-73.97506971","10","sugar maple","Good"
"12897","40.73317522","-74.00534841","7","Japanese tree lilac","Good"
"192375","40.75186427","-73.99249611","11","Callery pear","Good"
"182328","40.74529291","-73.99119709","6","Callery pear","Good"
"194480","40.73624608","-73.99776544","4","Japanese zelkova","Poor"
"197860","40.75001985","-73.97680594","7","Callery pear","Good"
"192809","40.73977703","-74.00457433","6","Callery pear","Good"
"162144","40.74637268","-73.98572384","2","swamp white oak","Fair"
"141350","40.75681408","-73.9983978","5","swamp white oak","Good"
"160776","40.72936503","-73.98016599","9","green ash","Good"
"197993","40.74851029","-73.9759302","5","Callery pear","Poor"
"200360","40.75710644","-73.98367518","2","Callery pear","Good"
"164165","40.72461878","-73.98002322","4","swamp white oak","Good"
"191271","40.73932935","-73.98410188","9","Callery pear","Fair"
"192377","40.7516688","-73.99203239","4","Callery pear","Fair"
"174812","40.75432439","-73.96566487","4","Callery pear","Good"
"177227","40.73864594","-73.98248091","4","Callery pear","Fair"
"175448","40.72933306","-73.97980348","12","green ash","Good"
"102396","40.72711628","-73.98065321","7","shingle oak","Good"
"174879","40.75357295","-73.96557542","15","littleleaf linden","Good"
"192799","40.73932613","-74.00352244","12","ginkgo","Good"
"194479","40.73620603","-73.99779474","6","green ash","Fair"
"170398","40.73193594","-73.98797046","3","green ash","Good"
"197785","40.7505327","-73.97612316","6","honeylocust","Good"
"171321","40.72501433","-73.97494844","10","honeylocust","Good"
"177303","40.74049636","-73.97941965","8","littleleaf linden","Poor"
"195307","40.73554241","-73.99829878","11","Callery pear","Good"
"195310","40.73592044","-73.99802534","5","Callery pear","Good"
"200490","40.75752097","-73.98244047","5","Callery pear","Good"
"171320","40.72495045","-73.97499489","3","ginkgo","Good"
"176411","40.73975351","-73.97924565","13","green ash","Fair"
"202041","40.72684169","-73.98926086","14","honeylocust","Good"
"177771","40.73182049","-73.98204838","2","honeylocust","Good"
"174201","40.74977068","-73.96927504","15","honeylocust","Good"
"201409","40.72317854","-73.99029785","4","ginkgo","Good"
"202042","40.72691503","-73.9894343","18","honeylocust","Good"
"177080","40.73569634","-73.97595945","8","sawtooth oak","Good"
"197861","40.7499628","-73.97667091","5","Callery pear","Good"
"168059","40.72492336","-73.97884424","4","sawtooth oak","Good"
"173734","40.73701703","-74.00273728","6","sawtooth oak","Good"
"173333","40.73562242","-74.0058883","19","sawtooth oak","Fair"
"168486","40.72892345","-73.97831775","3","Sophora","Good"
"197782","40.75035938","-73.97542378","7","American linden","Poor"
"198114","40.74458596","-73.98146697","10","honeylocust","Fair"
"181410","40.72760656","-73.97770813","9","Norway maple","Poor"
"182326","40.74510295","-73.9913368","5","Callery pear","Fair"
"192922","40.74017683","-74.00376894","10","Callery pear","Fair"
"192924","40.73994124","-74.0032054","13","Callery pear","Good"
"192801","40.7394078","-74.00371294","13","ginkgo","Good"
"197184","40.74417721","-73.98213889","13","Sophora","Fair"
"194689","40.73659706","-73.9990257","15","Sophora","Fair"
"192802","40.73944742","-74.00380537","9","ginkgo","Good"
"12891","40.73327912","-74.00466849","7","Japanese tree lilac","Fair"
"192378","40.75158989","-73.9918452","4","Callery pear","Fair"
"182342","40.7464261","-73.99407628","13",,
"192923","40.74014246","-74.00368672","7","Callery pear","Good"
"182367","40.74619894","-73.99460976","3","Callery pear","Good"
"200369","40.75706494","-73.98230593","3","northern red oak","Good"
"191977","40.72622826","-73.99851584","4","black oak","Good"
"197990","40.7483032","-73.97608065","5","Callery pear","Fair"
"174337","40.7542771","-73.96601073","9","honeylocust","Good"
"196029","40.74672315","-73.98072312","11","honeylocust","Good"
"194804","40.73730751","-74.00098944","4","honeylocust","Poor"
"140562","40.74950768","-73.97369234","7","Callery pear","Fair"
"160851","40.73638061","-74.00177011","12","Callery pear","Good"
"182368","40.74624108","-73.99470944","4","Callery pear","Fair"
"167289","40.73566415","-73.98495032","6","'Schubert' chokecherry","Fair"
"192810","40.73982905","-74.00469567","4","Callery pear","Good"
"200423","40.75698757","-73.98311109","7","Callery pear","Good"
"144161","40.72408321","-73.99438774","7","golden raintree","Good"
"191270","40.73930025","-73.9840319","9","Callery pear","Fair"
"136648","40.72410553","-73.99079384","4","Japanese tree lilac","Good"
"173635","40.73609265","-74.00373413","13","red maple","Good"
"192806","40.73968378","-74.00435678","5","Callery pear","Good"
"175511","40.72855491","-73.97874295","4","Cornelian cherry","Good"
"194803","40.737281","-74.00092666","4","honeylocust","Poor"
"198118","40.74478737","-73.98194489","12","honeylocust","Fair"
"197784","40.75057652","-73.97622658","6","honeylocust","Good"
"182324","40.74499036","-73.99141961","9","Callery pear","Fair"
"200422","40.75694751","-73.98301607","6","Callery pear","Fair"
"176416","40.73954383","-73.97873629","10","green ash","Good"
"123153","40.75996559","-73.96907148","5","green ash","Good"
"194807","40.73740984","-74.00123173","4","honeylocust","Poor"
"192800","40.73936764","-74.00361926","13","ginkgo","Good"
"192925","40.7399148","-74.00314215","6","Callery pear","Good"
"192374","40.7519312","-73.9926549","4","Callery pear","Good"
"192808","40.73974712","-74.00450454","5","Callery pear","Good"
"197779","40.75027415","-73.97522221","3","American linden","Poor"
"196027","40.74684188","-73.98100507","9","Callery pear","Fair"
"140447","40.74976256","-73.9742962","8","Japanese zelkova","Fair"
"202046","40.72717907","-73.99005869","21","honeylocust","Good"
"171323","40.72519831","-73.97481466","8","honeylocust","Good"
"177770","40.73177717","-73.98207959","2","honeylocust","Good"
"175441","40.72967483","-73.98061382","8","green ash","Good"
"202044","40.72703772","-73.98972442","17","honeylocust","Good"
"198116","40.74462388","-73.98155693","14","honeylocust","Fair"
"151927","40.74904627","-73.96965806","7","river birch","Good"
"171322","40.72509599","-73.97488906","2","honeylocust","Good"
"194806","40.73737507","-74.00114939","4","honeylocust","Poor"
"202045","40.72709239","-73.98985372","14","honeylocust","Good"
"194808","40.73744342","-74.00131123","4","honeylocust","Poor"
"196006","40.74486027","-73.98496037","7","honeylocust","Good"
"176418","40.73946707","-73.97862185","12","green ash","Good"
"175443","40.72959577","-73.98042638","15","green ash","Good"
"196851","40.74309057","-73.98019056","12","honeylocust","Fair"
"147974","40.74341593","-73.98177636","5","honeylocust","Good"
"200365","40.75681494","-73.9829851","8","ginkgo","Good"
"202043","40.72699505","-73.98962351","13","honeylocust","Good"
"194805","40.73734162","-74.0010702","4","honeylocust","Poor"
"200362","40.75693583","-73.98327129","11","ginkgo","Good"
"195244","40.73558007","-73.99886361","18","London planetree","Fair"
"195246","40.73569875","-73.99914513","18","London planetree","Good"
"160777","40.7293309","-73.98008525","9","green ash","Good"
"177772","40.73208311","-73.98185922","3","London planetree","Good"
"192062","40.72822001","-74.00302524","14","American elm","Fair"
"174200","40.74971221","-73.96931797","16","London planetree","Fair"
"192466","40.75121635","-73.99138596","8",,
"151926","40.74905652","-73.96965111","6","river birch","Good"
"151928","40.74903774","-73.96966384","4","river birch","Good"
"175450","40.72928409","-73.97968735","8","honeylocust","Good"
"174114","40.7542579","-73.9672199","12","ginkgo","Good"
"163025","40.72388933","-73.97665576","10","Callery pear","Good"
"192630","40.73582289","-74.00172827","12","Callery pear","Good"
"176268","40.73783898","-73.98274577","2","katsura tree","Fair"
"194482","40.73647609","-73.99759717","5","Japanese zelkova","Fair"
"197982","40.74868276","-73.97611523","10","pin oak","Good"
"182296","40.74616734","-73.99289732","2",,
"192468","40.75129626","-73.99157572","10","American elm","Good"
"192465","40.75113723","-73.9911981","7",,
"192335","40.74814215","-73.99567164","7","pin oak","Good"
"192467","40.75125597","-73.99148005","7","American elm","Good"
"196007","40.74491616","-73.98492025","9","willow oak","Good"
"192338","40.74823627","-73.99589725","2","red maple","Fair"
"194580","40.72850114","-73.98987957","2","pin oak","Good"
"191928","40.72551106","-73.99706804","5","Japanese zelkova","Good"
"171327","40.72603267","-73.97420793","7","pin oak","Good"
"192334","40.74808895","-73.99554412","5","pin oak","Fair"
"176446","40.73919775","-73.97799523","2","red maple","Fair"
"192056","40.72810228","-74.00231515","14","Chinese elm","Good"
"194581","40.72843957","-73.98992482","2","pin oak","Good"
"197981","40.74874876","-73.97606706","7","northern red oak","Fair"
"171326","40.72575022","-73.97441332","9","pin oak","Good"
"197992","40.74840122","-73.97600944","8","Japanese zelkova","Good"
"192058","40.72818394","-74.00248728","5","pin oak","Good"
"192813","40.7399471","-74.00497107","6","pin oak","Good"
"200366","40.75685161","-73.9824617","8","pin oak","Good"
"191927","40.72548833","-73.99701738","6","Japanese zelkova","Good"
"200370","40.75712853","-73.9822595","5","pin oak","Fair"
"192804","40.73961074","-74.00418639","4","Japanese zelkova","Good"
"192811","40.73987972","-74.00481388","5","pin oak","Good"
"192441","40.73557857","-74.00060205","4","black oak","Good"
"198120","40.74499382","-73.98243481","7","pin oak","Fair"
"121452","40.72566413","-73.97875772","2","Kentucky coffeetree","Good"
"162833","40.72513581","-73.9781828","6","cherry","Good"
"194681","40.73706738","-74.00014183","4","littleleaf linden","Poor"
"187496","40.7599342","-73.97456393","6","littleleaf linden","Poor"
"192580","40.73587348","-74.0012399","9","littleleaf linden","Good"
"174796","40.75529539","-73.96805713","3","green ash","Good"
"191272","40.73935962","-73.98417471","8","Callery pear","Fair"
"187495","40.75995961","-73.97462424","6","littleleaf linden","Poor"
"200424","40.75702191","-73.98319253","7","Callery pear","Fair"
"200491","40.75755517","-73.9825212","4","Callery pear","Fair"
"200421","40.75690678","-73.98291947","6","Callery pear","Fair"
"192469","40.75133575","-73.9916695","7","American elm","Good"
"195979","40.74553746","-73.98536424","4","Japanese zelkova","Good"
"192471","40.75140836","-73.9918419","8","American elm","Good"
"192376","40.75171617","-73.99214477","4","Callery pear","Poor"
"203255","40.73368226","-73.98612721","4","Callery pear","Good"
"203257","40.73357429","-73.9858709","4","Callery pear","Good"
"192474","40.75157457","-73.99223658","9","American elm","Fair"
"192472","40.75144891","-73.9919382","8","American elm","Fair"
"178386","40.73350917","-73.97656143","15","London planetree","Fair"
"178388","40.73342605","-73.97636251","14","London planetree","Good"
"191987","40.72660082","-73.99928959","8","willow oak","Good"
"196025","40.74689253","-73.98112537","5","Callery pear","Poor"
"192470","40.75137604","-73.99176517","7","American elm","Good"
"178389","40.73338231","-73.97625783","2","London planetree","Fair"
"192476","40.7517308","-73.99260758","9","American elm","Good"
"191889","40.72448308","-73.99364202","15","London planetree","Good"
"178346","40.73404027","-73.97785449","23","London planetree","Good"
"178577","40.74850613","-73.97806629","8","willow oak","Fair"
"178345","40.73408678","-73.97796375","21","London planetree","Good"
"176486","40.73964051","-73.97667799","9","green ash","Fair"
"191890","40.7245162","-73.99373477","11","London planetree","Fair"
"197925","40.74943568","-73.97706077","7","ginkgo","Good"
"178384","40.73361924","-73.97682488","17","London planetree","Fair"
"178383","40.73366761","-73.97694063","15","London planetree","Good"
"192475","40.75165328","-73.9924235","9","American elm","Good"
"192477","40.75182428","-73.99282955","10","American elm","Good"
"191892","40.72461021","-73.993998","12","London planetree","Poor"
"192478","40.75189368","-73.99299437","11","American elm","Good"
"178344","40.73413786","-73.97808372","20","London planetree","Good"
"176451","40.73897877","-73.97747405","7","honeylocust","Good"
"198192","40.7448337","-73.98179532","12","honeylocust","Fair"
"197892","40.74934473","-73.97562807","7","honeylocust","Good"
"198191","40.74491341","-73.98198562","13","honeylocust","Fair"
"197891","40.74939634","-73.97559042","9","honeylocust","Good"
"178605","40.74788509","-73.97851916","7","honeylocust","Good"
"197894","40.74913569","-73.97578058","7","honeylocust","Good"
"178578","40.74842851","-73.9781226","8","American linden","Poor"
"200473","40.75739713","-73.98244434","4","ginkgo","Poor"
"200337","40.75627361","-73.98364415","7","honeylocust","Fair"
"200338","40.75623412","-73.98355037","11","ginkgo","Good"
"198019","40.75027028","-73.97464762","6","ginkgo","Poor"
"200472","40.75743006","-73.98252228","4","ginkgo","Fair"
"200339","40.75619437","-73.98345595","9","ginkgo","Good"
"178647","40.74551263","-73.98024979","6","ginkgo","Poor"
"200336","40.75632692","-73.98377078","10","ginkgo","Good"
"201411","40.7230405","-73.99036881","17","honeylocust","Good"
"203269","40.73269717","-73.98480835","8","honeylocust","Good"
"192355","40.75406262","-73.98706282","8","Callery pear","Fair"
"191719","40.73927645","-73.9844601","4","honeylocust","Good"
"197893","40.74929289","-73.97566589","8","honeylocust","Good"
"197895","40.74908457","-73.97581787","8","honeylocust","Good"
"200335","40.7563793","-73.9838952","11","ginkgo","Good"
"191269","40.73927037","-73.98396002","12","ginkgo","Good"
"192812","40.73991341","-74.00489247","5","pin oak","Good"
